package_name,package_version,country,download_date,download_count
simba-uw-tf-dev,1.60.7,US,2026-09-26,1
simba-uw-tf-dev,1.81.5,US,2026-09-26,1
simba-uw-tf-dev,1.85.3,US,2026-09-26,1
simba-uw-tf-dev,1.88.4,US,2026-09-26,1
simba-uw-tf-dev,1.89.3,US,2026-09-26,1
simba-uw-tf-dev,1.96.2,US,2026-09-26,1
simba-uw-tf-dev,2.3.7,US,2026-09-26,1
simba-uw-tf-dev,2.5.7,US,2026-09-26,1
simba-uw-tf-dev,2.5.8,US,2026-09-26,1
simba-uw-tf-dev,3.5.1,US,2026-09-26,1
simba-uw-tf-dev,3.5.2,US,2026-09-26,1
simba-uw-tf-dev,4.0.5,US,2026-09-26,1
simba-uw-tf-dev,5.5.7,AU,2026-09-26,1
simba-uw-tf-dev,5.5.7,FR,2026-09-26,1
simba-uw-tf-dev,5.5.7,JP,2026-09-26,4
simba-uw-tf-dev,5.5.7,NO,2026-09-26,2
simba-uw-tf-dev,5.5.7,SE,2026-09-26,2
simba-uw-tf-dev,5.5.7,US,2026-09-26,9
simba-uw-tf-dev,5.5.8,FR,2026-09-26,4
simba-uw-tf-dev,5.5.8,JP,2026-09-26,4
simba-uw-tf-dev,5.5.8,RU,2026-09-26,2
simba-uw-tf-dev,5.5.8,SE,2026-09-26,2
simba-uw-tf-dev,5.5.8,US,2026-09-26,10
simba-uw-tf-dev,0.0.1,HK,2026-09-25,2
simba-uw-tf-dev,0.4,HK,2026-09-25,2
simba-uw-tf-dev,0.4.1,US,2026-09-25,3
simba-uw-tf-dev,0.57,HK,2026-09-25,1
simba-uw-tf-dev,0.70,HK,2026-09-25,2
simba-uw-tf-dev,0.71,HK,2026-09-25,2
simba-uw-tf-dev,0.72,HK,2026-09-25,2
simba-uw-tf-dev,0.73,HK,2026-09-25,2
simba-uw-tf-dev,0.76.1,HK,2026-09-25,2
simba-uw-tf-dev,0.76.2,HK,2026-09-25,2
simba-uw-tf-dev,0.76.3,HK,2026-09-25,2
simba-uw-tf-dev,0.76.4,HK,2026-09-25,2
simba-uw-tf-dev,0.76.4,US,2026-09-25,1
simba-uw-tf-dev,0.76.5,HK,2026-09-25,2
simba-uw-tf-dev,0.76.6,HK,2026-09-25,2
simba-uw-tf-dev,0.76.8,HK,2026-09-25,2
simba-uw-tf-dev,0.76.9,HK,2026-09-25,2
simba-uw-tf-dev,0.77,HK,2026-09-25,2
simba-uw-tf-dev,0.77.7,US,2026-09-25,1
simba-uw-tf-dev,0.87.4,US,2026-09-25,1
simba-uw-tf-dev,0.98.4,US,2026-09-25,1
simba-uw-tf-dev,0.98.6,HK,2026-09-25,2
simba-uw-tf-dev,0.98.7,HK,2026-09-25,2
simba-uw-tf-dev,0.98.8,HK,2026-09-25,2
simba-uw-tf-dev,0.98.8,US,2026-09-25,1
simba-uw-tf-dev,0.98.9,HK,2026-09-25,2
simba-uw-tf-dev,0.99.0,HK,2026-09-25,2
simba-uw-tf-dev,0.99.1,HK,2026-09-25,2
simba-uw-tf-dev,0.99.2,HK,2026-09-25,2
simba-uw-tf-dev,0.99.3,HK,2026-09-25,2
simba-uw-tf-dev,0.99.4,HK,2026-09-25,2
simba-uw-tf-dev,0.99.5,HK,2026-09-25,2
simba-uw-tf-dev,0.99.6,HK,2026-09-25,2
simba-uw-tf-dev,0.99.7,HK,2026-09-25,2
simba-uw-tf-dev,0.99.8,HK,2026-09-25,2
simba-uw-tf-dev,0.99.9,HK,2026-09-25,2
simba-uw-tf-dev,1.0.1,HK,2026-09-25,2
simba-uw-tf-dev,1.0.2,HK,2026-09-25,2
simba-uw-tf-dev,1.0.3,HK,2026-09-25,2
simba-uw-tf-dev,1.0.4,HK,2026-09-25,2
simba-uw-tf-dev,1.0.5,HK,2026-09-25,2
simba-uw-tf-dev,1.0.6,HK,2026-09-25,2
simba-uw-tf-dev,1.0.7,HK,2026-09-25,2
simba-uw-tf-dev,1.0.8,HK,2026-09-25,2
simba-uw-tf-dev,1.0.9,HK,2026-09-25,2
simba-uw-tf-dev,1.1.0,HK,2026-09-25,2
simba-uw-tf-dev,1.1.1,HK,2026-09-25,2
simba-uw-tf-dev,1.1.2,HK,2026-09-25,2
simba-uw-tf-dev,1.1.3,HK,2026-09-25,2
simba-uw-tf-dev,1.1.4,HK,2026-09-25,2
simba-uw-tf-dev,1.1.5,HK,2026-09-25,2
simba-uw-tf-dev,1.1.6,HK,2026-09-25,2
simba-uw-tf-dev,1.1.7,HK,2026-09-25,2
simba-uw-tf-dev,1.1.8,HK,2026-09-25,2
simba-uw-tf-dev,1.1.9,HK,2026-09-25,2
simba-uw-tf-dev,1.2.0,HK,2026-09-25,2
simba-uw-tf-dev,1.2.1,HK,2026-09-25,2
simba-uw-tf-dev,1.2.2,HK,2026-09-25,2
simba-uw-tf-dev,1.2.3,HK,2026-09-25,2
simba-uw-tf-dev,1.2.4,HK,2026-09-25,2
simba-uw-tf-dev,1.2.5,HK,2026-09-25,2
simba-uw-tf-dev,1.2.6,HK,2026-09-25,2
simba-uw-tf-dev,1.2.7,HK,2026-09-25,2
simba-uw-tf-dev,1.2.8,HK,2026-09-25,2
simba-uw-tf-dev,1.2.9,HK,2026-09-25,2
simba-uw-tf-dev,1.21.1,HK,2026-09-25,2
simba-uw-tf-dev,1.21.2,HK,2026-09-25,2
simba-uw-tf-dev,1.21.3,HK,2026-09-25,2
simba-uw-tf-dev,1.21.4,HK,2026-09-25,2
simba-uw-tf-dev,1.21.5,HK,2026-09-25,2
simba-uw-tf-dev,1.21.6,HK,2026-09-25,2
simba-uw-tf-dev,1.21.7,HK,2026-09-25,2
simba-uw-tf-dev,1.21.8,HK,2026-09-25,2
simba-uw-tf-dev,1.22.1,HK,2026-09-25,2
simba-uw-tf-dev,1.22.2,HK,2026-09-25,2
simba-uw-tf-dev,1.22.3,HK,2026-09-25,2
simba-uw-tf-dev,1.22.4,HK,2026-09-25,2
simba-uw-tf-dev,1.22.5,HK,2026-09-25,2
simba-uw-tf-dev,1.22.6,HK,2026-09-25,2
simba-uw-tf-dev,1.22.7,HK,2026-09-25,2
simba-uw-tf-dev,1.22.8,HK,2026-09-25,2
simba-uw-tf-dev,1.22.9,HK,2026-09-25,2
simba-uw-tf-dev,1.30.1,HK,2026-09-25,2
simba-uw-tf-dev,1.30.2,HK,2026-09-25,2
simba-uw-tf-dev,1.30.3,HK,2026-09-25,2
simba-uw-tf-dev,1.30.6,HK,2026-09-25,2
simba-uw-tf-dev,1.30.8,HK,2026-09-25,2
simba-uw-tf-dev,1.30.9,HK,2026-09-25,2
simba-uw-tf-dev,1.31.1,FR,2026-09-25,1
simba-uw-tf-dev,1.31.5,US,2026-09-25,1
simba-uw-tf-dev,1.32.1,HK,2026-09-25,2
simba-uw-tf-dev,1.32.2,HK,2026-09-25,2
simba-uw-tf-dev,1.32.3,HK,2026-09-25,2
simba-uw-tf-dev,1.32.4,HK,2026-09-25,2
simba-uw-tf-dev,1.32.5,HK,2026-09-25,2
simba-uw-tf-dev,1.32.6,HK,2026-09-25,2
simba-uw-tf-dev,1.32.7,HK,2026-09-25,2
simba-uw-tf-dev,1.32.8,HK,2026-09-25,2
simba-uw-tf-dev,1.32.9,HK,2026-09-25,2
simba-uw-tf-dev,1.33.1,HK,2026-09-25,2
simba-uw-tf-dev,1.33.2,HK,2026-09-25,2
simba-uw-tf-dev,1.33.3,HK,2026-09-25,2
simba-uw-tf-dev,1.33.4,HK,2026-09-25,2
simba-uw-tf-dev,1.33.5,HK,2026-09-25,2
simba-uw-tf-dev,1.33.6,HK,2026-09-25,2
simba-uw-tf-dev,1.33.7,HK,2026-09-25,2
simba-uw-tf-dev,1.33.8,HK,2026-09-25,2
simba-uw-tf-dev,1.33.9,HK,2026-09-25,2
simba-uw-tf-dev,1.40.0,HK,2026-09-25,2
simba-uw-tf-dev,1.40.1,HK,2026-09-25,2
simba-uw-tf-dev,1.40.1,US,2026-09-25,1
simba-uw-tf-dev,1.40.2,HK,2026-09-25,2
simba-uw-tf-dev,1.40.4,HK,2026-09-25,2
simba-uw-tf-dev,1.40.4,US,2026-09-25,1
simba-uw-tf-dev,1.40.5,HK,2026-09-25,2
simba-uw-tf-dev,1.40.6,HK,2026-09-25,2
simba-uw-tf-dev,1.40.7,HK,2026-09-25,2
simba-uw-tf-dev,1.40.7,US,2026-09-25,1
simba-uw-tf-dev,1.40.8,HK,2026-09-25,2
simba-uw-tf-dev,1.40.9,HK,2026-09-25,2
simba-uw-tf-dev,1.50.1,HK,2026-09-25,2
simba-uw-tf-dev,1.50.2,HK,2026-09-25,2
simba-uw-tf-dev,1.50.3,HK,2026-09-25,2
simba-uw-tf-dev,1.50.4,HK,2026-09-25,2
simba-uw-tf-dev,1.50.5,HK,2026-09-25,2
simba-uw-tf-dev,1.50.5,US,2026-09-25,1
simba-uw-tf-dev,1.50.6,HK,2026-09-25,2
simba-uw-tf-dev,1.50.7,HK,2026-09-25,2
simba-uw-tf-dev,1.50.8,HK,2026-09-25,2
simba-uw-tf-dev,1.50.9,HK,2026-09-25,2
simba-uw-tf-dev,1.51.1,HK,2026-09-25,2
simba-uw-tf-dev,1.51.2,HK,2026-09-25,2
simba-uw-tf-dev,1.51.2,US,2026-09-25,1
simba-uw-tf-dev,1.51.3,HK,2026-09-25,2
simba-uw-tf-dev,1.51.4,HK,2026-09-25,2
simba-uw-tf-dev,1.51.5,HK,2026-09-25,2
simba-uw-tf-dev,1.51.6,HK,2026-09-25,2
simba-uw-tf-dev,1.51.7,HK,2026-09-25,2
simba-uw-tf-dev,1.51.8,HK,2026-09-25,2
simba-uw-tf-dev,1.51.9,HK,2026-09-25,2
simba-uw-tf-dev,1.52.1,HK,2026-09-25,2
simba-uw-tf-dev,1.52.2,HK,2026-09-25,2
simba-uw-tf-dev,1.52.3,HK,2026-09-25,2
simba-uw-tf-dev,1.52.4,HK,2026-09-25,2
simba-uw-tf-dev,1.52.9,HK,2026-09-25,2
simba-uw-tf-dev,1.52.91,HK,2026-09-25,2
simba-uw-tf-dev,1.52.92,HK,2026-09-25,2
simba-uw-tf-dev,1.52.92,US,2026-09-25,1
simba-uw-tf-dev,1.53.1,HK,2026-09-25,2
simba-uw-tf-dev,1.53.2,HK,2026-09-25,2
simba-uw-tf-dev,1.53.3,HK,2026-09-25,2
simba-uw-tf-dev,1.53.4,HK,2026-09-25,2
simba-uw-tf-dev,1.53.5,HK,2026-09-25,2
simba-uw-tf-dev,1.53.6,HK,2026-09-25,2
simba-uw-tf-dev,1.53.7,HK,2026-09-25,2
simba-uw-tf-dev,1.53.8,HK,2026-09-25,2
simba-uw-tf-dev,1.53.9,HK,2026-09-25,2
simba-uw-tf-dev,1.54.1,HK,2026-09-25,2
simba-uw-tf-dev,1.54.2,HK,2026-09-25,2
simba-uw-tf-dev,1.54.3,HK,2026-09-25,2
simba-uw-tf-dev,1.54.4,HK,2026-09-25,2
simba-uw-tf-dev,1.54.5,HK,2026-09-25,2
simba-uw-tf-dev,1.54.6,HK,2026-09-25,2
simba-uw-tf-dev,1.54.7,HK,2026-09-25,2
simba-uw-tf-dev,1.54.8,HK,2026-09-25,2
simba-uw-tf-dev,1.54.8,US,2026-09-25,1
simba-uw-tf-dev,1.54.9,HK,2026-09-25,2
simba-uw-tf-dev,1.55.1,HK,2026-09-25,2
simba-uw-tf-dev,1.55.2,HK,2026-09-25,2
simba-uw-tf-dev,1.55.3,HK,2026-09-25,2
simba-uw-tf-dev,1.55.3,US,2026-09-25,1
simba-uw-tf-dev,1.55.4,HK,2026-09-25,2
simba-uw-tf-dev,1.55.5,HK,2026-09-25,2
simba-uw-tf-dev,1.55.6,HK,2026-09-25,2
simba-uw-tf-dev,1.55.7,HK,2026-09-25,2
simba-uw-tf-dev,1.55.8,HK,2026-09-25,2
simba-uw-tf-dev,1.55.9,HK,2026-09-25,2
simba-uw-tf-dev,1.56.1,HK,2026-09-25,2
simba-uw-tf-dev,1.56.1,US,2026-09-25,1
simba-uw-tf-dev,1.56.2,HK,2026-09-25,2
simba-uw-tf-dev,1.56.2,US,2026-09-25,1
simba-uw-tf-dev,1.56.3,HK,2026-09-25,2
simba-uw-tf-dev,1.56.4,HK,2026-09-25,2
simba-uw-tf-dev,1.56.5,HK,2026-09-25,2
simba-uw-tf-dev,1.56.7,HK,2026-09-25,2
simba-uw-tf-dev,1.56.8,HK,2026-09-25,2
simba-uw-tf-dev,1.56.9,HK,2026-09-25,2
simba-uw-tf-dev,1.57.2,HK,2026-09-25,2
simba-uw-tf-dev,1.57.3,HK,2026-09-25,2
simba-uw-tf-dev,1.57.4,HK,2026-09-25,2
simba-uw-tf-dev,1.57.5,HK,2026-09-25,2
simba-uw-tf-dev,1.57.6,HK,2026-09-25,2
simba-uw-tf-dev,1.57.8,HK,2026-09-25,2
simba-uw-tf-dev,1.57.9,HK,2026-09-25,2
simba-uw-tf-dev,1.58.1,HK,2026-09-25,2
simba-uw-tf-dev,1.58.2,HK,2026-09-25,2
simba-uw-tf-dev,1.58.3,HK,2026-09-25,2
simba-uw-tf-dev,1.58.4,HK,2026-09-25,2
simba-uw-tf-dev,1.58.5,HK,2026-09-25,2
simba-uw-tf-dev,1.58.5,US,2026-09-25,1
simba-uw-tf-dev,1.58.6,HK,2026-09-25,2
simba-uw-tf-dev,1.58.7,HK,2026-09-25,2
simba-uw-tf-dev,1.58.8,HK,2026-09-25,2
simba-uw-tf-dev,1.58.9,HK,2026-09-25,2
simba-uw-tf-dev,1.59.1,HK,2026-09-25,2
simba-uw-tf-dev,1.59.2,HK,2026-09-25,2
simba-uw-tf-dev,1.59.3,HK,2026-09-25,2
simba-uw-tf-dev,1.59.4,HK,2026-09-25,2
simba-uw-tf-dev,1.59.4,US,2026-09-25,1
simba-uw-tf-dev,1.59.7,US,2026-09-25,1
simba-uw-tf-dev,1.60.1,HK,2026-09-25,2
simba-uw-tf-dev,1.60.1,US,2026-09-25,1
simba-uw-tf-dev,1.60.2,HK,2026-09-25,2
simba-uw-tf-dev,1.60.3,HK,2026-09-25,2
simba-uw-tf-dev,1.60.4,HK,2026-09-25,2
simba-uw-tf-dev,1.60.5,HK,2026-09-25,2
simba-uw-tf-dev,1.60.6,HK,2026-09-25,2
simba-uw-tf-dev,1.60.7,HK,2026-09-25,2
simba-uw-tf-dev,1.60.9,HK,2026-09-25,2
simba-uw-tf-dev,1.61.1,HK,2026-09-25,2
simba-uw-tf-dev,1.61.2,HK,2026-09-25,2
simba-uw-tf-dev,1.61.3,HK,2026-09-25,2
simba-uw-tf-dev,1.61.4,HK,2026-09-25,2
simba-uw-tf-dev,1.61.5,HK,2026-09-25,2
simba-uw-tf-dev,1.61.6,HK,2026-09-25,2
simba-uw-tf-dev,1.61.6,US,2026-09-25,1
simba-uw-tf-dev,1.61.7,HK,2026-09-25,2
simba-uw-tf-dev,1.61.8,HK,2026-09-25,2
simba-uw-tf-dev,1.61.9,HK,2026-09-25,2
simba-uw-tf-dev,1.62.1,HK,2026-09-25,2
simba-uw-tf-dev,1.62.2,HK,2026-09-25,2
simba-uw-tf-dev,1.62.3,HK,2026-09-25,2
simba-uw-tf-dev,1.62.4,HK,2026-09-25,2
simba-uw-tf-dev,1.62.5,HK,2026-09-25,2
simba-uw-tf-dev,1.62.6,HK,2026-09-25,2
simba-uw-tf-dev,1.62.7,HK,2026-09-25,2
simba-uw-tf-dev,1.62.8,HK,2026-09-25,2
simba-uw-tf-dev,1.62.9,HK,2026-09-25,2
simba-uw-tf-dev,1.63.1,HK,2026-09-25,2
simba-uw-tf-dev,1.63.2,HK,2026-09-25,2
simba-uw-tf-dev,1.63.3,HK,2026-09-25,2
simba-uw-tf-dev,1.63.4,HK,2026-09-25,2
simba-uw-tf-dev,1.63.4,US,2026-09-25,1
simba-uw-tf-dev,1.63.5,HK,2026-09-25,2
simba-uw-tf-dev,1.63.6,HK,2026-09-25,2
simba-uw-tf-dev,1.63.6,US,2026-09-25,1
simba-uw-tf-dev,1.63.7,HK,2026-09-25,2
simba-uw-tf-dev,1.63.8,HK,2026-09-25,2
simba-uw-tf-dev,1.63.9,HK,2026-09-25,2
simba-uw-tf-dev,1.64.1,HK,2026-09-25,2
simba-uw-tf-dev,1.64.2,HK,2026-09-25,2
simba-uw-tf-dev,1.64.2,US,2026-09-25,1
simba-uw-tf-dev,1.64.3,HK,2026-09-25,2
simba-uw-tf-dev,1.64.4,HK,2026-09-25,2
simba-uw-tf-dev,1.64.5,HK,2026-09-25,2
simba-uw-tf-dev,1.64.6,HK,2026-09-25,2
simba-uw-tf-dev,1.64.7,HK,2026-09-25,2
simba-uw-tf-dev,1.64.8,HK,2026-09-25,2
simba-uw-tf-dev,1.64.8,US,2026-09-25,1
simba-uw-tf-dev,1.64.9,HK,2026-09-25,2
simba-uw-tf-dev,1.65.1,HK,2026-09-25,2
simba-uw-tf-dev,1.65.2,HK,2026-09-25,2
simba-uw-tf-dev,1.65.3,HK,2026-09-25,2
simba-uw-tf-dev,1.65.4,HK,2026-09-25,2
simba-uw-tf-dev,1.65.5,HK,2026-09-25,2
simba-uw-tf-dev,1.65.5,US,2026-09-25,1
simba-uw-tf-dev,1.65.6,HK,2026-09-25,2
simba-uw-tf-dev,1.65.6,US,2026-09-25,1
simba-uw-tf-dev,1.65.7,HK,2026-09-25,2
simba-uw-tf-dev,1.65.7,US,2026-09-25,1
simba-uw-tf-dev,1.65.8,HK,2026-09-25,2
simba-uw-tf-dev,1.65.9,HK,2026-09-25,2
simba-uw-tf-dev,1.70.1,HK,2026-09-25,2
simba-uw-tf-dev,1.70.2,HK,2026-09-25,2
simba-uw-tf-dev,1.70.3,HK,2026-09-25,2
simba-uw-tf-dev,1.70.4,HK,2026-09-25,2
simba-uw-tf-dev,1.70.5,HK,2026-09-25,2
simba-uw-tf-dev,1.70.6,HK,2026-09-25,3
simba-uw-tf-dev,1.70.7,HK,2026-09-25,2
simba-uw-tf-dev,1.70.7,US,2026-09-25,1
simba-uw-tf-dev,1.70.8,HK,2026-09-25,2
simba-uw-tf-dev,1.70.9,HK,2026-09-25,2
simba-uw-tf-dev,1.71.1,HK,2026-09-25,2
simba-uw-tf-dev,1.71.2,HK,2026-09-25,2
simba-uw-tf-dev,1.71.3,HK,2026-09-25,2
simba-uw-tf-dev,1.71.4,HK,2026-09-25,2
simba-uw-tf-dev,1.71.5,HK,2026-09-25,2
simba-uw-tf-dev,1.71.5,US,2026-09-25,1
simba-uw-tf-dev,1.71.6,HK,2026-09-25,2
simba-uw-tf-dev,1.71.7,HK,2026-09-25,2
simba-uw-tf-dev,1.71.8,HK,2026-09-25,2
simba-uw-tf-dev,1.71.9,HK,2026-09-25,2
simba-uw-tf-dev,1.72.1,HK,2026-09-25,2
simba-uw-tf-dev,1.72.1,US,2026-09-25,1
simba-uw-tf-dev,1.72.2,HK,2026-09-25,2
simba-uw-tf-dev,1.72.3,HK,2026-09-25,2
simba-uw-tf-dev,1.72.4,HK,2026-09-25,2
simba-uw-tf-dev,1.72.5,HK,2026-09-25,2
simba-uw-tf-dev,1.72.6,HK,2026-09-25,2
simba-uw-tf-dev,1.72.7,HK,2026-09-25,2
simba-uw-tf-dev,1.72.8,HK,2026-09-25,2
simba-uw-tf-dev,1.73.1,HK,2026-09-25,2
simba-uw-tf-dev,1.73.2,HK,2026-09-25,2
simba-uw-tf-dev,1.73.3,HK,2026-09-25,2
simba-uw-tf-dev,1.73.5,HK,2026-09-25,2
simba-uw-tf-dev,1.73.6,HK,2026-09-25,2
simba-uw-tf-dev,1.73.7,HK,2026-09-25,2
simba-uw-tf-dev,1.73.8,HK,2026-09-25,2
simba-uw-tf-dev,1.73.9,HK,2026-09-25,2
simba-uw-tf-dev,1.74.1,HK,2026-09-25,2
simba-uw-tf-dev,1.74.2,HK,2026-09-25,2
simba-uw-tf-dev,1.74.3,HK,2026-09-25,2
simba-uw-tf-dev,1.74.3,US,2026-09-25,2
simba-uw-tf-dev,1.74.4,HK,2026-09-25,2
simba-uw-tf-dev,1.74.5,HK,2026-09-25,2
simba-uw-tf-dev,1.74.5,US,2026-09-25,1
simba-uw-tf-dev,1.74.6,HK,2026-09-25,2
simba-uw-tf-dev,1.74.7,HK,2026-09-25,2
simba-uw-tf-dev,1.74.8,HK,2026-09-25,2
simba-uw-tf-dev,1.74.9,HK,2026-09-25,2
simba-uw-tf-dev,1.75.1,HK,2026-09-25,2
simba-uw-tf-dev,1.75.2,HK,2026-09-25,2
simba-uw-tf-dev,1.75.3,HK,2026-09-25,2
simba-uw-tf-dev,1.75.3,US,2026-09-25,1
simba-uw-tf-dev,1.75.4,HK,2026-09-25,2
simba-uw-tf-dev,1.75.4,US,2026-09-25,1
simba-uw-tf-dev,1.75.5,HK,2026-09-25,2
simba-uw-tf-dev,1.75.6,HK,2026-09-25,2
simba-uw-tf-dev,1.75.7,HK,2026-09-25,2
simba-uw-tf-dev,1.75.8,HK,2026-09-25,2
simba-uw-tf-dev,1.75.9,HK,2026-09-25,2
simba-uw-tf-dev,1.75.9,US,2026-09-25,1
simba-uw-tf-dev,1.76.1,HK,2026-09-25,2
simba-uw-tf-dev,1.76.2,HK,2026-09-25,2
simba-uw-tf-dev,1.76.3,HK,2026-09-25,2
simba-uw-tf-dev,1.76.4,HK,2026-09-25,2
simba-uw-tf-dev,1.76.5,HK,2026-09-25,2
simba-uw-tf-dev,1.76.6,HK,2026-09-25,2
simba-uw-tf-dev,1.76.7,HK,2026-09-25,2
simba-uw-tf-dev,1.76.7,US,2026-09-25,2
simba-uw-tf-dev,1.76.8,HK,2026-09-25,2
simba-uw-tf-dev,1.76.9,HK,2026-09-25,2
simba-uw-tf-dev,1.77.1,HK,2026-09-25,2
simba-uw-tf-dev,1.77.1,US,2026-09-25,1
simba-uw-tf-dev,1.77.2,HK,2026-09-25,2
simba-uw-tf-dev,1.77.3,HK,2026-09-25,2
simba-uw-tf-dev,1.77.4,HK,2026-09-25,2
simba-uw-tf-dev,1.77.5,HK,2026-09-25,2
simba-uw-tf-dev,1.77.5,US,2026-09-25,1
simba-uw-tf-dev,1.77.6,HK,2026-09-25,2
simba-uw-tf-dev,1.77.7,HK,2026-09-25,2
simba-uw-tf-dev,1.77.8,HK,2026-09-25,2
simba-uw-tf-dev,1.77.9,HK,2026-09-25,2
simba-uw-tf-dev,1.78.1,HK,2026-09-25,2
simba-uw-tf-dev,1.78.2,HK,2026-09-25,2
simba-uw-tf-dev,1.78.2,US,2026-09-25,1
simba-uw-tf-dev,1.78.3,HK,2026-09-25,2
simba-uw-tf-dev,1.78.4,HK,2026-09-25,2
simba-uw-tf-dev,1.78.5,HK,2026-09-25,2
simba-uw-tf-dev,1.78.5,US,2026-09-25,1
simba-uw-tf-dev,1.78.6,HK,2026-09-25,2
simba-uw-tf-dev,1.78.7,HK,2026-09-25,2
simba-uw-tf-dev,1.78.8,HK,2026-09-25,2
simba-uw-tf-dev,1.78.9,HK,2026-09-25,2
simba-uw-tf-dev,1.79.1,HK,2026-09-25,2
simba-uw-tf-dev,1.79.2,HK,2026-09-25,2
simba-uw-tf-dev,1.79.3,HK,2026-09-25,2
simba-uw-tf-dev,1.79.3,US,2026-09-25,1
simba-uw-tf-dev,1.79.4,HK,2026-09-25,2
simba-uw-tf-dev,1.79.4,US,2026-09-25,1
simba-uw-tf-dev,1.79.5,HK,2026-09-25,2
simba-uw-tf-dev,1.79.6,HK,2026-09-25,2
simba-uw-tf-dev,1.79.6,US,2026-09-25,1
simba-uw-tf-dev,1.79.7,HK,2026-09-25,2
simba-uw-tf-dev,1.79.8,HK,2026-09-25,2
simba-uw-tf-dev,1.79.9,HK,2026-09-25,2
simba-uw-tf-dev,1.80.1,HK,2026-09-25,2
simba-uw-tf-dev,1.80.2,HK,2026-09-25,2
simba-uw-tf-dev,1.80.3,HK,2026-09-25,2
simba-uw-tf-dev,1.80.4,HK,2026-09-25,2
simba-uw-tf-dev,1.80.5,HK,2026-09-25,2
simba-uw-tf-dev,1.80.6,HK,2026-09-25,2
simba-uw-tf-dev,1.80.7,HK,2026-09-25,2
simba-uw-tf-dev,1.80.8,HK,2026-09-25,2
simba-uw-tf-dev,1.80.9,HK,2026-09-25,2
simba-uw-tf-dev,1.81.1,HK,2026-09-25,2
simba-uw-tf-dev,1.81.2,HK,2026-09-25,2
simba-uw-tf-dev,1.81.3,HK,2026-09-25,2
simba-uw-tf-dev,1.81.4,HK,2026-09-25,2
simba-uw-tf-dev,1.81.5,HK,2026-09-25,2
simba-uw-tf-dev,1.81.6,HK,2026-09-25,2
simba-uw-tf-dev,1.81.7,HK,2026-09-25,2
simba-uw-tf-dev,1.81.8,HK,2026-09-25,2
simba-uw-tf-dev,1.81.9,HK,2026-09-25,2
simba-uw-tf-dev,1.82.1,HK,2026-09-25,2
simba-uw-tf-dev,1.82.3,HK,2026-09-25,2
simba-uw-tf-dev,1.83.1,HK,2026-09-25,2
simba-uw-tf-dev,1.83.2,HK,2026-09-25,2
simba-uw-tf-dev,1.83.3,HK,2026-09-25,2
simba-uw-tf-dev,1.83.3,US,2026-09-25,1
simba-uw-tf-dev,1.83.4,HK,2026-09-25,2
simba-uw-tf-dev,1.83.5,HK,2026-09-25,2
simba-uw-tf-dev,1.83.6,HK,2026-09-25,2
simba-uw-tf-dev,1.83.7,HK,2026-09-25,2
simba-uw-tf-dev,1.83.8,HK,2026-09-25,2
simba-uw-tf-dev,1.83.9,HK,2026-09-25,2
simba-uw-tf-dev,1.83.9,US,2026-09-25,1
simba-uw-tf-dev,1.84.1,HK,2026-09-25,2
simba-uw-tf-dev,1.84.3,HK,2026-09-25,2
simba-uw-tf-dev,1.84.4,HK,2026-09-25,2
simba-uw-tf-dev,1.84.4,US,2026-09-25,1
simba-uw-tf-dev,1.84.5,HK,2026-09-25,2
simba-uw-tf-dev,1.84.6,HK,2026-09-25,2
simba-uw-tf-dev,1.84.6,US,2026-09-25,1
simba-uw-tf-dev,1.84.7,HK,2026-09-25,2
simba-uw-tf-dev,1.84.8,HK,2026-09-25,2
simba-uw-tf-dev,1.84.9,HK,2026-09-25,2
simba-uw-tf-dev,1.85.1,HK,2026-09-25,2
simba-uw-tf-dev,1.85.2,HK,2026-09-25,2
simba-uw-tf-dev,1.85.3,HK,2026-09-25,2
simba-uw-tf-dev,1.85.4,HK,2026-09-25,2
simba-uw-tf-dev,1.85.5,HK,2026-09-25,2
simba-uw-tf-dev,1.85.6,HK,2026-09-25,2
simba-uw-tf-dev,1.85.7,HK,2026-09-25,2
simba-uw-tf-dev,1.85.8,HK,2026-09-25,2
simba-uw-tf-dev,1.85.9,HK,2026-09-25,2
simba-uw-tf-dev,1.86.1,HK,2026-09-25,2
simba-uw-tf-dev,1.86.2,HK,2026-09-25,2
simba-uw-tf-dev,1.86.3,HK,2026-09-25,2
simba-uw-tf-dev,1.86.4,HK,2026-09-25,2
simba-uw-tf-dev,1.86.6,HK,2026-09-25,2
simba-uw-tf-dev,1.86.7,HK,2026-09-25,2
simba-uw-tf-dev,1.86.7,US,2026-09-25,3
simba-uw-tf-dev,1.87.1,HK,2026-09-25,2
simba-uw-tf-dev,1.87.1,US,2026-09-25,1
simba-uw-tf-dev,1.87.2,HK,2026-09-25,2
simba-uw-tf-dev,1.87.3,HK,2026-09-25,2
simba-uw-tf-dev,1.87.3,US,2026-09-25,1
simba-uw-tf-dev,1.87.4,HK,2026-09-25,2
simba-uw-tf-dev,1.87.5,HK,2026-09-25,2
simba-uw-tf-dev,1.87.6,HK,2026-09-25,2
simba-uw-tf-dev,1.87.7,HK,2026-09-25,2
simba-uw-tf-dev,1.87.8,HK,2026-09-25,2
simba-uw-tf-dev,1.87.9,HK,2026-09-25,2
simba-uw-tf-dev,1.88.1,HK,2026-09-25,2
simba-uw-tf-dev,1.88.2,CN,2026-09-25,4
simba-uw-tf-dev,1.88.2,HK,2026-09-25,2
simba-uw-tf-dev,1.88.3,HK,2026-09-25,2
simba-uw-tf-dev,1.88.4,HK,2026-09-25,2
simba-uw-tf-dev,1.88.4,US,2026-09-25,1
simba-uw-tf-dev,1.88.5,HK,2026-09-25,2
simba-uw-tf-dev,1.88.6,HK,2026-09-25,2
simba-uw-tf-dev,1.88.7,HK,2026-09-25,2
simba-uw-tf-dev,1.88.8,HK,2026-09-25,2
simba-uw-tf-dev,1.88.8,US,2026-09-25,1
simba-uw-tf-dev,1.88.9,HK,2026-09-25,2
simba-uw-tf-dev,1.89.1,HK,2026-09-25,2
simba-uw-tf-dev,1.89.2,HK,2026-09-25,2
simba-uw-tf-dev,1.89.2,US,2026-09-25,1
simba-uw-tf-dev,1.89.3,HK,2026-09-25,2
simba-uw-tf-dev,1.89.4,HK,2026-09-25,2
simba-uw-tf-dev,1.89.5,HK,2026-09-25,2
simba-uw-tf-dev,1.89.6,HK,2026-09-25,2
simba-uw-tf-dev,1.89.6,US,2026-09-25,1
simba-uw-tf-dev,1.89.7,HK,2026-09-25,2
simba-uw-tf-dev,1.89.8,HK,2026-09-25,2
simba-uw-tf-dev,1.89.9,HK,2026-09-25,2
simba-uw-tf-dev,1.90.1,HK,2026-09-25,2
simba-uw-tf-dev,1.90.2,HK,2026-09-25,2
simba-uw-tf-dev,1.90.3,HK,2026-09-25,2
simba-uw-tf-dev,1.90.4,HK,2026-09-25,2
simba-uw-tf-dev,1.90.4,US,2026-09-25,1
simba-uw-tf-dev,1.90.5,HK,2026-09-25,2
simba-uw-tf-dev,1.90.5,US,2026-09-25,1
simba-uw-tf-dev,1.90.6,HK,2026-09-25,2
simba-uw-tf-dev,1.90.6,US,2026-09-25,1
simba-uw-tf-dev,1.90.7,HK,2026-09-25,2
simba-uw-tf-dev,1.90.8,HK,2026-09-25,2
simba-uw-tf-dev,1.90.9,HK,2026-09-25,2
simba-uw-tf-dev,1.90.9,US,2026-09-25,1
simba-uw-tf-dev,1.91.1,HK,2026-09-25,2
simba-uw-tf-dev,1.91.2,HK,2026-09-25,2
simba-uw-tf-dev,1.91.2,US,2026-09-25,1
simba-uw-tf-dev,1.91.3,HK,2026-09-25,2
simba-uw-tf-dev,1.91.4,HK,2026-09-25,2
simba-uw-tf-dev,1.91.5,HK,2026-09-25,2
simba-uw-tf-dev,1.91.6,HK,2026-09-25,2
simba-uw-tf-dev,1.91.6,US,2026-09-25,2
simba-uw-tf-dev,1.91.7,HK,2026-09-25,2
simba-uw-tf-dev,1.91.8,HK,2026-09-25,2
simba-uw-tf-dev,1.91.9,HK,2026-09-25,2
simba-uw-tf-dev,1.92.1,HK,2026-09-25,2
simba-uw-tf-dev,1.92.1,US,2026-09-25,1
simba-uw-tf-dev,1.92.2,HK,2026-09-25,2
simba-uw-tf-dev,1.92.3,HK,2026-09-25,2
simba-uw-tf-dev,1.92.4,HK,2026-09-25,2
simba-uw-tf-dev,1.92.5,HK,2026-09-25,2
simba-uw-tf-dev,1.92.7,HK,2026-09-25,2
simba-uw-tf-dev,1.92.8,HK,2026-09-25,2
simba-uw-tf-dev,1.92.9,HK,2026-09-25,2
simba-uw-tf-dev,1.93.1,HK,2026-09-25,2
simba-uw-tf-dev,1.93.1,US,2026-09-25,1
simba-uw-tf-dev,1.93.2,HK,2026-09-25,2
simba-uw-tf-dev,1.93.2,US,2026-09-25,2
simba-uw-tf-dev,1.93.3,HK,2026-09-25,2
simba-uw-tf-dev,1.93.4,HK,2026-09-25,2
simba-uw-tf-dev,1.93.5,HK,2026-09-25,2
simba-uw-tf-dev,1.93.6,HK,2026-09-25,2
simba-uw-tf-dev,1.93.6,US,2026-09-25,1
simba-uw-tf-dev,1.93.7,HK,2026-09-25,2
simba-uw-tf-dev,1.93.8,HK,2026-09-25,2
simba-uw-tf-dev,1.93.9,HK,2026-09-25,2
simba-uw-tf-dev,1.94.1,HK,2026-09-25,2
simba-uw-tf-dev,1.94.2,HK,2026-09-25,2
simba-uw-tf-dev,1.94.2,US,2026-09-25,1
simba-uw-tf-dev,1.94.3,HK,2026-09-25,2
simba-uw-tf-dev,1.94.4,HK,2026-09-25,2
simba-uw-tf-dev,1.94.5,HK,2026-09-25,2
simba-uw-tf-dev,1.94.6,HK,2026-09-25,2
simba-uw-tf-dev,1.94.7,HK,2026-09-25,2
simba-uw-tf-dev,1.94.7,US,2026-09-25,1
simba-uw-tf-dev,1.94.8,HK,2026-09-25,2
simba-uw-tf-dev,1.94.9,HK,2026-09-25,2
simba-uw-tf-dev,1.94.9,US,2026-09-25,1
simba-uw-tf-dev,1.95.1,HK,2026-09-25,2
simba-uw-tf-dev,1.95.2,HK,2026-09-25,2
simba-uw-tf-dev,1.95.3,HK,2026-09-25,1
simba-uw-tf-dev,1.95.4,HK,2026-09-25,2
simba-uw-tf-dev,1.95.4,US,2026-09-25,1
simba-uw-tf-dev,1.95.5,HK,2026-09-25,2
simba-uw-tf-dev,1.95.6,HK,2026-09-25,2
simba-uw-tf-dev,1.95.7,HK,2026-09-25,2
simba-uw-tf-dev,1.95.8,HK,2026-09-25,2
simba-uw-tf-dev,1.95.9,HK,2026-09-25,2
simba-uw-tf-dev,1.96.1,HK,2026-09-25,2
simba-uw-tf-dev,1.96.2,HK,2026-09-25,2
simba-uw-tf-dev,1.96.3,HK,2026-09-25,2
simba-uw-tf-dev,1.96.4,HK,2026-09-25,2
simba-uw-tf-dev,1.96.5,HK,2026-09-25,2
simba-uw-tf-dev,1.96.5,US,2026-09-25,1
simba-uw-tf-dev,1.96.6,HK,2026-09-25,2
simba-uw-tf-dev,1.96.7,HK,2026-09-25,2
simba-uw-tf-dev,1.96.8,HK,2026-09-25,2
simba-uw-tf-dev,1.96.8,US,2026-09-25,1
simba-uw-tf-dev,1.96.9,HK,2026-09-25,2
simba-uw-tf-dev,1.97.1,HK,2026-09-25,2
simba-uw-tf-dev,1.97.2,HK,2026-09-25,2
simba-uw-tf-dev,1.97.2,US,2026-09-25,1
simba-uw-tf-dev,1.97.3,HK,2026-09-25,2
simba-uw-tf-dev,1.97.4,HK,2026-09-25,2
simba-uw-tf-dev,1.97.5,HK,2026-09-25,2
simba-uw-tf-dev,1.97.6,HK,2026-09-25,2
simba-uw-tf-dev,1.97.7,HK,2026-09-25,2
simba-uw-tf-dev,1.97.9,HK,2026-09-25,2
simba-uw-tf-dev,1.98.1,HK,2026-09-25,2
simba-uw-tf-dev,1.98.2,HK,2026-09-25,2
simba-uw-tf-dev,1.98.3,HK,2026-09-25,2
simba-uw-tf-dev,1.98.4,HK,2026-09-25,2
simba-uw-tf-dev,1.98.5,HK,2026-09-25,2
simba-uw-tf-dev,1.98.6,HK,2026-09-25,2
simba-uw-tf-dev,1.98.6,US,2026-09-25,1
simba-uw-tf-dev,1.98.7,HK,2026-09-25,2
simba-uw-tf-dev,1.98.8,HK,2026-09-25,2
simba-uw-tf-dev,1.98.9,HK,2026-09-25,2
simba-uw-tf-dev,1.98.9,US,2026-09-25,1
simba-uw-tf-dev,1.99.1,HK,2026-09-25,2
simba-uw-tf-dev,1.99.2,HK,2026-09-25,2
simba-uw-tf-dev,1.99.3,HK,2026-09-25,2
simba-uw-tf-dev,1.99.4,HK,2026-09-25,2
simba-uw-tf-dev,1.99.5,HK,2026-09-25,2
simba-uw-tf-dev,1.99.6,HK,2026-09-25,2
simba-uw-tf-dev,1.99.7,HK,2026-09-25,2
simba-uw-tf-dev,1.99.7,US,2026-09-25,1
simba-uw-tf-dev,1.99.8,HK,2026-09-25,2
simba-uw-tf-dev,1.99.9,HK,2026-09-25,2
simba-uw-tf-dev,2.0.1,HK,2026-09-25,2
simba-uw-tf-dev,2.0.2,HK,2026-09-25,2
simba-uw-tf-dev,2.0.3,HK,2026-09-25,2
simba-uw-tf-dev,2.0.3,US,2026-09-25,1
simba-uw-tf-dev,2.0.4,HK,2026-09-25,2
simba-uw-tf-dev,2.0.5,HK,2026-09-25,2
simba-uw-tf-dev,2.0.6,HK,2026-09-25,2
simba-uw-tf-dev,2.0.7,HK,2026-09-25,2
simba-uw-tf-dev,2.0.8,HK,2026-09-25,2
simba-uw-tf-dev,2.0.9,HK,2026-09-25,2
simba-uw-tf-dev,2.1.1,HK,2026-09-25,2
simba-uw-tf-dev,2.1.2,HK,2026-09-25,2
simba-uw-tf-dev,2.1.3,HK,2026-09-25,2
simba-uw-tf-dev,2.1.4,HK,2026-09-25,2
simba-uw-tf-dev,2.1.5,HK,2026-09-25,2
simba-uw-tf-dev,2.1.6,HK,2026-09-25,2
simba-uw-tf-dev,2.1.7,HK,2026-09-25,2
simba-uw-tf-dev,2.1.8,HK,2026-09-25,2
simba-uw-tf-dev,2.1.9,HK,2026-09-25,2
simba-uw-tf-dev,2.2.1,HK,2026-09-25,2
simba-uw-tf-dev,2.2.2,HK,2026-09-25,2
simba-uw-tf-dev,2.2.3,HK,2026-09-25,2
simba-uw-tf-dev,2.2.4,HK,2026-09-25,2
simba-uw-tf-dev,2.2.7,HK,2026-09-25,2
simba-uw-tf-dev,2.2.8,HK,2026-09-25,2
simba-uw-tf-dev,2.2.9,HK,2026-09-25,2
simba-uw-tf-dev,2.3.1,HK,2026-09-25,2
simba-uw-tf-dev,2.3.2,HK,2026-09-25,2
simba-uw-tf-dev,2.3.3,HK,2026-09-25,2
simba-uw-tf-dev,2.3.4,HK,2026-09-25,2
simba-uw-tf-dev,2.3.4,US,2026-09-25,1
simba-uw-tf-dev,2.3.5,HK,2026-09-25,2
simba-uw-tf-dev,2.3.6,HK,2026-09-25,2
simba-uw-tf-dev,2.3.7,HK,2026-09-25,2
simba-uw-tf-dev,2.3.8,HK,2026-09-25,2
simba-uw-tf-dev,2.3.9,HK,2026-09-25,2
simba-uw-tf-dev,2.4.1,HK,2026-09-25,2
simba-uw-tf-dev,2.4.1,US,2026-09-25,1
simba-uw-tf-dev,2.4.2,HK,2026-09-25,2
simba-uw-tf-dev,2.4.3,HK,2026-09-25,2
simba-uw-tf-dev,2.4.3,US,2026-09-25,1
simba-uw-tf-dev,2.4.4,HK,2026-09-25,2
simba-uw-tf-dev,2.4.5,HK,2026-09-25,2
simba-uw-tf-dev,2.4.6,HK,2026-09-25,2
simba-uw-tf-dev,2.4.7,HK,2026-09-25,2
simba-uw-tf-dev,2.4.8,HK,2026-09-25,2
simba-uw-tf-dev,2.4.9,HK,2026-09-25,2
simba-uw-tf-dev,2.5.1,HK,2026-09-25,2
simba-uw-tf-dev,2.5.2,HK,2026-09-25,2
simba-uw-tf-dev,2.5.2,US,2026-09-25,1
simba-uw-tf-dev,2.5.3,HK,2026-09-25,2
simba-uw-tf-dev,2.5.4,HK,2026-09-25,2
simba-uw-tf-dev,2.5.5,HK,2026-09-25,2
simba-uw-tf-dev,2.5.6,HK,2026-09-25,2
simba-uw-tf-dev,2.5.7,HK,2026-09-25,2
simba-uw-tf-dev,2.5.8,HK,2026-09-25,2
simba-uw-tf-dev,2.5.9,HK,2026-09-25,2
simba-uw-tf-dev,2.6.1,HK,2026-09-25,2
simba-uw-tf-dev,2.6.2,HK,2026-09-25,2
simba-uw-tf-dev,2.6.3,HK,2026-09-25,2
simba-uw-tf-dev,2.6.4,HK,2026-09-25,2
simba-uw-tf-dev,2.6.5,HK,2026-09-25,2
simba-uw-tf-dev,2.6.6,HK,2026-09-25,2
simba-uw-tf-dev,2.6.7,HK,2026-09-25,2
simba-uw-tf-dev,2.6.8,HK,2026-09-25,2
simba-uw-tf-dev,2.6.9,HK,2026-09-25,2
simba-uw-tf-dev,2.7.1,HK,2026-09-25,2
simba-uw-tf-dev,2.7.1,US,2026-09-25,1
simba-uw-tf-dev,2.7.2,HK,2026-09-25,2
simba-uw-tf-dev,2.7.3,HK,2026-09-25,2
simba-uw-tf-dev,2.7.4,HK,2026-09-25,2
simba-uw-tf-dev,2.7.5,HK,2026-09-25,2
simba-uw-tf-dev,2.7.6,HK,2026-09-25,2
simba-uw-tf-dev,2.7.7,HK,2026-09-25,2
simba-uw-tf-dev,2.7.8,HK,2026-09-25,2
simba-uw-tf-dev,2.7.9,HK,2026-09-25,2
simba-uw-tf-dev,2.7.9,US,2026-09-25,1
simba-uw-tf-dev,2.8.1,HK,2026-09-25,2
simba-uw-tf-dev,2.8.1,US,2026-09-25,1
simba-uw-tf-dev,2.8.2,HK,2026-09-25,2
simba-uw-tf-dev,2.8.3,HK,2026-09-25,2
simba-uw-tf-dev,2.8.4,HK,2026-09-25,2
simba-uw-tf-dev,2.8.5,HK,2026-09-25,2
simba-uw-tf-dev,2.8.6,HK,2026-09-25,2
simba-uw-tf-dev,2.8.7,HK,2026-09-25,2
simba-uw-tf-dev,2.8.7,US,2026-09-25,1
simba-uw-tf-dev,2.8.8,HK,2026-09-25,2
simba-uw-tf-dev,2.8.9,HK,2026-09-25,2
simba-uw-tf-dev,2.8.9,US,2026-09-25,1
simba-uw-tf-dev,2.9.1,HK,2026-09-25,2
simba-uw-tf-dev,2.9.2,HK,2026-09-25,2
simba-uw-tf-dev,2.9.3,HK,2026-09-25,2
simba-uw-tf-dev,2.9.3,US,2026-09-25,1
simba-uw-tf-dev,2.9.4,HK,2026-09-25,2
simba-uw-tf-dev,2.9.4,US,2026-09-25,1
simba-uw-tf-dev,2.9.5,HK,2026-09-25,2
simba-uw-tf-dev,2.9.6,HK,2026-09-25,2
simba-uw-tf-dev,2.9.7,HK,2026-09-25,2
simba-uw-tf-dev,2.9.8,HK,2026-09-25,2
simba-uw-tf-dev,2.9.8,US,2026-09-25,1
simba-uw-tf-dev,2.9.9,HK,2026-09-25,2
simba-uw-tf-dev,3.0.1,HK,2026-09-25,2
simba-uw-tf-dev,3.0.1,US,2026-09-25,1
simba-uw-tf-dev,3.0.2,HK,2026-09-25,2
simba-uw-tf-dev,3.0.2,US,2026-09-25,1
simba-uw-tf-dev,3.0.3,HK,2026-09-25,2
simba-uw-tf-dev,3.0.4,HK,2026-09-25,2
simba-uw-tf-dev,3.0.4,US,2026-09-25,1
simba-uw-tf-dev,3.0.5,HK,2026-09-25,2
simba-uw-tf-dev,3.0.6,HK,2026-09-25,2
simba-uw-tf-dev,3.0.7,HK,2026-09-25,2
simba-uw-tf-dev,3.0.8,HK,2026-09-25,2
simba-uw-tf-dev,3.0.9,HK,2026-09-25,2
simba-uw-tf-dev,3.1.1,HK,2026-09-25,2
simba-uw-tf-dev,3.1.2,HK,2026-09-25,2
simba-uw-tf-dev,3.1.3,HK,2026-09-25,2
simba-uw-tf-dev,3.1.4,HK,2026-09-25,2
simba-uw-tf-dev,3.1.5,HK,2026-09-25,2
simba-uw-tf-dev,3.1.6,HK,2026-09-25,2
simba-uw-tf-dev,3.1.7,HK,2026-09-25,2
simba-uw-tf-dev,3.1.7,US,2026-09-25,1
simba-uw-tf-dev,3.1.8,HK,2026-09-25,2
simba-uw-tf-dev,3.1.9,HK,2026-09-25,2
simba-uw-tf-dev,3.2.1,HK,2026-09-25,2
simba-uw-tf-dev,3.2.2,HK,2026-09-25,2
simba-uw-tf-dev,3.2.3,HK,2026-09-25,2
simba-uw-tf-dev,3.2.3,US,2026-09-25,2
simba-uw-tf-dev,3.2.4,HK,2026-09-25,2
simba-uw-tf-dev,3.2.4,US,2026-09-25,1
simba-uw-tf-dev,3.2.5,HK,2026-09-25,2
simba-uw-tf-dev,3.2.6,HK,2026-09-25,2
simba-uw-tf-dev,3.2.6,US,2026-09-25,1
simba-uw-tf-dev,3.2.7,HK,2026-09-25,2
simba-uw-tf-dev,3.2.8,HK,2026-09-25,2
simba-uw-tf-dev,3.2.9,HK,2026-09-25,2
simba-uw-tf-dev,3.3.1,HK,2026-09-25,2
simba-uw-tf-dev,3.3.2,HK,2026-09-25,2
simba-uw-tf-dev,3.3.2,US,2026-09-25,2
simba-uw-tf-dev,3.3.3,HK,2026-09-25,2
simba-uw-tf-dev,3.3.6,HK,2026-09-25,2
simba-uw-tf-dev,3.3.7,HK,2026-09-25,2
simba-uw-tf-dev,3.3.7,US,2026-09-25,1
simba-uw-tf-dev,3.3.8,HK,2026-09-25,2
simba-uw-tf-dev,3.3.9,HK,2026-09-25,2
simba-uw-tf-dev,3.4.1,HK,2026-09-25,2
simba-uw-tf-dev,3.4.1,US,2026-09-25,1
simba-uw-tf-dev,3.4.2,HK,2026-09-25,2
simba-uw-tf-dev,3.4.3,HK,2026-09-25,2
simba-uw-tf-dev,3.4.4,HK,2026-09-25,2
simba-uw-tf-dev,3.4.4,US,2026-09-25,1
simba-uw-tf-dev,3.4.5,HK,2026-09-25,2
simba-uw-tf-dev,3.4.6,HK,2026-09-25,2
simba-uw-tf-dev,3.4.6,US,2026-09-25,1
simba-uw-tf-dev,3.4.7,HK,2026-09-25,2
simba-uw-tf-dev,3.4.8,HK,2026-09-25,2
simba-uw-tf-dev,3.4.9,HK,2026-09-25,2
simba-uw-tf-dev,3.5.1,HK,2026-09-25,2
simba-uw-tf-dev,3.5.2,HK,2026-09-25,2
simba-uw-tf-dev,3.5.4,HK,2026-09-25,2
simba-uw-tf-dev,3.5.5,HK,2026-09-25,2
simba-uw-tf-dev,3.5.6,HK,2026-09-25,2
simba-uw-tf-dev,3.5.7,HK,2026-09-25,2
simba-uw-tf-dev,3.5.8,HK,2026-09-25,2
simba-uw-tf-dev,3.5.9,HK,2026-09-25,2
simba-uw-tf-dev,3.6.1,HK,2026-09-25,2
simba-uw-tf-dev,3.6.2,HK,2026-09-25,2
simba-uw-tf-dev,3.6.2,US,2026-09-25,1
simba-uw-tf-dev,3.6.3,HK,2026-09-25,2
simba-uw-tf-dev,3.6.4,HK,2026-09-25,2
simba-uw-tf-dev,3.6.5,HK,2026-09-25,2
simba-uw-tf-dev,3.6.6,HK,2026-09-25,2
simba-uw-tf-dev,3.6.7,HK,2026-09-25,2
simba-uw-tf-dev,3.6.7,US,2026-09-25,1
simba-uw-tf-dev,3.6.8,HK,2026-09-25,2
simba-uw-tf-dev,3.6.9,HK,2026-09-25,2
simba-uw-tf-dev,3.7.1,HK,2026-09-25,2
simba-uw-tf-dev,3.7.1,US,2026-09-25,1
simba-uw-tf-dev,3.7.2,HK,2026-09-25,2
simba-uw-tf-dev,3.7.2,US,2026-09-25,1
simba-uw-tf-dev,3.7.3,HK,2026-09-25,2
simba-uw-tf-dev,3.7.4,HK,2026-09-25,2
simba-uw-tf-dev,3.7.4,US,2026-09-25,1
simba-uw-tf-dev,3.7.5,HK,2026-09-25,2
simba-uw-tf-dev,3.7.6,HK,2026-09-25,2
simba-uw-tf-dev,3.7.7,HK,2026-09-25,2
simba-uw-tf-dev,3.7.8,HK,2026-09-25,2
simba-uw-tf-dev,3.7.9,HK,2026-09-25,2
simba-uw-tf-dev,3.7.9,US,2026-09-25,1
simba-uw-tf-dev,3.8.1,HK,2026-09-25,2
simba-uw-tf-dev,3.8.1,US,2026-09-25,1
simba-uw-tf-dev,3.8.2,HK,2026-09-25,2
simba-uw-tf-dev,3.8.3,HK,2026-09-25,2
simba-uw-tf-dev,3.8.4,HK,2026-09-25,2
simba-uw-tf-dev,3.8.5,HK,2026-09-25,2
simba-uw-tf-dev,3.8.6,HK,2026-09-25,2
simba-uw-tf-dev,3.8.7,HK,2026-09-25,2
simba-uw-tf-dev,3.8.8,HK,2026-09-25,2
simba-uw-tf-dev,3.8.9,HK,2026-09-25,2
simba-uw-tf-dev,3.9.2,HK,2026-09-25,2
simba-uw-tf-dev,3.9.3,HK,2026-09-25,2
simba-uw-tf-dev,3.9.3,US,2026-09-25,1
simba-uw-tf-dev,3.9.4,HK,2026-09-25,2
simba-uw-tf-dev,3.9.5,HK,2026-09-25,2
simba-uw-tf-dev,3.9.6,HK,2026-09-25,2
simba-uw-tf-dev,3.9.7,HK,2026-09-25,2
simba-uw-tf-dev,3.9.7,US,2026-09-25,1
simba-uw-tf-dev,3.9.8,HK,2026-09-25,2
simba-uw-tf-dev,3.9.8,US,2026-09-25,1
simba-uw-tf-dev,3.9.9,HK,2026-09-25,2
simba-uw-tf-dev,4.0.1,HK,2026-09-25,2
simba-uw-tf-dev,4.0.1,US,2026-09-25,1
simba-uw-tf-dev,4.0.2,HK,2026-09-25,2
simba-uw-tf-dev,4.0.3,HK,2026-09-25,2
simba-uw-tf-dev,4.0.4,HK,2026-09-25,2
simba-uw-tf-dev,4.0.5,HK,2026-09-25,2
simba-uw-tf-dev,4.0.6,HK,2026-09-25,2
simba-uw-tf-dev,4.0.7,HK,2026-09-25,2
simba-uw-tf-dev,4.0.9,HK,2026-09-25,2
simba-uw-tf-dev,4.1.1,HK,2026-09-25,2
simba-uw-tf-dev,4.1.2,HK,2026-09-25,2
simba-uw-tf-dev,4.1.3,HK,2026-09-25,2
simba-uw-tf-dev,4.1.4,HK,2026-09-25,2
simba-uw-tf-dev,4.1.5,HK,2026-09-25,2
simba-uw-tf-dev,4.1.5,US,2026-09-25,1
simba-uw-tf-dev,4.1.6,HK,2026-09-25,2
simba-uw-tf-dev,4.1.7,HK,2026-09-25,2
simba-uw-tf-dev,4.1.8,HK,2026-09-25,2
simba-uw-tf-dev,4.1.9,HK,2026-09-25,2
simba-uw-tf-dev,4.2.1,HK,2026-09-25,2
simba-uw-tf-dev,4.2.2,HK,2026-09-25,2
simba-uw-tf-dev,4.2.3,HK,2026-09-25,2
simba-uw-tf-dev,4.2.4,HK,2026-09-25,2
simba-uw-tf-dev,4.2.5,HK,2026-09-25,2
simba-uw-tf-dev,4.2.5,US,2026-09-25,1
simba-uw-tf-dev,4.2.6,HK,2026-09-25,2
simba-uw-tf-dev,4.2.8,US,2026-09-25,1
simba-uw-tf-dev,4.2.9,US,2026-09-25,1
simba-uw-tf-dev,4.3.1,US,2026-09-25,1
simba-uw-tf-dev,4.4.6,US,2026-09-25,1
simba-uw-tf-dev,4.4.9,US,2026-09-25,1
simba-uw-tf-dev,4.5.7,US,2026-09-25,1
simba-uw-tf-dev,4.5.8,HK,2026-09-25,1
simba-uw-tf-dev,4.6.1,US,2026-09-25,1
simba-uw-tf-dev,4.6.3,US,2026-09-25,2
simba-uw-tf-dev,4.6.4,US,2026-09-25,1
simba-uw-tf-dev,4.6.7,US,2026-09-25,1
simba-uw-tf-dev,4.7.2,US,2026-09-25,1
simba-uw-tf-dev,4.8.4,US,2026-09-25,1
simba-uw-tf-dev,4.8.8,US,2026-09-25,1
simba-uw-tf-dev,4.9.4,US,2026-09-25,1
simba-uw-tf-dev,4.9.6,US,2026-09-25,1
simba-uw-tf-dev,5.2.7,US,2026-09-25,1
simba-uw-tf-dev,5.2.9,US,2026-09-25,1
simba-uw-tf-dev,5.3.2,US,2026-09-25,1
simba-uw-tf-dev,5.3.4,US,2026-09-25,1
simba-uw-tf-dev,5.3.6,US,2026-09-25,1
simba-uw-tf-dev,5.3.9,US,2026-09-25,1
simba-uw-tf-dev,5.5.2,KR,2026-09-25,2
simba-uw-tf-dev,5.5.3,KR,2026-09-25,2
simba-uw-tf-dev,5.5.4,KR,2026-09-25,2
simba-uw-tf-dev,5.5.5,KR,2026-09-25,2
simba-uw-tf-dev,5.5.6,KR,2026-09-25,2
simba-uw-tf-dev,5.5.7,AU,2026-09-25,2
simba-uw-tf-dev,5.5.7,CN,2026-09-25,2
simba-uw-tf-dev,5.5.7,DE,2026-09-25,2
simba-uw-tf-dev,5.5.7,DK,2026-09-25,2
simba-uw-tf-dev,5.5.7,FR,2026-09-25,3
simba-uw-tf-dev,5.5.7,HK,2026-09-25,2
simba-uw-tf-dev,5.5.7,JP,2026-09-25,4
simba-uw-tf-dev,5.5.7,KR,2026-09-25,2
simba-uw-tf-dev,5.5.7,PL,2026-09-25,2
simba-uw-tf-dev,5.5.7,US,2026-09-25,5
simba-uw-tf-dev,5.5.8,CA,2026-09-25,1
simba-uw-tf-dev,5.5.8,CN,2026-09-25,3
simba-uw-tf-dev,5.5.8,DE,2026-09-25,1
simba-uw-tf-dev,5.5.8,DK,2026-09-25,2
simba-uw-tf-dev,5.5.8,ES,2026-09-25,2
simba-uw-tf-dev,5.5.8,FR,2026-09-25,3
simba-uw-tf-dev,5.5.8,HK,2026-09-25,6
simba-uw-tf-dev,5.5.8,IT,2026-09-25,1
simba-uw-tf-dev,5.5.8,JP,2026-09-25,4
simba-uw-tf-dev,5.5.8,KR,2026-09-25,4
simba-uw-tf-dev,5.5.8,NL,2026-09-25,3
simba-uw-tf-dev,5.5.8,SG,2026-09-25,4
simba-uw-tf-dev,5.5.8,US,2026-09-25,22
simba-uw-tf-dev,0.79.1,US,2026-09-24,1
simba-uw-tf-dev,0.89.1,US,2026-09-24,1
simba-uw-tf-dev,0.89.7,US,2026-09-24,1
simba-uw-tf-dev,0.95.4,US,2026-09-24,1
simba-uw-tf-dev,0.98.6,US,2026-09-24,1
simba-uw-tf-dev,1.21.8,US,2026-09-24,1
simba-uw-tf-dev,1.40.9,US,2026-09-24,1
simba-uw-tf-dev,1.55.1,US,2026-09-24,1
simba-uw-tf-dev,1.63.9,US,2026-09-24,1
simba-uw-tf-dev,1.64.3,US,2026-09-24,1
simba-uw-tf-dev,1.73.9,CN,2026-09-24,4
simba-uw-tf-dev,1.82.1,US,2026-09-24,1
simba-uw-tf-dev,1.82.9,US,2026-09-24,1
simba-uw-tf-dev,1.88.1,HK,2026-09-24,1
simba-uw-tf-dev,1.88.2,CN,2026-09-24,4
simba-uw-tf-dev,1.93.8,US,2026-09-24,1
simba-uw-tf-dev,1.95.4,US,2026-09-24,1
simba-uw-tf-dev,3.3.8,US,2026-09-24,1
simba-uw-tf-dev,5.5.3,DE,2026-09-24,5
simba-uw-tf-dev,5.5.5,KR,2026-09-24,1
simba-uw-tf-dev,5.5.5,US,2026-09-24,1
simba-uw-tf-dev,5.5.6,KR,2026-09-24,1
simba-uw-tf-dev,5.5.7,AU,2026-09-24,1
simba-uw-tf-dev,5.5.7,CA,2026-09-24,2
simba-uw-tf-dev,5.5.7,CN,2026-09-24,3
simba-uw-tf-dev,5.5.7,DE,2026-09-24,1
simba-uw-tf-dev,5.5.7,DK,2026-09-24,2
simba-uw-tf-dev,5.5.7,FR,2026-09-24,5
simba-uw-tf-dev,5.5.7,GB,2026-09-24,1
simba-uw-tf-dev,5.5.7,HK,2026-09-24,3
simba-uw-tf-dev,5.5.7,IL,2026-09-24,1
simba-uw-tf-dev,5.5.7,NL,2026-09-24,3
simba-uw-tf-dev,5.5.7,PH,2026-09-24,1
simba-uw-tf-dev,5.5.7,RU,2026-09-24,2
simba-uw-tf-dev,5.5.7,TW,2026-09-24,2
simba-uw-tf-dev,5.5.7,US,2026-09-24,25
simba-uw-tf-dev,5.5.8,AU,2026-09-24,2
simba-uw-tf-dev,5.5.8,CN,2026-09-24,15
simba-uw-tf-dev,5.5.8,CZ,2026-09-24,1
simba-uw-tf-dev,5.5.8,DE,2026-09-24,17
simba-uw-tf-dev,5.5.8,DK,2026-09-24,2
simba-uw-tf-dev,5.5.8,ES,2026-09-24,1
simba-uw-tf-dev,5.5.8,FR,2026-09-24,1
simba-uw-tf-dev,5.5.8,GB,2026-09-24,6
simba-uw-tf-dev,5.5.8,HK,2026-09-24,6
simba-uw-tf-dev,5.5.8,IE,2026-09-24,2
simba-uw-tf-dev,5.5.8,IN,2026-09-24,1
simba-uw-tf-dev,5.5.8,JP,2026-09-24,4
simba-uw-tf-dev,5.5.8,KR,2026-09-24,3
simba-uw-tf-dev,5.5.8,LT,2026-09-24,1
simba-uw-tf-dev,5.5.8,LV,2026-09-24,2
simba-uw-tf-dev,5.5.8,NL,2026-09-24,4
simba-uw-tf-dev,5.5.8,NP,2026-09-24,1
simba-uw-tf-dev,5.5.8,RU,2026-09-24,5
simba-uw-tf-dev,5.5.8,SG,2026-09-24,8
simba-uw-tf-dev,5.5.8,US,2026-09-24,93
simba-uw-tf-dev,0.3,HK,2026-09-23,1
simba-uw-tf-dev,0.76.1,FR,2026-09-23,1
simba-uw-tf-dev,0.84.0,US,2026-09-23,1
simba-uw-tf-dev,0.84.6,US,2026-09-23,1
simba-uw-tf-dev,0.92.6,HK,2026-09-23,1
simba-uw-tf-dev,0.92.6,US,2026-09-23,1
simba-uw-tf-dev,0.92.9,US,2026-09-23,1
simba-uw-tf-dev,0.98.2,US,2026-09-23,1
simba-uw-tf-dev,0.98.6,US,2026-09-23,1
simba-uw-tf-dev,1.1.9,US,2026-09-23,1
simba-uw-tf-dev,1.22.5,US,2026-09-23,1
simba-uw-tf-dev,1.31.6,HK,2026-09-23,1
simba-uw-tf-dev,1.32.8,US,2026-09-23,1
simba-uw-tf-dev,1.40.8,US,2026-09-23,1
simba-uw-tf-dev,1.60.7,US,2026-09-23,1
simba-uw-tf-dev,1.61.7,HK,2026-09-23,1
simba-uw-tf-dev,1.64.3,SG,2026-09-23,1
simba-uw-tf-dev,1.70.9,US,2026-09-23,1
simba-uw-tf-dev,1.72.5,HK,2026-09-23,1
simba-uw-tf-dev,1.77.1,US,2026-09-23,1
simba-uw-tf-dev,1.79.2,JP,2026-09-23,1
simba-uw-tf-dev,1.87.5,US,2026-09-23,2
simba-uw-tf-dev,1.95.4,US,2026-09-23,1
simba-uw-tf-dev,1.97.3,US,2026-09-23,1
simba-uw-tf-dev,2.2.3,US,2026-09-23,1
simba-uw-tf-dev,2.8.1,US,2026-09-23,1
simba-uw-tf-dev,3.1.9,HK,2026-09-23,1
simba-uw-tf-dev,3.8.7,US,2026-09-23,1
simba-uw-tf-dev,4.0.9,CN,2026-09-23,4
simba-uw-tf-dev,4.2.7,AT,2026-09-23,2
simba-uw-tf-dev,4.2.8,AT,2026-09-23,2
simba-uw-tf-dev,4.2.9,AT,2026-09-23,2
simba-uw-tf-dev,4.3.1,AT,2026-09-23,2
simba-uw-tf-dev,4.3.3,AT,2026-09-23,2
simba-uw-tf-dev,4.5.4,HK,2026-09-23,1
simba-uw-tf-dev,5.4.3,US,2026-09-23,1
simba-uw-tf-dev,5.4.4,IE,2026-09-23,1
simba-uw-tf-dev,5.4.4,US,2026-09-23,1
simba-uw-tf-dev,5.4.8,HK,2026-09-23,2
simba-uw-tf-dev,5.4.9,HK,2026-09-23,2
simba-uw-tf-dev,5.5.1,HK,2026-09-23,2
simba-uw-tf-dev,5.5.2,HK,2026-09-23,2
simba-uw-tf-dev,5.5.3,HK,2026-09-23,2
simba-uw-tf-dev,5.5.4,HK,2026-09-23,2
simba-uw-tf-dev,5.5.4,KR,2026-09-23,1
simba-uw-tf-dev,5.5.5,HK,2026-09-23,2
simba-uw-tf-dev,5.5.5,US,2026-09-23,3
simba-uw-tf-dev,5.5.6,CN,2026-09-23,3
simba-uw-tf-dev,5.5.6,GB,2026-09-23,1
simba-uw-tf-dev,5.5.6,HK,2026-09-23,3
simba-uw-tf-dev,5.5.6,IE,2026-09-23,1
simba-uw-tf-dev,5.5.6,MX,2026-09-23,1
simba-uw-tf-dev,5.5.6,NL,2026-09-23,2
simba-uw-tf-dev,5.5.6,US,2026-09-23,9
simba-uw-tf-dev,5.5.7,AT,2026-09-23,1
simba-uw-tf-dev,5.5.7,AU,2026-09-23,2
simba-uw-tf-dev,5.5.7,BS,2026-09-23,1
simba-uw-tf-dev,5.5.7,CN,2026-09-23,14
simba-uw-tf-dev,5.5.7,DE,2026-09-23,9
simba-uw-tf-dev,5.5.7,EE,2026-09-23,1
simba-uw-tf-dev,5.5.7,ES,2026-09-23,2
simba-uw-tf-dev,5.5.7,FR,2026-09-23,1
simba-uw-tf-dev,5.5.7,GB,2026-09-23,8
simba-uw-tf-dev,5.5.7,HK,2026-09-23,7
simba-uw-tf-dev,5.5.7,IE,2026-09-23,3
simba-uw-tf-dev,5.5.7,IN,2026-09-23,1
simba-uw-tf-dev,5.5.7,IT,2026-09-23,1
simba-uw-tf-dev,5.5.7,JP,2026-09-23,4
simba-uw-tf-dev,5.5.7,KR,2026-09-23,5
simba-uw-tf-dev,5.5.7,LV,2026-09-23,2
simba-uw-tf-dev,5.5.7,MD,2026-09-23,1
simba-uw-tf-dev,5.5.7,NL,2026-09-23,5
simba-uw-tf-dev,5.5.7,PL,2026-09-23,1
simba-uw-tf-dev,5.5.7,RU,2026-09-23,6
simba-uw-tf-dev,5.5.7,SG,2026-09-23,11
simba-uw-tf-dev,5.5.7,UA,2026-09-23,1
simba-uw-tf-dev,5.5.7,US,2026-09-23,112
simba-uw-tf-dev,0.86.8,US,2026-09-22,1
simba-uw-tf-dev,1.50.5,US,2026-09-22,1
simba-uw-tf-dev,1.78.6,US,2026-09-22,1
simba-uw-tf-dev,1.98.2,CN,2026-09-22,4
simba-uw-tf-dev,2.3.2,US,2026-09-22,1
simba-uw-tf-dev,4.3.4,AT,2026-09-22,2
simba-uw-tf-dev,4.3.5,AT,2026-09-22,2
simba-uw-tf-dev,4.3.6,AT,2026-09-22,2
simba-uw-tf-dev,4.3.7,AT,2026-09-22,2
simba-uw-tf-dev,4.3.8,AT,2026-09-22,2
simba-uw-tf-dev,4.3.9,AT,2026-09-22,2
simba-uw-tf-dev,4.4.1,AT,2026-09-22,2
simba-uw-tf-dev,5.5.2,KR,2026-09-22,1
simba-uw-tf-dev,5.5.3,KR,2026-09-22,1
simba-uw-tf-dev,5.5.6,KR,2026-09-22,2
simba-uw-tf-dev,5.5.6,MX,2026-09-22,1
simba-uw-tf-dev,5.5.6,RU,2026-09-22,1
simba-uw-tf-dev,5.5.6,US,2026-09-22,5
simba-uw-tf-dev,0.61,US,2026-09-21,1
simba-uw-tf-dev,0.76.6,US,2026-09-21,1
simba-uw-tf-dev,0.80.0,US,2026-09-21,1
simba-uw-tf-dev,0.81.3,US,2026-09-21,1
simba-uw-tf-dev,0.84.2,US,2026-09-21,1
simba-uw-tf-dev,0.85.2,US,2026-09-21,1
simba-uw-tf-dev,0.86.5,US,2026-09-21,1
simba-uw-tf-dev,0.90.1,HK,2026-09-21,1
simba-uw-tf-dev,0.90.1,US,2026-09-21,1
simba-uw-tf-dev,0.93.5,US,2026-09-21,1
simba-uw-tf-dev,0.95.0,US,2026-09-21,1
simba-uw-tf-dev,0.97.3,US,2026-09-21,1
simba-uw-tf-dev,0.97.6,US,2026-09-21,1
simba-uw-tf-dev,1.21.8,US,2026-09-21,1
simba-uw-tf-dev,1.30.7,US,2026-09-21,1
simba-uw-tf-dev,1.31.2,US,2026-09-21,1
simba-uw-tf-dev,1.33.2,US,2026-09-21,1
simba-uw-tf-dev,1.33.6,US,2026-09-21,1
simba-uw-tf-dev,1.40.0,US,2026-09-21,1
simba-uw-tf-dev,1.40.2,IE,2026-09-21,1
simba-uw-tf-dev,1.53.2,US,2026-09-21,1
simba-uw-tf-dev,1.55.6,US,2026-09-21,1
simba-uw-tf-dev,1.56.7,US,2026-09-21,1
simba-uw-tf-dev,1.59.5,US,2026-09-21,1
simba-uw-tf-dev,1.60.7,US,2026-09-21,1
simba-uw-tf-dev,1.62.4,US,2026-09-21,1
simba-uw-tf-dev,1.64.9,US,2026-09-21,1
simba-uw-tf-dev,1.65.7,US,2026-09-21,1
simba-uw-tf-dev,1.78.2,US,2026-09-21,1
simba-uw-tf-dev,1.79.2,US,2026-09-21,1
simba-uw-tf-dev,1.80.5,US,2026-09-21,1
simba-uw-tf-dev,1.81.9,US,2026-09-21,1
simba-uw-tf-dev,1.84.7,US,2026-09-21,1
simba-uw-tf-dev,1.87.2,HK,2026-09-21,1
simba-uw-tf-dev,1.93.1,HK,2026-09-21,1
simba-uw-tf-dev,1.96.2,DE,2026-09-21,2
simba-uw-tf-dev,1.96.2,HK,2026-09-21,1
simba-uw-tf-dev,1.96.3,DE,2026-09-21,2
simba-uw-tf-dev,2.3.1,US,2026-09-21,1
simba-uw-tf-dev,3.9.4,US,2026-09-21,1
simba-uw-tf-dev,4.4.2,AT,2026-09-21,2
simba-uw-tf-dev,4.4.3,AT,2026-09-21,2
simba-uw-tf-dev,4.4.4,AT,2026-09-21,2
simba-uw-tf-dev,4.4.5,AT,2026-09-21,2
simba-uw-tf-dev,4.4.6,AT,2026-09-21,2
simba-uw-tf-dev,4.4.7,AT,2026-09-21,2
simba-uw-tf-dev,4.4.7,US,2026-09-21,1
simba-uw-tf-dev,4.4.8,AT,2026-09-21,2
simba-uw-tf-dev,4.4.9,AT,2026-09-21,2
simba-uw-tf-dev,4.5.1,AT,2026-09-21,2
simba-uw-tf-dev,4.5.2,AT,2026-09-21,2
simba-uw-tf-dev,5.1.8,US,2026-09-21,1
simba-uw-tf-dev,5.4.1,US,2026-09-21,1
simba-uw-tf-dev,5.5.6,FR,2026-09-21,3
simba-uw-tf-dev,5.5.6,GB,2026-09-21,2
simba-uw-tf-dev,5.5.6,SG,2026-09-21,1
simba-uw-tf-dev,5.5.6,US,2026-09-21,3
simba-uw-tf-dev,0.95.2,US,2026-09-20,1
simba-uw-tf-dev,0.97.0,US,2026-09-20,1
simba-uw-tf-dev,1.33.6,US,2026-09-20,1
simba-uw-tf-dev,1.78.6,US,2026-09-20,1
simba-uw-tf-dev,1.87.6,US,2026-09-20,1
simba-uw-tf-dev,3.0.1,VN,2026-09-20,1
simba-uw-tf-dev,3.3.6,US,2026-09-20,1
simba-uw-tf-dev,3.3.7,US,2026-09-20,1
simba-uw-tf-dev,3.7.3,US,2026-09-20,1
simba-uw-tf-dev,4.5.3,AT,2026-09-20,2
simba-uw-tf-dev,4.5.4,AT,2026-09-20,2
simba-uw-tf-dev,4.5.5,AT,2026-09-20,2
simba-uw-tf-dev,4.5.6,AT,2026-09-20,2
simba-uw-tf-dev,4.5.7,AT,2026-09-20,2
simba-uw-tf-dev,4.5.8,AT,2026-09-20,2
simba-uw-tf-dev,4.5.9,AT,2026-09-20,2
simba-uw-tf-dev,4.6.1,AT,2026-09-20,2
simba-uw-tf-dev,4.6.2,AT,2026-09-20,2
simba-uw-tf-dev,4.6.3,AT,2026-09-20,2
simba-uw-tf-dev,4.6.4,AT,2026-09-20,2
simba-uw-tf-dev,4.6.6,AT,2026-09-20,2
simba-uw-tf-dev,4.6.7,AT,2026-09-20,2
simba-uw-tf-dev,5.4.4,GB,2026-09-20,1
simba-uw-tf-dev,5.5.5,HK,2026-09-20,2
simba-uw-tf-dev,5.5.6,CN,2026-09-20,1
simba-uw-tf-dev,5.5.6,HK,2026-09-20,2
simba-uw-tf-dev,5.5.6,IR,2026-09-20,1
simba-uw-tf-dev,5.5.6,US,2026-09-20,7
simba-uw-tf-dev,0.88.3,US,2026-09-19,1
simba-uw-tf-dev,0.88.4,US,2026-09-19,1
simba-uw-tf-dev,0.90.0,US,2026-09-19,1
simba-uw-tf-dev,0.90.4,US,2026-09-19,1
simba-uw-tf-dev,0.90.7,US,2026-09-19,1
simba-uw-tf-dev,0.92.8,FR,2026-09-19,1
simba-uw-tf-dev,1.22.7,US,2026-09-19,1
simba-uw-tf-dev,1.32.4,US,2026-09-19,1
simba-uw-tf-dev,1.33.4,US,2026-09-19,1
simba-uw-tf-dev,1.40.6,HK,2026-09-19,1
simba-uw-tf-dev,1.50.8,US,2026-09-19,1
simba-uw-tf-dev,1.52.3,US,2026-09-19,1
simba-uw-tf-dev,1.56.3,US,2026-09-19,1
simba-uw-tf-dev,1.60.7,US,2026-09-19,1
simba-uw-tf-dev,1.70.4,US,2026-09-19,1
simba-uw-tf-dev,1.71.1,US,2026-09-19,1
simba-uw-tf-dev,1.71.5,US,2026-09-19,1
simba-uw-tf-dev,1.75.2,US,2026-09-19,1
simba-uw-tf-dev,1.81.7,US,2026-09-19,1
simba-uw-tf-dev,1.93.8,US,2026-09-19,1
simba-uw-tf-dev,1.96.1,DE,2026-09-19,2
simba-uw-tf-dev,2.8.9,US,2026-09-19,1
simba-uw-tf-dev,4.6.8,AT,2026-09-19,2
simba-uw-tf-dev,4.6.9,AT,2026-09-19,2
simba-uw-tf-dev,4.7.1,AT,2026-09-19,2
simba-uw-tf-dev,4.7.2,AT,2026-09-19,2
simba-uw-tf-dev,4.7.3,AT,2026-09-19,2
simba-uw-tf-dev,4.7.4,AT,2026-09-19,2
simba-uw-tf-dev,4.7.5,AT,2026-09-19,2
simba-uw-tf-dev,4.7.6,AT,2026-09-19,2
simba-uw-tf-dev,5.4.6,US,2026-09-19,1
simba-uw-tf-dev,5.4.9,JP,2026-09-19,1
simba-uw-tf-dev,5.5.6,HK,2026-09-19,1
simba-uw-tf-dev,5.5.6,US,2026-09-19,3
simba-uw-tf-dev,1.50.5,US,2026-09-18,1
simba-uw-tf-dev,1.53.1,US,2026-09-18,1
simba-uw-tf-dev,1.81.2,US,2026-09-18,1
simba-uw-tf-dev,1.95.3,GR,2026-09-18,1
simba-uw-tf-dev,1.95.3,US,2026-09-18,1
simba-uw-tf-dev,3.1.2,TW,2026-09-18,1
simba-uw-tf-dev,4.7.7,AT,2026-09-18,2
simba-uw-tf-dev,4.7.8,AT,2026-09-18,2
simba-uw-tf-dev,4.7.9,AT,2026-09-18,2
simba-uw-tf-dev,4.8.1,AT,2026-09-18,2
simba-uw-tf-dev,4.8.2,AT,2026-09-18,2
simba-uw-tf-dev,4.9.7,US,2026-09-18,1
simba-uw-tf-dev,5.4.7,US,2026-09-18,2
simba-uw-tf-dev,5.4.8,US,2026-09-18,2
simba-uw-tf-dev,5.4.9,US,2026-09-18,2
simba-uw-tf-dev,5.5.1,US,2026-09-18,2
simba-uw-tf-dev,5.5.2,US,2026-09-18,2
simba-uw-tf-dev,5.5.3,US,2026-09-18,2
simba-uw-tf-dev,5.5.4,US,2026-09-18,2
simba-uw-tf-dev,5.5.5,HK,2026-09-18,2
simba-uw-tf-dev,5.5.5,US,2026-09-18,2
simba-uw-tf-dev,5.5.6,CN,2026-09-18,1
simba-uw-tf-dev,5.5.6,FR,2026-09-18,2
simba-uw-tf-dev,5.5.6,HK,2026-09-18,2
simba-uw-tf-dev,5.5.6,RU,2026-09-18,2
simba-uw-tf-dev,5.5.6,US,2026-09-18,5
simba-uw-tf-dev,0.0.1,TW,2026-09-17,2
simba-uw-tf-dev,0.4,TW,2026-09-17,2
simba-uw-tf-dev,0.70,TW,2026-09-17,2
simba-uw-tf-dev,0.71,TW,2026-09-17,2
simba-uw-tf-dev,0.72,TW,2026-09-17,2
simba-uw-tf-dev,0.73,TW,2026-09-17,2
simba-uw-tf-dev,0.76.1,TW,2026-09-17,2
simba-uw-tf-dev,0.76.2,TW,2026-09-17,2
simba-uw-tf-dev,0.76.3,TW,2026-09-17,2
simba-uw-tf-dev,0.76.4,TW,2026-09-17,2
simba-uw-tf-dev,0.76.5,TW,2026-09-17,2
simba-uw-tf-dev,0.76.6,TW,2026-09-17,2
simba-uw-tf-dev,0.76.8,TW,2026-09-17,2
simba-uw-tf-dev,0.76.9,TW,2026-09-17,2
simba-uw-tf-dev,0.77,TW,2026-09-17,2
simba-uw-tf-dev,0.91.8,US,2026-09-17,1
simba-uw-tf-dev,1.40.0,TW,2026-09-17,2
simba-uw-tf-dev,1.40.1,TW,2026-09-17,2
simba-uw-tf-dev,1.40.2,TW,2026-09-17,2
simba-uw-tf-dev,1.40.4,TW,2026-09-17,2
simba-uw-tf-dev,1.40.5,TW,2026-09-17,2
simba-uw-tf-dev,1.40.6,TW,2026-09-17,2
simba-uw-tf-dev,1.40.7,TW,2026-09-17,2
simba-uw-tf-dev,1.40.8,TW,2026-09-17,2
simba-uw-tf-dev,1.40.9,TW,2026-09-17,2
simba-uw-tf-dev,1.50.1,TW,2026-09-17,2
simba-uw-tf-dev,1.50.2,TW,2026-09-17,2
simba-uw-tf-dev,1.50.3,TW,2026-09-17,2
simba-uw-tf-dev,1.50.4,TW,2026-09-17,2
simba-uw-tf-dev,1.50.5,TW,2026-09-17,2
simba-uw-tf-dev,1.50.6,TW,2026-09-17,2
simba-uw-tf-dev,1.50.7,TW,2026-09-17,2
simba-uw-tf-dev,1.50.8,TW,2026-09-17,2
simba-uw-tf-dev,1.50.9,TW,2026-09-17,2
simba-uw-tf-dev,1.51.1,TW,2026-09-17,2
simba-uw-tf-dev,1.51.2,TW,2026-09-17,2
simba-uw-tf-dev,1.51.3,TW,2026-09-17,2
simba-uw-tf-dev,1.51.4,TW,2026-09-17,2
simba-uw-tf-dev,1.51.5,TW,2026-09-17,2
simba-uw-tf-dev,1.51.6,TW,2026-09-17,2
simba-uw-tf-dev,1.51.7,TW,2026-09-17,2
simba-uw-tf-dev,1.51.8,TW,2026-09-17,2
simba-uw-tf-dev,1.51.9,TW,2026-09-17,2
simba-uw-tf-dev,1.52.1,TW,2026-09-17,2
simba-uw-tf-dev,1.52.2,TW,2026-09-17,2
simba-uw-tf-dev,1.52.3,TW,2026-09-17,2
simba-uw-tf-dev,1.52.4,TW,2026-09-17,2
simba-uw-tf-dev,1.52.9,TW,2026-09-17,2
simba-uw-tf-dev,1.52.91,TW,2026-09-17,2
simba-uw-tf-dev,1.52.92,TW,2026-09-17,2
simba-uw-tf-dev,1.53.1,TW,2026-09-17,2
simba-uw-tf-dev,1.53.2,TW,2026-09-17,2
simba-uw-tf-dev,1.53.3,TW,2026-09-17,2
simba-uw-tf-dev,1.53.4,TW,2026-09-17,2
simba-uw-tf-dev,1.53.5,TW,2026-09-17,2
simba-uw-tf-dev,1.53.6,TW,2026-09-17,2
simba-uw-tf-dev,1.53.7,TW,2026-09-17,2
simba-uw-tf-dev,1.53.8,TW,2026-09-17,2
simba-uw-tf-dev,1.53.9,TW,2026-09-17,2
simba-uw-tf-dev,1.54.1,TW,2026-09-17,2
simba-uw-tf-dev,1.54.2,TW,2026-09-17,2
simba-uw-tf-dev,1.54.3,TW,2026-09-17,2
simba-uw-tf-dev,1.54.4,TW,2026-09-17,2
simba-uw-tf-dev,1.54.5,TW,2026-09-17,2
simba-uw-tf-dev,1.54.6,TW,2026-09-17,2
simba-uw-tf-dev,1.54.7,TW,2026-09-17,2
simba-uw-tf-dev,1.54.8,TW,2026-09-17,2
simba-uw-tf-dev,1.54.9,TW,2026-09-17,2
simba-uw-tf-dev,1.55.1,TW,2026-09-17,2
simba-uw-tf-dev,1.55.2,TW,2026-09-17,2
simba-uw-tf-dev,1.55.3,TW,2026-09-17,2
simba-uw-tf-dev,1.55.4,TW,2026-09-17,2
simba-uw-tf-dev,1.55.5,TW,2026-09-17,2
simba-uw-tf-dev,1.55.6,TW,2026-09-17,2
simba-uw-tf-dev,1.55.7,TW,2026-09-17,2
simba-uw-tf-dev,1.55.8,TW,2026-09-17,2
simba-uw-tf-dev,1.55.9,TW,2026-09-17,2
simba-uw-tf-dev,1.56.1,TW,2026-09-17,2
simba-uw-tf-dev,1.56.2,TW,2026-09-17,2
simba-uw-tf-dev,1.56.3,TW,2026-09-17,2
simba-uw-tf-dev,1.56.4,TW,2026-09-17,2
simba-uw-tf-dev,1.56.5,TW,2026-09-17,2
simba-uw-tf-dev,1.56.7,TW,2026-09-17,2
simba-uw-tf-dev,1.56.8,TW,2026-09-17,2
simba-uw-tf-dev,1.56.9,TW,2026-09-17,2
simba-uw-tf-dev,1.57.2,TW,2026-09-17,2
simba-uw-tf-dev,1.57.3,TW,2026-09-17,2
simba-uw-tf-dev,1.57.4,TW,2026-09-17,2
simba-uw-tf-dev,1.57.5,TW,2026-09-17,2
simba-uw-tf-dev,1.57.6,TW,2026-09-17,2
simba-uw-tf-dev,1.57.8,TW,2026-09-17,2
simba-uw-tf-dev,1.57.9,TW,2026-09-17,2
simba-uw-tf-dev,1.58.1,TW,2026-09-17,2
simba-uw-tf-dev,1.58.1,US,2026-09-17,1
simba-uw-tf-dev,1.58.2,TW,2026-09-17,2
simba-uw-tf-dev,1.58.3,TW,2026-09-17,2
simba-uw-tf-dev,1.58.4,TW,2026-09-17,2
simba-uw-tf-dev,1.58.5,TW,2026-09-17,2
simba-uw-tf-dev,1.58.6,TW,2026-09-17,2
simba-uw-tf-dev,1.58.7,TW,2026-09-17,2
simba-uw-tf-dev,1.58.8,TW,2026-09-17,2
simba-uw-tf-dev,1.58.9,TW,2026-09-17,2
simba-uw-tf-dev,1.59.1,TW,2026-09-17,2
simba-uw-tf-dev,1.59.2,TW,2026-09-17,2
simba-uw-tf-dev,1.59.3,TW,2026-09-17,2
simba-uw-tf-dev,1.59.4,TW,2026-09-17,2
simba-uw-tf-dev,1.60.1,TW,2026-09-17,2
simba-uw-tf-dev,1.60.2,TW,2026-09-17,2
simba-uw-tf-dev,1.60.3,TW,2026-09-17,2
simba-uw-tf-dev,1.60.4,TW,2026-09-17,2
simba-uw-tf-dev,1.60.5,TW,2026-09-17,2
simba-uw-tf-dev,1.60.5,US,2026-09-17,1
simba-uw-tf-dev,1.60.6,TW,2026-09-17,2
simba-uw-tf-dev,1.60.7,TW,2026-09-17,2
simba-uw-tf-dev,1.60.7,US,2026-09-17,1
simba-uw-tf-dev,1.60.9,TW,2026-09-17,2
simba-uw-tf-dev,1.61.1,TW,2026-09-17,2
simba-uw-tf-dev,1.61.2,TW,2026-09-17,2
simba-uw-tf-dev,1.61.2,US,2026-09-17,1
simba-uw-tf-dev,1.61.3,TW,2026-09-17,2
simba-uw-tf-dev,1.61.4,TW,2026-09-17,2
simba-uw-tf-dev,1.61.4,US,2026-09-17,1
simba-uw-tf-dev,1.61.5,TW,2026-09-17,2
simba-uw-tf-dev,1.61.6,TW,2026-09-17,2
simba-uw-tf-dev,1.61.7,TW,2026-09-17,2
simba-uw-tf-dev,1.61.8,TW,2026-09-17,2
simba-uw-tf-dev,1.61.9,TW,2026-09-17,2
simba-uw-tf-dev,1.62.1,TW,2026-09-17,2
simba-uw-tf-dev,1.62.2,TW,2026-09-17,2
simba-uw-tf-dev,1.62.3,TW,2026-09-17,2
simba-uw-tf-dev,1.62.4,TW,2026-09-17,2
simba-uw-tf-dev,1.62.5,TW,2026-09-17,2
simba-uw-tf-dev,1.62.6,TW,2026-09-17,2
simba-uw-tf-dev,1.62.7,TW,2026-09-17,2
simba-uw-tf-dev,1.62.8,HK,2026-09-17,1
simba-uw-tf-dev,1.62.8,TW,2026-09-17,2
simba-uw-tf-dev,1.62.9,TW,2026-09-17,2
simba-uw-tf-dev,1.63.1,TW,2026-09-17,2
simba-uw-tf-dev,1.63.2,TW,2026-09-17,2
simba-uw-tf-dev,1.63.3,TW,2026-09-17,2
simba-uw-tf-dev,1.63.4,TW,2026-09-17,2
simba-uw-tf-dev,1.63.5,TW,2026-09-17,2
simba-uw-tf-dev,1.63.6,TW,2026-09-17,2
simba-uw-tf-dev,1.63.7,TW,2026-09-17,2
simba-uw-tf-dev,1.63.8,TW,2026-09-17,2
simba-uw-tf-dev,1.63.9,TW,2026-09-17,2
simba-uw-tf-dev,1.64.1,TW,2026-09-17,2
simba-uw-tf-dev,1.64.2,TW,2026-09-17,2
simba-uw-tf-dev,1.64.3,TW,2026-09-17,2
simba-uw-tf-dev,1.64.4,TW,2026-09-17,2
simba-uw-tf-dev,1.64.5,TW,2026-09-17,2
simba-uw-tf-dev,1.64.6,TW,2026-09-17,2
simba-uw-tf-dev,1.64.7,TW,2026-09-17,2
simba-uw-tf-dev,1.64.8,TW,2026-09-17,2
simba-uw-tf-dev,1.64.9,TW,2026-09-17,2
simba-uw-tf-dev,1.65.1,TW,2026-09-17,2
simba-uw-tf-dev,1.65.2,TW,2026-09-17,2
simba-uw-tf-dev,1.65.3,TW,2026-09-17,2
simba-uw-tf-dev,1.65.4,TW,2026-09-17,2
simba-uw-tf-dev,1.65.5,TW,2026-09-17,2
simba-uw-tf-dev,1.65.6,TW,2026-09-17,2
simba-uw-tf-dev,1.65.7,TW,2026-09-17,2
simba-uw-tf-dev,1.65.8,TW,2026-09-17,2
simba-uw-tf-dev,1.65.9,TW,2026-09-17,2
simba-uw-tf-dev,1.70.1,TW,2026-09-17,2
simba-uw-tf-dev,1.70.2,TW,2026-09-17,2
simba-uw-tf-dev,1.70.3,TW,2026-09-17,2
simba-uw-tf-dev,1.70.4,TW,2026-09-17,2
simba-uw-tf-dev,1.70.5,TW,2026-09-17,2
simba-uw-tf-dev,1.70.6,TW,2026-09-17,2
simba-uw-tf-dev,1.70.7,TW,2026-09-17,2
simba-uw-tf-dev,1.70.8,TW,2026-09-17,2
simba-uw-tf-dev,1.70.9,TW,2026-09-17,2
simba-uw-tf-dev,1.71.1,TW,2026-09-17,2
simba-uw-tf-dev,1.71.2,TW,2026-09-17,2
simba-uw-tf-dev,1.71.3,TW,2026-09-17,2
simba-uw-tf-dev,1.71.4,TW,2026-09-17,2
simba-uw-tf-dev,1.71.5,TW,2026-09-17,2
simba-uw-tf-dev,1.71.6,TW,2026-09-17,2
simba-uw-tf-dev,1.71.7,TW,2026-09-17,2
simba-uw-tf-dev,1.71.7,US,2026-09-17,1
simba-uw-tf-dev,1.71.8,TW,2026-09-17,2
simba-uw-tf-dev,1.71.9,TW,2026-09-17,2
simba-uw-tf-dev,1.72.1,TW,2026-09-17,2
simba-uw-tf-dev,1.72.2,TW,2026-09-17,2
simba-uw-tf-dev,1.72.3,TW,2026-09-17,2
simba-uw-tf-dev,1.72.4,TW,2026-09-17,2
simba-uw-tf-dev,1.72.5,TW,2026-09-17,2
simba-uw-tf-dev,1.72.6,TW,2026-09-17,2
simba-uw-tf-dev,1.72.7,TW,2026-09-17,2
simba-uw-tf-dev,1.72.8,TW,2026-09-17,2
simba-uw-tf-dev,1.73.1,TW,2026-09-17,2
simba-uw-tf-dev,1.73.2,TW,2026-09-17,2
simba-uw-tf-dev,1.73.3,TW,2026-09-17,2
simba-uw-tf-dev,1.73.5,TW,2026-09-17,2
simba-uw-tf-dev,1.73.6,TW,2026-09-17,2
simba-uw-tf-dev,1.73.7,TW,2026-09-17,2
simba-uw-tf-dev,1.73.8,TW,2026-09-17,2
simba-uw-tf-dev,1.73.9,TW,2026-09-17,2
simba-uw-tf-dev,1.74.1,TW,2026-09-17,2
simba-uw-tf-dev,1.74.2,TW,2026-09-17,2
simba-uw-tf-dev,1.74.3,TW,2026-09-17,2
simba-uw-tf-dev,1.74.4,TW,2026-09-17,2
simba-uw-tf-dev,1.74.5,TW,2026-09-17,2
simba-uw-tf-dev,1.74.6,TW,2026-09-17,2
simba-uw-tf-dev,1.74.7,TW,2026-09-17,2
simba-uw-tf-dev,1.74.8,TW,2026-09-17,2
simba-uw-tf-dev,1.74.9,TW,2026-09-17,2
simba-uw-tf-dev,1.75.1,TW,2026-09-17,2
simba-uw-tf-dev,1.75.2,TW,2026-09-17,2
simba-uw-tf-dev,1.75.3,TW,2026-09-17,2
simba-uw-tf-dev,1.75.4,TW,2026-09-17,2
simba-uw-tf-dev,1.75.5,TW,2026-09-17,2
simba-uw-tf-dev,1.75.6,TW,2026-09-17,2
simba-uw-tf-dev,1.75.7,TW,2026-09-17,2
simba-uw-tf-dev,1.75.8,TW,2026-09-17,2
simba-uw-tf-dev,1.75.9,TW,2026-09-17,2
simba-uw-tf-dev,1.76.1,TW,2026-09-17,2
simba-uw-tf-dev,1.76.2,TW,2026-09-17,2
simba-uw-tf-dev,1.76.3,TW,2026-09-17,2
simba-uw-tf-dev,1.76.4,TW,2026-09-17,2
simba-uw-tf-dev,1.76.5,TW,2026-09-17,2
simba-uw-tf-dev,1.76.6,TW,2026-09-17,2
simba-uw-tf-dev,1.76.7,TW,2026-09-17,2
simba-uw-tf-dev,1.76.8,TW,2026-09-17,2
simba-uw-tf-dev,1.76.9,TW,2026-09-17,2
simba-uw-tf-dev,1.77.1,TW,2026-09-17,2
simba-uw-tf-dev,1.77.2,TW,2026-09-17,2
simba-uw-tf-dev,1.77.3,TW,2026-09-17,2
simba-uw-tf-dev,1.77.4,TW,2026-09-17,2
simba-uw-tf-dev,1.77.5,TW,2026-09-17,2
simba-uw-tf-dev,1.77.6,TW,2026-09-17,2
simba-uw-tf-dev,1.77.7,TW,2026-09-17,2
simba-uw-tf-dev,1.77.8,TW,2026-09-17,2
simba-uw-tf-dev,1.77.9,TW,2026-09-17,2
simba-uw-tf-dev,1.78.1,TW,2026-09-17,2
simba-uw-tf-dev,1.78.2,TW,2026-09-17,2
simba-uw-tf-dev,1.78.3,TW,2026-09-17,2
simba-uw-tf-dev,1.78.4,TW,2026-09-17,2
simba-uw-tf-dev,1.78.5,TW,2026-09-17,2
simba-uw-tf-dev,1.78.6,TW,2026-09-17,2
simba-uw-tf-dev,1.78.7,TW,2026-09-17,2
simba-uw-tf-dev,1.78.8,TW,2026-09-17,2
simba-uw-tf-dev,1.78.9,TW,2026-09-17,2
simba-uw-tf-dev,1.79.1,TW,2026-09-17,2
simba-uw-tf-dev,1.79.2,TW,2026-09-17,2
simba-uw-tf-dev,1.79.3,TW,2026-09-17,2
simba-uw-tf-dev,1.79.4,TW,2026-09-17,2
simba-uw-tf-dev,1.79.5,TW,2026-09-17,2
simba-uw-tf-dev,1.79.6,TW,2026-09-17,2
simba-uw-tf-dev,1.79.7,TW,2026-09-17,2
simba-uw-tf-dev,1.79.8,TW,2026-09-17,2
simba-uw-tf-dev,1.79.9,TW,2026-09-17,2
simba-uw-tf-dev,1.80.1,TW,2026-09-17,2
simba-uw-tf-dev,1.80.2,TW,2026-09-17,2
simba-uw-tf-dev,1.80.3,TW,2026-09-17,2
simba-uw-tf-dev,1.80.4,TW,2026-09-17,2
simba-uw-tf-dev,1.80.5,TW,2026-09-17,2
simba-uw-tf-dev,1.80.6,TW,2026-09-17,2
simba-uw-tf-dev,1.80.7,TW,2026-09-17,2
simba-uw-tf-dev,1.80.8,TW,2026-09-17,2
simba-uw-tf-dev,1.80.9,TW,2026-09-17,2
simba-uw-tf-dev,1.81.1,TW,2026-09-17,2
simba-uw-tf-dev,1.81.2,TW,2026-09-17,2
simba-uw-tf-dev,1.81.3,TW,2026-09-17,2
simba-uw-tf-dev,1.81.4,TW,2026-09-17,2
simba-uw-tf-dev,1.81.5,TW,2026-09-17,2
simba-uw-tf-dev,1.81.6,TW,2026-09-17,2
simba-uw-tf-dev,1.81.7,TW,2026-09-17,2
simba-uw-tf-dev,1.81.8,TW,2026-09-17,2
simba-uw-tf-dev,1.81.9,TW,2026-09-17,2
simba-uw-tf-dev,1.82.1,TW,2026-09-17,2
simba-uw-tf-dev,1.82.3,TW,2026-09-17,2
simba-uw-tf-dev,1.83.1,TW,2026-09-17,2
simba-uw-tf-dev,1.83.2,TW,2026-09-17,2
simba-uw-tf-dev,1.83.3,TW,2026-09-17,2
simba-uw-tf-dev,1.83.4,TW,2026-09-17,2
simba-uw-tf-dev,1.83.5,TW,2026-09-17,2
simba-uw-tf-dev,1.83.6,TW,2026-09-17,2
simba-uw-tf-dev,1.83.7,TW,2026-09-17,2
simba-uw-tf-dev,1.83.8,TW,2026-09-17,2
simba-uw-tf-dev,1.83.9,TW,2026-09-17,2
simba-uw-tf-dev,1.84.1,TW,2026-09-17,2
simba-uw-tf-dev,1.84.3,TW,2026-09-17,2
simba-uw-tf-dev,1.84.4,TW,2026-09-17,2
simba-uw-tf-dev,1.84.5,TW,2026-09-17,2
simba-uw-tf-dev,1.84.6,TW,2026-09-17,2
simba-uw-tf-dev,1.84.7,TW,2026-09-17,2
simba-uw-tf-dev,1.84.8,TW,2026-09-17,2
simba-uw-tf-dev,1.84.9,TW,2026-09-17,2
simba-uw-tf-dev,1.85.1,TW,2026-09-17,2
simba-uw-tf-dev,1.85.2,TW,2026-09-17,2
simba-uw-tf-dev,1.85.3,TW,2026-09-17,2
simba-uw-tf-dev,1.85.4,TW,2026-09-17,2
simba-uw-tf-dev,1.85.5,TW,2026-09-17,2
simba-uw-tf-dev,1.85.6,TW,2026-09-17,2
simba-uw-tf-dev,1.85.7,TW,2026-09-17,2
simba-uw-tf-dev,1.85.8,TW,2026-09-17,2
simba-uw-tf-dev,1.85.9,TW,2026-09-17,2
simba-uw-tf-dev,1.86.1,TW,2026-09-17,2
simba-uw-tf-dev,1.86.2,TW,2026-09-17,2
simba-uw-tf-dev,1.86.3,TW,2026-09-17,2
simba-uw-tf-dev,1.86.4,TW,2026-09-17,2
simba-uw-tf-dev,1.86.6,TW,2026-09-17,2
simba-uw-tf-dev,1.86.7,TW,2026-09-17,2
simba-uw-tf-dev,1.87.1,TW,2026-09-17,2
simba-uw-tf-dev,1.87.2,TW,2026-09-17,2
simba-uw-tf-dev,1.87.3,TW,2026-09-17,2
simba-uw-tf-dev,1.87.3,US,2026-09-17,1
simba-uw-tf-dev,1.87.4,TW,2026-09-17,2
simba-uw-tf-dev,1.87.5,TW,2026-09-17,2
simba-uw-tf-dev,1.87.5,US,2026-09-17,2
simba-uw-tf-dev,1.87.6,TW,2026-09-17,2
simba-uw-tf-dev,1.87.7,TW,2026-09-17,2
simba-uw-tf-dev,1.87.8,TW,2026-09-17,2
simba-uw-tf-dev,1.87.9,TW,2026-09-17,2
simba-uw-tf-dev,1.88.1,TW,2026-09-17,2
simba-uw-tf-dev,1.88.2,TW,2026-09-17,2
simba-uw-tf-dev,1.88.3,TW,2026-09-17,2
simba-uw-tf-dev,1.88.4,TW,2026-09-17,2
simba-uw-tf-dev,1.88.5,TW,2026-09-17,2
simba-uw-tf-dev,1.88.6,TW,2026-09-17,2
simba-uw-tf-dev,1.88.7,TW,2026-09-17,2
simba-uw-tf-dev,1.88.8,TW,2026-09-17,2
simba-uw-tf-dev,1.88.9,TW,2026-09-17,2
simba-uw-tf-dev,1.89.1,TW,2026-09-17,2
simba-uw-tf-dev,1.89.2,TW,2026-09-17,2
simba-uw-tf-dev,1.89.3,TW,2026-09-17,2
simba-uw-tf-dev,1.89.4,TW,2026-09-17,2
simba-uw-tf-dev,1.89.5,TW,2026-09-17,2
simba-uw-tf-dev,1.89.6,TW,2026-09-17,2
simba-uw-tf-dev,1.89.7,TW,2026-09-17,2
simba-uw-tf-dev,1.89.8,TW,2026-09-17,2
simba-uw-tf-dev,1.89.9,TW,2026-09-17,2
simba-uw-tf-dev,1.90.1,TW,2026-09-17,2
simba-uw-tf-dev,1.90.2,TW,2026-09-17,2
simba-uw-tf-dev,1.90.3,TW,2026-09-17,2
simba-uw-tf-dev,1.90.4,TW,2026-09-17,2
simba-uw-tf-dev,1.90.5,TW,2026-09-17,2
simba-uw-tf-dev,1.90.6,TW,2026-09-17,2
simba-uw-tf-dev,1.90.7,TW,2026-09-17,2
simba-uw-tf-dev,1.90.8,TW,2026-09-17,2
simba-uw-tf-dev,1.90.9,TW,2026-09-17,2
simba-uw-tf-dev,1.91.1,TW,2026-09-17,2
simba-uw-tf-dev,1.91.2,TW,2026-09-17,2
simba-uw-tf-dev,1.91.3,TW,2026-09-17,2
simba-uw-tf-dev,1.91.4,TW,2026-09-17,2
simba-uw-tf-dev,1.91.5,TW,2026-09-17,2
simba-uw-tf-dev,1.91.6,TW,2026-09-17,2
simba-uw-tf-dev,1.91.6,US,2026-09-17,1
simba-uw-tf-dev,1.91.7,TW,2026-09-17,2
simba-uw-tf-dev,1.91.8,TW,2026-09-17,2
simba-uw-tf-dev,1.91.9,TW,2026-09-17,2
simba-uw-tf-dev,1.92.1,TW,2026-09-17,2
simba-uw-tf-dev,1.92.1,US,2026-09-17,1
simba-uw-tf-dev,1.92.2,TW,2026-09-17,2
simba-uw-tf-dev,1.92.3,TW,2026-09-17,2
simba-uw-tf-dev,1.92.4,TW,2026-09-17,2
simba-uw-tf-dev,1.92.5,TW,2026-09-17,2
simba-uw-tf-dev,1.92.7,TW,2026-09-17,2
simba-uw-tf-dev,1.92.8,TW,2026-09-17,2
simba-uw-tf-dev,1.92.9,TW,2026-09-17,2
simba-uw-tf-dev,1.93.1,TW,2026-09-17,2
simba-uw-tf-dev,1.93.2,TW,2026-09-17,2
simba-uw-tf-dev,1.93.3,TW,2026-09-17,2
simba-uw-tf-dev,1.93.4,TW,2026-09-17,2
simba-uw-tf-dev,1.93.5,TW,2026-09-17,2
simba-uw-tf-dev,1.93.6,TW,2026-09-17,2
simba-uw-tf-dev,1.93.7,TW,2026-09-17,2
simba-uw-tf-dev,1.93.8,TW,2026-09-17,2
simba-uw-tf-dev,1.93.9,TW,2026-09-17,2
simba-uw-tf-dev,1.94.1,TW,2026-09-17,2
simba-uw-tf-dev,1.94.2,TW,2026-09-17,2
simba-uw-tf-dev,1.94.3,TW,2026-09-17,2
simba-uw-tf-dev,1.94.4,TW,2026-09-17,2
simba-uw-tf-dev,1.94.5,TW,2026-09-17,2
simba-uw-tf-dev,1.94.6,TW,2026-09-17,2
simba-uw-tf-dev,1.94.7,TW,2026-09-17,2
simba-uw-tf-dev,1.94.8,TW,2026-09-17,2
simba-uw-tf-dev,1.94.9,TW,2026-09-17,2
simba-uw-tf-dev,1.95.1,TW,2026-09-17,2
simba-uw-tf-dev,1.95.2,TW,2026-09-17,2
simba-uw-tf-dev,1.95.2,US,2026-09-17,1
simba-uw-tf-dev,1.95.3,TW,2026-09-17,1
simba-uw-tf-dev,1.95.4,TW,2026-09-17,2
simba-uw-tf-dev,1.95.5,TW,2026-09-17,2
simba-uw-tf-dev,1.95.6,TW,2026-09-17,2
simba-uw-tf-dev,1.95.7,TW,2026-09-17,2
simba-uw-tf-dev,1.95.8,TW,2026-09-17,2
simba-uw-tf-dev,1.95.9,TW,2026-09-17,2
simba-uw-tf-dev,1.96.1,TW,2026-09-17,2
simba-uw-tf-dev,1.96.2,TW,2026-09-17,2
simba-uw-tf-dev,1.96.3,TW,2026-09-17,2
simba-uw-tf-dev,1.96.4,TW,2026-09-17,2
simba-uw-tf-dev,1.96.5,TW,2026-09-17,2
simba-uw-tf-dev,1.96.6,TW,2026-09-17,2
simba-uw-tf-dev,1.96.7,TW,2026-09-17,2
simba-uw-tf-dev,1.96.8,TW,2026-09-17,2
simba-uw-tf-dev,1.96.9,TW,2026-09-17,2
simba-uw-tf-dev,1.97.1,TW,2026-09-17,2
simba-uw-tf-dev,1.97.2,TW,2026-09-17,2
simba-uw-tf-dev,1.97.3,TW,2026-09-17,2
simba-uw-tf-dev,1.97.4,TW,2026-09-17,2
simba-uw-tf-dev,1.97.5,TW,2026-09-17,2
simba-uw-tf-dev,1.97.6,TW,2026-09-17,2
simba-uw-tf-dev,1.97.7,TW,2026-09-17,2
simba-uw-tf-dev,1.97.9,TW,2026-09-17,2
simba-uw-tf-dev,1.98.1,TW,2026-09-17,2
simba-uw-tf-dev,1.98.2,TW,2026-09-17,2
simba-uw-tf-dev,1.98.3,TW,2026-09-17,2
simba-uw-tf-dev,1.98.4,TW,2026-09-17,2
simba-uw-tf-dev,1.98.5,TW,2026-09-17,2
simba-uw-tf-dev,1.98.5,US,2026-09-17,1
simba-uw-tf-dev,1.98.6,TW,2026-09-17,2
simba-uw-tf-dev,1.98.7,TW,2026-09-17,2
simba-uw-tf-dev,1.98.8,TW,2026-09-17,2
simba-uw-tf-dev,1.98.9,TW,2026-09-17,2
simba-uw-tf-dev,1.99.1,TW,2026-09-17,2
simba-uw-tf-dev,1.99.2,TW,2026-09-17,2
simba-uw-tf-dev,1.99.3,TW,2026-09-17,2
simba-uw-tf-dev,1.99.4,TW,2026-09-17,2
simba-uw-tf-dev,1.99.5,TW,2026-09-17,2
simba-uw-tf-dev,1.99.6,TW,2026-09-17,2
simba-uw-tf-dev,1.99.7,TW,2026-09-17,2
simba-uw-tf-dev,1.99.8,TW,2026-09-17,2
simba-uw-tf-dev,1.99.9,TW,2026-09-17,2
simba-uw-tf-dev,2.0.1,TW,2026-09-17,2
simba-uw-tf-dev,2.0.2,TW,2026-09-17,2
simba-uw-tf-dev,2.0.3,TW,2026-09-17,2
simba-uw-tf-dev,2.0.4,TW,2026-09-17,2
simba-uw-tf-dev,2.0.5,TW,2026-09-17,2
simba-uw-tf-dev,2.0.6,TW,2026-09-17,2
simba-uw-tf-dev,2.0.7,TW,2026-09-17,2
simba-uw-tf-dev,2.0.8,TW,2026-09-17,2
simba-uw-tf-dev,2.0.9,TW,2026-09-17,2
simba-uw-tf-dev,2.1.1,TW,2026-09-17,2
simba-uw-tf-dev,2.1.2,TW,2026-09-17,2
simba-uw-tf-dev,2.1.3,TW,2026-09-17,2
simba-uw-tf-dev,2.1.4,TW,2026-09-17,2
simba-uw-tf-dev,2.1.5,TW,2026-09-17,2
simba-uw-tf-dev,2.1.6,TW,2026-09-17,2
simba-uw-tf-dev,2.1.7,TW,2026-09-17,2
simba-uw-tf-dev,2.1.7,US,2026-09-17,1
simba-uw-tf-dev,2.1.8,TW,2026-09-17,2
simba-uw-tf-dev,2.1.9,TW,2026-09-17,2
simba-uw-tf-dev,2.2.1,TW,2026-09-17,2
simba-uw-tf-dev,2.2.2,TW,2026-09-17,2
simba-uw-tf-dev,2.2.3,TW,2026-09-17,2
simba-uw-tf-dev,2.2.4,TW,2026-09-17,2
simba-uw-tf-dev,2.2.7,TW,2026-09-17,2
simba-uw-tf-dev,2.2.8,TW,2026-09-17,2
simba-uw-tf-dev,2.2.9,TW,2026-09-17,2
simba-uw-tf-dev,2.3.1,TW,2026-09-17,2
simba-uw-tf-dev,2.3.2,TW,2026-09-17,2
simba-uw-tf-dev,2.3.3,TW,2026-09-17,2
simba-uw-tf-dev,2.3.4,TW,2026-09-17,2
simba-uw-tf-dev,2.3.5,TW,2026-09-17,2
simba-uw-tf-dev,2.3.6,TW,2026-09-17,2
simba-uw-tf-dev,2.3.7,TW,2026-09-17,2
simba-uw-tf-dev,2.3.8,TW,2026-09-17,2
simba-uw-tf-dev,2.3.9,TW,2026-09-17,2
simba-uw-tf-dev,2.4.1,TW,2026-09-17,2
simba-uw-tf-dev,2.4.2,TW,2026-09-17,2
simba-uw-tf-dev,2.4.3,TW,2026-09-17,2
simba-uw-tf-dev,2.4.4,TW,2026-09-17,2
simba-uw-tf-dev,2.4.5,TW,2026-09-17,2
simba-uw-tf-dev,2.4.6,TW,2026-09-17,2
simba-uw-tf-dev,2.4.7,TW,2026-09-17,2
simba-uw-tf-dev,2.4.8,TW,2026-09-17,2
simba-uw-tf-dev,2.4.9,TW,2026-09-17,2
simba-uw-tf-dev,2.5.1,TW,2026-09-17,2
simba-uw-tf-dev,2.5.2,TW,2026-09-17,2
simba-uw-tf-dev,2.5.3,TW,2026-09-17,2
simba-uw-tf-dev,2.5.4,TW,2026-09-17,2
simba-uw-tf-dev,2.5.5,TW,2026-09-17,2
simba-uw-tf-dev,2.5.6,TW,2026-09-17,2
simba-uw-tf-dev,2.5.7,TW,2026-09-17,2
simba-uw-tf-dev,2.5.8,TW,2026-09-17,2
simba-uw-tf-dev,2.5.9,TW,2026-09-17,2
simba-uw-tf-dev,2.6.1,TW,2026-09-17,2
simba-uw-tf-dev,2.6.2,TW,2026-09-17,2
simba-uw-tf-dev,2.6.3,TW,2026-09-17,2
simba-uw-tf-dev,2.6.3,US,2026-09-17,1
simba-uw-tf-dev,2.6.4,TW,2026-09-17,2
simba-uw-tf-dev,2.6.5,TW,2026-09-17,2
simba-uw-tf-dev,2.6.6,TW,2026-09-17,2
simba-uw-tf-dev,2.6.7,TW,2026-09-17,2
simba-uw-tf-dev,2.6.8,TW,2026-09-17,2
simba-uw-tf-dev,2.6.9,TW,2026-09-17,2
simba-uw-tf-dev,2.7.1,TW,2026-09-17,2
simba-uw-tf-dev,2.7.2,TW,2026-09-17,2
simba-uw-tf-dev,2.7.3,TW,2026-09-17,2
simba-uw-tf-dev,2.7.4,TW,2026-09-17,2
simba-uw-tf-dev,2.7.5,TW,2026-09-17,2
simba-uw-tf-dev,2.7.6,TW,2026-09-17,2
simba-uw-tf-dev,2.7.7,TW,2026-09-17,2
simba-uw-tf-dev,2.7.8,TW,2026-09-17,2
simba-uw-tf-dev,2.7.9,TW,2026-09-17,2
simba-uw-tf-dev,2.8.1,TW,2026-09-17,2
simba-uw-tf-dev,2.8.2,TW,2026-09-17,2
simba-uw-tf-dev,2.8.3,TW,2026-09-17,2
simba-uw-tf-dev,2.8.4,TW,2026-09-17,2
simba-uw-tf-dev,2.8.5,TW,2026-09-17,2
simba-uw-tf-dev,2.8.6,TW,2026-09-17,2
simba-uw-tf-dev,2.8.7,TW,2026-09-17,2
simba-uw-tf-dev,2.8.8,TW,2026-09-17,2
simba-uw-tf-dev,2.8.9,TW,2026-09-17,2
simba-uw-tf-dev,2.9.1,TW,2026-09-17,2
simba-uw-tf-dev,2.9.2,TW,2026-09-17,2
simba-uw-tf-dev,2.9.2,US,2026-09-17,1
simba-uw-tf-dev,2.9.3,TW,2026-09-17,2
simba-uw-tf-dev,2.9.4,TW,2026-09-17,2
simba-uw-tf-dev,2.9.5,TW,2026-09-17,2
simba-uw-tf-dev,2.9.6,TW,2026-09-17,2
simba-uw-tf-dev,2.9.7,TW,2026-09-17,2
simba-uw-tf-dev,2.9.8,TW,2026-09-17,2
simba-uw-tf-dev,2.9.9,TW,2026-09-17,2
simba-uw-tf-dev,3.0.1,TW,2026-09-17,2
simba-uw-tf-dev,3.0.2,TW,2026-09-17,2
simba-uw-tf-dev,3.0.3,TW,2026-09-17,2
simba-uw-tf-dev,3.0.4,TW,2026-09-17,2
simba-uw-tf-dev,3.0.5,TW,2026-09-17,2
simba-uw-tf-dev,3.0.6,TW,2026-09-17,2
simba-uw-tf-dev,3.0.7,TW,2026-09-17,2
simba-uw-tf-dev,3.0.8,TW,2026-09-17,2
simba-uw-tf-dev,3.0.9,TW,2026-09-17,2
simba-uw-tf-dev,3.1.1,TW,2026-09-17,2
simba-uw-tf-dev,3.1.2,TW,2026-09-17,2
simba-uw-tf-dev,3.1.3,TW,2026-09-17,2
simba-uw-tf-dev,3.1.4,TW,2026-09-17,2
simba-uw-tf-dev,3.1.5,TW,2026-09-17,2
simba-uw-tf-dev,3.1.6,TW,2026-09-17,2
simba-uw-tf-dev,3.1.7,TW,2026-09-17,2
simba-uw-tf-dev,3.1.8,TW,2026-09-17,2
simba-uw-tf-dev,3.1.9,TW,2026-09-17,2
simba-uw-tf-dev,3.2.1,TW,2026-09-17,2
simba-uw-tf-dev,3.2.2,TW,2026-09-17,2
simba-uw-tf-dev,3.2.3,TW,2026-09-17,2
simba-uw-tf-dev,3.2.4,TW,2026-09-17,2
simba-uw-tf-dev,3.2.5,TW,2026-09-17,2
simba-uw-tf-dev,3.2.6,TW,2026-09-17,2
simba-uw-tf-dev,3.2.7,TW,2026-09-17,2
simba-uw-tf-dev,3.2.8,TW,2026-09-17,2
simba-uw-tf-dev,3.2.9,TW,2026-09-17,2
simba-uw-tf-dev,3.3.1,TW,2026-09-17,2
simba-uw-tf-dev,3.3.2,TW,2026-09-17,2
simba-uw-tf-dev,3.3.3,TW,2026-09-17,2
simba-uw-tf-dev,3.3.6,TW,2026-09-17,2
simba-uw-tf-dev,3.3.7,TW,2026-09-17,2
simba-uw-tf-dev,3.3.8,TW,2026-09-17,2
simba-uw-tf-dev,3.3.9,TW,2026-09-17,2
simba-uw-tf-dev,3.4.1,TW,2026-09-17,2
simba-uw-tf-dev,3.4.2,TW,2026-09-17,2
simba-uw-tf-dev,3.4.3,TW,2026-09-17,2
simba-uw-tf-dev,3.4.4,TW,2026-09-17,2
simba-uw-tf-dev,3.4.5,TW,2026-09-17,2
simba-uw-tf-dev,3.4.6,TW,2026-09-17,2
simba-uw-tf-dev,3.4.7,TW,2026-09-17,2
simba-uw-tf-dev,3.4.8,TW,2026-09-17,2
simba-uw-tf-dev,3.4.9,TW,2026-09-17,2
simba-uw-tf-dev,3.5.1,TW,2026-09-17,2
simba-uw-tf-dev,3.5.2,TW,2026-09-17,2
simba-uw-tf-dev,3.5.4,TW,2026-09-17,2
simba-uw-tf-dev,3.5.5,TW,2026-09-17,2
simba-uw-tf-dev,3.5.6,TW,2026-09-17,2
simba-uw-tf-dev,3.5.7,TW,2026-09-17,2
simba-uw-tf-dev,3.5.8,TW,2026-09-17,2
simba-uw-tf-dev,3.5.9,TW,2026-09-17,2
simba-uw-tf-dev,3.6.1,TW,2026-09-17,2
simba-uw-tf-dev,3.6.2,TW,2026-09-17,2
simba-uw-tf-dev,3.6.3,TW,2026-09-17,2
simba-uw-tf-dev,3.6.4,TW,2026-09-17,2
simba-uw-tf-dev,3.6.5,TW,2026-09-17,2
simba-uw-tf-dev,3.6.6,TW,2026-09-17,2
simba-uw-tf-dev,3.6.7,TW,2026-09-17,2
simba-uw-tf-dev,3.6.8,TW,2026-09-17,2
simba-uw-tf-dev,3.6.9,TW,2026-09-17,2
simba-uw-tf-dev,3.7.1,TW,2026-09-17,2
simba-uw-tf-dev,3.7.2,TW,2026-09-17,2
simba-uw-tf-dev,3.7.3,TW,2026-09-17,2
simba-uw-tf-dev,3.7.4,TW,2026-09-17,2
simba-uw-tf-dev,3.7.5,TW,2026-09-17,2
simba-uw-tf-dev,3.7.6,TW,2026-09-17,2
simba-uw-tf-dev,3.7.7,TW,2026-09-17,2
simba-uw-tf-dev,3.7.8,TW,2026-09-17,2
simba-uw-tf-dev,3.7.9,TW,2026-09-17,2
simba-uw-tf-dev,3.8.1,TW,2026-09-17,2
simba-uw-tf-dev,3.8.2,TW,2026-09-17,2
simba-uw-tf-dev,3.8.3,TW,2026-09-17,2
simba-uw-tf-dev,3.8.4,TW,2026-09-17,2
simba-uw-tf-dev,3.8.5,TW,2026-09-17,2
simba-uw-tf-dev,3.8.6,TW,2026-09-17,2
simba-uw-tf-dev,3.8.7,TW,2026-09-17,2
simba-uw-tf-dev,3.8.8,TW,2026-09-17,2
simba-uw-tf-dev,3.8.9,TW,2026-09-17,2
simba-uw-tf-dev,3.9.2,TW,2026-09-17,2
simba-uw-tf-dev,3.9.3,TW,2026-09-17,2
simba-uw-tf-dev,3.9.4,TW,2026-09-17,2
simba-uw-tf-dev,3.9.5,TW,2026-09-17,2
simba-uw-tf-dev,3.9.6,TW,2026-09-17,2
simba-uw-tf-dev,3.9.7,TW,2026-09-17,2
simba-uw-tf-dev,3.9.8,TW,2026-09-17,2
simba-uw-tf-dev,3.9.9,TW,2026-09-17,2
simba-uw-tf-dev,4.0.1,TW,2026-09-17,2
simba-uw-tf-dev,4.0.2,TW,2026-09-17,2
simba-uw-tf-dev,4.0.3,TW,2026-09-17,2
simba-uw-tf-dev,4.0.4,TW,2026-09-17,2
simba-uw-tf-dev,4.0.5,TW,2026-09-17,2
simba-uw-tf-dev,4.0.6,TW,2026-09-17,2
simba-uw-tf-dev,4.0.7,TW,2026-09-17,2
simba-uw-tf-dev,4.0.9,TW,2026-09-17,2
simba-uw-tf-dev,4.1.1,TW,2026-09-17,2
simba-uw-tf-dev,4.1.2,TW,2026-09-17,2
simba-uw-tf-dev,4.1.3,TW,2026-09-17,2
simba-uw-tf-dev,4.1.4,TW,2026-09-17,2
simba-uw-tf-dev,4.1.5,TW,2026-09-17,2
simba-uw-tf-dev,4.1.6,TW,2026-09-17,2
simba-uw-tf-dev,4.1.7,TW,2026-09-17,2
simba-uw-tf-dev,4.1.8,TW,2026-09-17,2
simba-uw-tf-dev,4.1.8,US,2026-09-17,1
simba-uw-tf-dev,4.1.9,TW,2026-09-17,2
simba-uw-tf-dev,4.2.1,TW,2026-09-17,2
simba-uw-tf-dev,4.2.2,TW,2026-09-17,2
simba-uw-tf-dev,4.2.3,TW,2026-09-17,2
simba-uw-tf-dev,4.2.4,TW,2026-09-17,2
simba-uw-tf-dev,4.2.5,TW,2026-09-17,2
simba-uw-tf-dev,4.2.6,TW,2026-09-17,2
simba-uw-tf-dev,4.2.7,TW,2026-09-17,2
simba-uw-tf-dev,4.2.8,TW,2026-09-17,2
simba-uw-tf-dev,4.2.9,TW,2026-09-17,2
simba-uw-tf-dev,4.3.1,TW,2026-09-17,2
simba-uw-tf-dev,4.3.3,TW,2026-09-17,2
simba-uw-tf-dev,4.3.4,TW,2026-09-17,2
simba-uw-tf-dev,4.3.5,TW,2026-09-17,2
simba-uw-tf-dev,4.3.6,TW,2026-09-17,2
simba-uw-tf-dev,4.3.7,TW,2026-09-17,2
simba-uw-tf-dev,4.3.8,TW,2026-09-17,2
simba-uw-tf-dev,4.3.9,TW,2026-09-17,2
simba-uw-tf-dev,4.4.1,TW,2026-09-17,2
simba-uw-tf-dev,4.4.2,TW,2026-09-17,2
simba-uw-tf-dev,4.4.3,TW,2026-09-17,2
simba-uw-tf-dev,4.4.4,TW,2026-09-17,2
simba-uw-tf-dev,4.4.5,TW,2026-09-17,2
simba-uw-tf-dev,4.4.6,TW,2026-09-17,2
simba-uw-tf-dev,4.4.7,TW,2026-09-17,2
simba-uw-tf-dev,4.4.8,TW,2026-09-17,2
simba-uw-tf-dev,4.4.9,TW,2026-09-17,2
simba-uw-tf-dev,4.5.1,TW,2026-09-17,2
simba-uw-tf-dev,4.5.2,TW,2026-09-17,2
simba-uw-tf-dev,4.5.3,TW,2026-09-17,2
simba-uw-tf-dev,4.5.4,TW,2026-09-17,2
simba-uw-tf-dev,4.5.5,TW,2026-09-17,2
simba-uw-tf-dev,4.5.6,TW,2026-09-17,2
simba-uw-tf-dev,4.5.7,TW,2026-09-17,2
simba-uw-tf-dev,4.5.8,TW,2026-09-17,2
simba-uw-tf-dev,4.5.9,TW,2026-09-17,2
simba-uw-tf-dev,4.6.1,TW,2026-09-17,2
simba-uw-tf-dev,4.6.2,TW,2026-09-17,2
simba-uw-tf-dev,4.6.3,TW,2026-09-17,2
simba-uw-tf-dev,4.6.4,TW,2026-09-17,2
simba-uw-tf-dev,4.6.6,TW,2026-09-17,2
simba-uw-tf-dev,4.6.7,TW,2026-09-17,2
simba-uw-tf-dev,4.6.8,TW,2026-09-17,2
simba-uw-tf-dev,4.6.9,TW,2026-09-17,2
simba-uw-tf-dev,4.7.1,TW,2026-09-17,2
simba-uw-tf-dev,4.7.2,TW,2026-09-17,2
simba-uw-tf-dev,4.7.3,TW,2026-09-17,2
simba-uw-tf-dev,4.7.4,TW,2026-09-17,2
simba-uw-tf-dev,4.7.5,TW,2026-09-17,2
simba-uw-tf-dev,4.7.6,TW,2026-09-17,2
simba-uw-tf-dev,4.7.7,TW,2026-09-17,2
simba-uw-tf-dev,4.7.8,TW,2026-09-17,2
simba-uw-tf-dev,4.7.9,TW,2026-09-17,2
simba-uw-tf-dev,4.8.1,TW,2026-09-17,2
simba-uw-tf-dev,4.8.2,TW,2026-09-17,2
simba-uw-tf-dev,4.8.3,AT,2026-09-17,2
simba-uw-tf-dev,4.8.3,TW,2026-09-17,2
simba-uw-tf-dev,4.8.4,AT,2026-09-17,2
simba-uw-tf-dev,4.8.4,TW,2026-09-17,2
simba-uw-tf-dev,4.8.5,AT,2026-09-17,2
simba-uw-tf-dev,4.8.5,TW,2026-09-17,2
simba-uw-tf-dev,4.8.6,TW,2026-09-17,2
simba-uw-tf-dev,4.8.7,TW,2026-09-17,2
simba-uw-tf-dev,4.8.8,TW,2026-09-17,2
simba-uw-tf-dev,4.8.9,TW,2026-09-17,2
simba-uw-tf-dev,4.9.1,TW,2026-09-17,2
simba-uw-tf-dev,4.9.2,TW,2026-09-17,2
simba-uw-tf-dev,4.9.3,TW,2026-09-17,2
simba-uw-tf-dev,4.9.4,TW,2026-09-17,2
simba-uw-tf-dev,4.9.5,TW,2026-09-17,2
simba-uw-tf-dev,4.9.6,TW,2026-09-17,2
simba-uw-tf-dev,4.9.7,TW,2026-09-17,2
simba-uw-tf-dev,4.9.7,US,2026-09-17,1
simba-uw-tf-dev,4.9.8,TW,2026-09-17,2
simba-uw-tf-dev,4.9.9,TW,2026-09-17,2
simba-uw-tf-dev,5.1.1,TW,2026-09-17,2
simba-uw-tf-dev,5.1.2,TW,2026-09-17,2
simba-uw-tf-dev,5.1.3,TW,2026-09-17,2
simba-uw-tf-dev,5.1.4,TW,2026-09-17,2
simba-uw-tf-dev,5.1.5,TW,2026-09-17,2
simba-uw-tf-dev,5.1.6,TW,2026-09-17,2
simba-uw-tf-dev,5.1.7,TW,2026-09-17,2
simba-uw-tf-dev,5.1.8,TW,2026-09-17,2
simba-uw-tf-dev,5.1.9,TW,2026-09-17,2
simba-uw-tf-dev,5.2.1,TW,2026-09-17,2
simba-uw-tf-dev,5.2.2,TW,2026-09-17,2
simba-uw-tf-dev,5.2.3,TW,2026-09-17,2
simba-uw-tf-dev,5.2.4,TW,2026-09-17,2
simba-uw-tf-dev,5.2.5,TW,2026-09-17,2
simba-uw-tf-dev,5.2.6,TW,2026-09-17,2
simba-uw-tf-dev,5.2.7,TW,2026-09-17,2
simba-uw-tf-dev,5.2.8,TW,2026-09-17,2
simba-uw-tf-dev,5.2.9,TW,2026-09-17,2
simba-uw-tf-dev,5.3.1,TW,2026-09-17,2
simba-uw-tf-dev,5.3.2,TW,2026-09-17,2
simba-uw-tf-dev,5.3.3,TW,2026-09-17,1
simba-uw-tf-dev,5.3.4,TW,2026-09-17,2
simba-uw-tf-dev,5.3.5,TW,2026-09-17,2
simba-uw-tf-dev,5.3.6,TW,2026-09-17,2
simba-uw-tf-dev,5.3.7,TW,2026-09-17,2
simba-uw-tf-dev,5.3.8,TW,2026-09-17,2
simba-uw-tf-dev,5.3.9,TW,2026-09-17,2
simba-uw-tf-dev,5.4.1,TW,2026-09-17,2
simba-uw-tf-dev,5.4.2,TW,2026-09-17,2
simba-uw-tf-dev,5.4.3,TW,2026-09-17,2
simba-uw-tf-dev,5.4.4,TW,2026-09-17,2
simba-uw-tf-dev,5.4.5,TW,2026-09-17,2
simba-uw-tf-dev,5.4.6,TW,2026-09-17,2
simba-uw-tf-dev,5.4.7,TW,2026-09-17,2
simba-uw-tf-dev,5.4.8,TW,2026-09-17,2
simba-uw-tf-dev,5.4.9,TW,2026-09-17,2
simba-uw-tf-dev,5.5.1,TW,2026-09-17,2
simba-uw-tf-dev,5.5.2,HK,2026-09-17,1
simba-uw-tf-dev,5.5.2,TW,2026-09-17,2
simba-uw-tf-dev,5.5.2,US,2026-09-17,1
simba-uw-tf-dev,5.5.3,HK,2026-09-17,1
simba-uw-tf-dev,5.5.3,TW,2026-09-17,2
simba-uw-tf-dev,5.5.4,HK,2026-09-17,1
simba-uw-tf-dev,5.5.4,TW,2026-09-17,2
simba-uw-tf-dev,5.5.5,HK,2026-09-17,1
simba-uw-tf-dev,5.5.5,TW,2026-09-17,2
simba-uw-tf-dev,5.5.6,DK,2026-09-17,1
simba-uw-tf-dev,5.5.6,HK,2026-09-17,1
simba-uw-tf-dev,5.5.6,TW,2026-09-17,2
simba-uw-tf-dev,5.5.6,US,2026-09-17,6
simba-uw-tf-dev,0.62,US,2026-09-16,1
simba-uw-tf-dev,0.77,US,2026-09-16,1
simba-uw-tf-dev,0.78.2,US,2026-09-16,1
simba-uw-tf-dev,0.78.5,US,2026-09-16,1
simba-uw-tf-dev,0.80.3,US,2026-09-16,1
simba-uw-tf-dev,0.81.0,HK,2026-09-16,1
simba-uw-tf-dev,0.91.5,RU,2026-09-16,1
simba-uw-tf-dev,0.95.7,US,2026-09-16,1
simba-uw-tf-dev,0.97.4,HK,2026-09-16,1
simba-uw-tf-dev,0.97.8,US,2026-09-16,1
simba-uw-tf-dev,1.21.7,HK,2026-09-16,1
simba-uw-tf-dev,1.33.7,US,2026-09-16,1
simba-uw-tf-dev,1.51.2,DE,2026-09-16,1
simba-uw-tf-dev,1.53.9,US,2026-09-16,1
simba-uw-tf-dev,1.56.2,US,2026-09-16,1
simba-uw-tf-dev,1.57.4,US,2026-09-16,1
simba-uw-tf-dev,1.58.7,HK,2026-09-16,1
simba-uw-tf-dev,1.59.3,US,2026-09-16,1
simba-uw-tf-dev,1.62.9,US,2026-09-16,1
simba-uw-tf-dev,1.63.6,US,2026-09-16,1
simba-uw-tf-dev,1.65.2,US,2026-09-16,1
simba-uw-tf-dev,1.65.9,US,2026-09-16,1
simba-uw-tf-dev,1.70.1,US,2026-09-16,2
simba-uw-tf-dev,1.71.4,US,2026-09-16,1
simba-uw-tf-dev,1.75.1,US,2026-09-16,1
simba-uw-tf-dev,1.76.4,US,2026-09-16,1
simba-uw-tf-dev,1.83.8,US,2026-09-16,1
simba-uw-tf-dev,1.91.7,US,2026-09-16,1
simba-uw-tf-dev,1.91.8,SG,2026-09-16,1
simba-uw-tf-dev,1.95.9,DE,2026-09-16,2
simba-uw-tf-dev,2.0.3,US,2026-09-16,1
simba-uw-tf-dev,2.8.3,US,2026-09-16,1
simba-uw-tf-dev,3.0.1,DE,2026-09-16,1
simba-uw-tf-dev,4.5.8,US,2026-09-16,1
simba-uw-tf-dev,4.8.6,AT,2026-09-16,2
simba-uw-tf-dev,4.8.7,AT,2026-09-16,2
simba-uw-tf-dev,4.8.8,AT,2026-09-16,2
simba-uw-tf-dev,4.8.9,AT,2026-09-16,2
simba-uw-tf-dev,4.9.1,AT,2026-09-16,2
simba-uw-tf-dev,4.9.2,AT,2026-09-16,2
simba-uw-tf-dev,5.2.4,US,2026-09-16,1
simba-uw-tf-dev,5.3.9,US,2026-09-16,1
simba-uw-tf-dev,5.4.6,CN,2026-09-16,1
simba-uw-tf-dev,5.5.2,NL,2026-09-16,1
simba-uw-tf-dev,5.5.3,US,2026-09-16,1
simba-uw-tf-dev,5.5.4,IN,2026-09-16,1
simba-uw-tf-dev,5.5.4,KR,2026-09-16,1
simba-uw-tf-dev,5.5.5,IN,2026-09-16,1
simba-uw-tf-dev,5.5.5,US,2026-09-16,3
simba-uw-tf-dev,5.5.6,CA,2026-09-16,2
simba-uw-tf-dev,5.5.6,IN,2026-09-16,1
simba-uw-tf-dev,5.5.6,IT,2026-09-16,1
simba-uw-tf-dev,5.5.6,KR,2026-09-16,1
simba-uw-tf-dev,5.5.6,NL,2026-09-16,1
simba-uw-tf-dev,5.5.6,US,2026-09-16,14
simba-uw-tf-dev,0.2,US,2026-09-15,1
simba-uw-tf-dev,0.82.7,US,2026-09-15,1
simba-uw-tf-dev,0.94.9,US,2026-09-15,1
simba-uw-tf-dev,1.1.0,US,2026-09-15,2
simba-uw-tf-dev,1.51.5,US,2026-09-15,3
simba-uw-tf-dev,1.52.9,US,2026-09-15,3
simba-uw-tf-dev,1.60.7,US,2026-09-15,1
simba-uw-tf-dev,1.72.6,US,2026-09-15,1
simba-uw-tf-dev,1.73.8,US,2026-09-15,1
simba-uw-tf-dev,1.80.2,US,2026-09-15,1
simba-uw-tf-dev,1.83.3,US,2026-09-15,1
simba-uw-tf-dev,1.95.3,US,2026-09-15,1
simba-uw-tf-dev,1.95.8,DE,2026-09-15,2
simba-uw-tf-dev,2.1.6,US,2026-09-15,1
simba-uw-tf-dev,4.9.3,AT,2026-09-15,2
simba-uw-tf-dev,4.9.4,AT,2026-09-15,2
simba-uw-tf-dev,4.9.5,AT,2026-09-15,2
simba-uw-tf-dev,4.9.6,AT,2026-09-15,2
simba-uw-tf-dev,4.9.7,AT,2026-09-15,2
simba-uw-tf-dev,4.9.8,AT,2026-09-15,2
simba-uw-tf-dev,5.4.4,SG,2026-09-15,1
simba-uw-tf-dev,5.5.2,CN,2026-09-15,2
simba-uw-tf-dev,5.5.3,CN,2026-09-15,2
simba-uw-tf-dev,5.5.3,NL,2026-09-15,1
simba-uw-tf-dev,5.5.4,CN,2026-09-15,2
simba-uw-tf-dev,5.5.5,CN,2026-09-15,2
simba-uw-tf-dev,5.5.6,CN,2026-09-15,2
simba-uw-tf-dev,5.5.6,ID,2026-09-15,1
simba-uw-tf-dev,5.5.6,IT,2026-09-15,1
simba-uw-tf-dev,5.5.6,SE,2026-09-15,1
simba-uw-tf-dev,5.5.6,US,2026-09-15,8
simba-uw-tf-dev,0.0.1,US,2026-09-14,2
simba-uw-tf-dev,0.4,US,2026-09-14,2
simba-uw-tf-dev,0.70,US,2026-09-14,2
simba-uw-tf-dev,0.71,US,2026-09-14,2
simba-uw-tf-dev,0.72,US,2026-09-14,2
simba-uw-tf-dev,0.73,US,2026-09-14,2
simba-uw-tf-dev,0.76.1,US,2026-09-14,2
simba-uw-tf-dev,0.76.2,US,2026-09-14,2
simba-uw-tf-dev,0.76.3,US,2026-09-14,2
simba-uw-tf-dev,0.76.4,US,2026-09-14,2
simba-uw-tf-dev,0.76.5,US,2026-09-14,2
simba-uw-tf-dev,0.76.6,US,2026-09-14,2
simba-uw-tf-dev,0.76.8,US,2026-09-14,2
simba-uw-tf-dev,0.76.9,US,2026-09-14,2
simba-uw-tf-dev,0.77,US,2026-09-14,2
simba-uw-tf-dev,0.86.0,JP,2026-09-14,1
simba-uw-tf-dev,1.40.0,US,2026-09-14,2
simba-uw-tf-dev,1.40.1,US,2026-09-14,2
simba-uw-tf-dev,1.40.2,US,2026-09-14,2
simba-uw-tf-dev,1.40.4,US,2026-09-14,2
simba-uw-tf-dev,1.40.5,US,2026-09-14,2
simba-uw-tf-dev,1.40.6,US,2026-09-14,1
simba-uw-tf-dev,1.40.7,US,2026-09-14,2
simba-uw-tf-dev,1.40.8,US,2026-09-14,2
simba-uw-tf-dev,1.40.9,US,2026-09-14,2
simba-uw-tf-dev,1.50.1,US,2026-09-14,2
simba-uw-tf-dev,1.50.2,US,2026-09-14,2
simba-uw-tf-dev,1.50.3,US,2026-09-14,2
simba-uw-tf-dev,1.50.4,US,2026-09-14,3
simba-uw-tf-dev,1.50.5,US,2026-09-14,2
simba-uw-tf-dev,1.50.6,US,2026-09-14,2
simba-uw-tf-dev,1.50.7,US,2026-09-14,2
simba-uw-tf-dev,1.50.8,US,2026-09-14,3
simba-uw-tf-dev,1.50.9,US,2026-09-14,2
simba-uw-tf-dev,1.51.1,US,2026-09-14,2
simba-uw-tf-dev,1.51.2,US,2026-09-14,2
simba-uw-tf-dev,1.51.3,US,2026-09-14,2
simba-uw-tf-dev,1.51.4,US,2026-09-14,2
simba-uw-tf-dev,1.51.5,ID,2026-09-14,1
simba-uw-tf-dev,1.51.5,US,2026-09-14,2
simba-uw-tf-dev,1.51.6,US,2026-09-14,2
simba-uw-tf-dev,1.51.7,US,2026-09-14,2
simba-uw-tf-dev,1.51.8,US,2026-09-14,2
simba-uw-tf-dev,1.51.9,US,2026-09-14,2
simba-uw-tf-dev,1.52.1,US,2026-09-14,2
simba-uw-tf-dev,1.52.2,US,2026-09-14,2
simba-uw-tf-dev,1.52.3,US,2026-09-14,2
simba-uw-tf-dev,1.52.4,US,2026-09-14,2
simba-uw-tf-dev,1.52.8,HK,2026-09-14,1
simba-uw-tf-dev,1.52.9,US,2026-09-14,1
simba-uw-tf-dev,1.52.91,US,2026-09-14,2
simba-uw-tf-dev,1.52.92,US,2026-09-14,2
simba-uw-tf-dev,1.53.1,US,2026-09-14,2
simba-uw-tf-dev,1.53.2,US,2026-09-14,2
simba-uw-tf-dev,1.53.3,US,2026-09-14,2
simba-uw-tf-dev,1.53.4,US,2026-09-14,2
simba-uw-tf-dev,1.53.5,US,2026-09-14,2
simba-uw-tf-dev,1.53.6,US,2026-09-14,2
simba-uw-tf-dev,1.53.7,US,2026-09-14,2
simba-uw-tf-dev,1.53.8,US,2026-09-14,2
simba-uw-tf-dev,1.53.9,US,2026-09-14,2
simba-uw-tf-dev,1.54.1,US,2026-09-14,2
simba-uw-tf-dev,1.54.2,US,2026-09-14,2
simba-uw-tf-dev,1.54.3,US,2026-09-14,2
simba-uw-tf-dev,1.54.4,US,2026-09-14,2
simba-uw-tf-dev,1.54.5,US,2026-09-14,2
simba-uw-tf-dev,1.54.6,US,2026-09-14,2
simba-uw-tf-dev,1.54.7,HK,2026-09-14,1
simba-uw-tf-dev,1.54.7,US,2026-09-14,2
simba-uw-tf-dev,1.54.8,US,2026-09-14,2
simba-uw-tf-dev,1.54.9,US,2026-09-14,2
simba-uw-tf-dev,1.55.1,US,2026-09-14,2
simba-uw-tf-dev,1.55.2,US,2026-09-14,2
simba-uw-tf-dev,1.55.3,US,2026-09-14,2
simba-uw-tf-dev,1.55.4,US,2026-09-14,2
simba-uw-tf-dev,1.55.5,US,2026-09-14,2
simba-uw-tf-dev,1.55.6,US,2026-09-14,2
simba-uw-tf-dev,1.55.7,US,2026-09-14,2
simba-uw-tf-dev,1.55.8,US,2026-09-14,2
simba-uw-tf-dev,1.55.9,US,2026-09-14,2
simba-uw-tf-dev,1.56.1,US,2026-09-14,2
simba-uw-tf-dev,1.56.2,US,2026-09-14,2
simba-uw-tf-dev,1.56.3,US,2026-09-14,2
simba-uw-tf-dev,1.56.4,US,2026-09-14,2
simba-uw-tf-dev,1.56.5,CN,2026-09-14,1
simba-uw-tf-dev,1.56.5,US,2026-09-14,2
simba-uw-tf-dev,1.56.7,US,2026-09-14,2
simba-uw-tf-dev,1.56.8,US,2026-09-14,2
simba-uw-tf-dev,1.56.9,US,2026-09-14,2
simba-uw-tf-dev,1.57.2,SG,2026-09-14,1
simba-uw-tf-dev,1.57.2,US,2026-09-14,2
simba-uw-tf-dev,1.57.3,US,2026-09-14,2
simba-uw-tf-dev,1.57.4,US,2026-09-14,2
simba-uw-tf-dev,1.57.5,US,2026-09-14,2
simba-uw-tf-dev,1.57.6,US,2026-09-14,2
simba-uw-tf-dev,1.57.8,US,2026-09-14,2
simba-uw-tf-dev,1.57.9,US,2026-09-14,2
simba-uw-tf-dev,1.58.1,US,2026-09-14,2
simba-uw-tf-dev,1.58.2,US,2026-09-14,2
simba-uw-tf-dev,1.58.3,US,2026-09-14,2
simba-uw-tf-dev,1.58.4,US,2026-09-14,2
simba-uw-tf-dev,1.58.5,US,2026-09-14,2
simba-uw-tf-dev,1.58.6,US,2026-09-14,2
simba-uw-tf-dev,1.58.7,US,2026-09-14,2
simba-uw-tf-dev,1.58.8,US,2026-09-14,2
simba-uw-tf-dev,1.58.9,US,2026-09-14,2
simba-uw-tf-dev,1.59.1,US,2026-09-14,2
simba-uw-tf-dev,1.59.2,US,2026-09-14,2
simba-uw-tf-dev,1.59.3,US,2026-09-14,2
simba-uw-tf-dev,1.59.4,US,2026-09-14,2
simba-uw-tf-dev,1.60.1,US,2026-09-14,2
simba-uw-tf-dev,1.60.2,US,2026-09-14,2
simba-uw-tf-dev,1.60.3,US,2026-09-14,2
simba-uw-tf-dev,1.60.4,US,2026-09-14,2
simba-uw-tf-dev,1.60.5,US,2026-09-14,2
simba-uw-tf-dev,1.60.6,US,2026-09-14,2
simba-uw-tf-dev,1.60.7,US,2026-09-14,2
simba-uw-tf-dev,1.60.9,US,2026-09-14,4
simba-uw-tf-dev,1.61.1,US,2026-09-14,2
simba-uw-tf-dev,1.61.2,US,2026-09-14,2
simba-uw-tf-dev,1.61.3,US,2026-09-14,2
simba-uw-tf-dev,1.61.4,US,2026-09-14,2
simba-uw-tf-dev,1.61.5,US,2026-09-14,2
simba-uw-tf-dev,1.61.6,US,2026-09-14,2
simba-uw-tf-dev,1.61.7,US,2026-09-14,2
simba-uw-tf-dev,1.61.8,US,2026-09-14,2
simba-uw-tf-dev,1.61.9,US,2026-09-14,2
simba-uw-tf-dev,1.62.1,US,2026-09-14,3
simba-uw-tf-dev,1.62.2,US,2026-09-14,2
simba-uw-tf-dev,1.62.3,US,2026-09-14,2
simba-uw-tf-dev,1.62.4,US,2026-09-14,2
simba-uw-tf-dev,1.62.5,US,2026-09-14,2
simba-uw-tf-dev,1.62.6,US,2026-09-14,2
simba-uw-tf-dev,1.62.7,US,2026-09-14,2
simba-uw-tf-dev,1.62.8,US,2026-09-14,2
simba-uw-tf-dev,1.62.9,US,2026-09-14,2
simba-uw-tf-dev,1.63.1,US,2026-09-14,2
simba-uw-tf-dev,1.63.2,US,2026-09-14,2
simba-uw-tf-dev,1.63.3,US,2026-09-14,2
simba-uw-tf-dev,1.63.4,US,2026-09-14,2
simba-uw-tf-dev,1.63.5,US,2026-09-14,3
simba-uw-tf-dev,1.63.6,US,2026-09-14,2
simba-uw-tf-dev,1.63.7,US,2026-09-14,2
simba-uw-tf-dev,1.63.8,US,2026-09-14,2
simba-uw-tf-dev,1.63.9,US,2026-09-14,2
simba-uw-tf-dev,1.64.1,US,2026-09-14,2
simba-uw-tf-dev,1.64.2,US,2026-09-14,2
simba-uw-tf-dev,1.64.3,US,2026-09-14,2
simba-uw-tf-dev,1.64.4,US,2026-09-14,2
simba-uw-tf-dev,1.64.5,US,2026-09-14,2
simba-uw-tf-dev,1.64.6,US,2026-09-14,2
simba-uw-tf-dev,1.64.7,US,2026-09-14,2
simba-uw-tf-dev,1.64.8,US,2026-09-14,2
simba-uw-tf-dev,1.64.9,US,2026-09-14,2
simba-uw-tf-dev,1.65.1,US,2026-09-14,2
simba-uw-tf-dev,1.65.2,US,2026-09-14,2
simba-uw-tf-dev,1.65.3,US,2026-09-14,2
simba-uw-tf-dev,1.65.4,US,2026-09-14,2
simba-uw-tf-dev,1.65.5,US,2026-09-14,2
simba-uw-tf-dev,1.65.6,US,2026-09-14,2
simba-uw-tf-dev,1.65.7,US,2026-09-14,2
simba-uw-tf-dev,1.65.8,US,2026-09-14,2
simba-uw-tf-dev,1.65.9,US,2026-09-14,2
simba-uw-tf-dev,1.70.1,US,2026-09-14,2
simba-uw-tf-dev,1.70.2,US,2026-09-14,2
simba-uw-tf-dev,1.70.3,US,2026-09-14,2
simba-uw-tf-dev,1.70.4,US,2026-09-14,2
simba-uw-tf-dev,1.70.5,US,2026-09-14,2
simba-uw-tf-dev,1.70.6,US,2026-09-14,2
simba-uw-tf-dev,1.70.7,US,2026-09-14,2
simba-uw-tf-dev,1.70.8,US,2026-09-14,2
simba-uw-tf-dev,1.70.9,US,2026-09-14,2
simba-uw-tf-dev,1.71.1,US,2026-09-14,2
simba-uw-tf-dev,1.71.2,US,2026-09-14,2
simba-uw-tf-dev,1.71.3,US,2026-09-14,2
simba-uw-tf-dev,1.71.4,US,2026-09-14,2
simba-uw-tf-dev,1.71.5,US,2026-09-14,2
simba-uw-tf-dev,1.71.6,US,2026-09-14,2
simba-uw-tf-dev,1.71.7,US,2026-09-14,2
simba-uw-tf-dev,1.71.8,US,2026-09-14,2
simba-uw-tf-dev,1.71.9,US,2026-09-14,2
simba-uw-tf-dev,1.72.1,US,2026-09-14,2
simba-uw-tf-dev,1.72.2,US,2026-09-14,2
simba-uw-tf-dev,1.72.3,US,2026-09-14,2
simba-uw-tf-dev,1.72.4,US,2026-09-14,2
simba-uw-tf-dev,1.72.5,US,2026-09-14,2
simba-uw-tf-dev,1.72.6,US,2026-09-14,2
simba-uw-tf-dev,1.72.7,US,2026-09-14,2
simba-uw-tf-dev,1.72.8,US,2026-09-14,2
simba-uw-tf-dev,1.73.1,US,2026-09-14,2
simba-uw-tf-dev,1.73.2,US,2026-09-14,2
simba-uw-tf-dev,1.73.3,US,2026-09-14,2
simba-uw-tf-dev,1.73.5,US,2026-09-14,2
simba-uw-tf-dev,1.73.6,US,2026-09-14,2
simba-uw-tf-dev,1.73.7,US,2026-09-14,2
simba-uw-tf-dev,1.73.8,US,2026-09-14,2
simba-uw-tf-dev,1.73.9,US,2026-09-14,2
simba-uw-tf-dev,1.74.1,US,2026-09-14,2
simba-uw-tf-dev,1.74.2,US,2026-09-14,2
simba-uw-tf-dev,1.74.3,US,2026-09-14,2
simba-uw-tf-dev,1.74.4,US,2026-09-14,2
simba-uw-tf-dev,1.74.5,US,2026-09-14,2
simba-uw-tf-dev,1.74.6,US,2026-09-14,2
simba-uw-tf-dev,1.74.7,US,2026-09-14,2
simba-uw-tf-dev,1.74.8,US,2026-09-14,2
simba-uw-tf-dev,1.74.9,US,2026-09-14,2
simba-uw-tf-dev,1.75.1,US,2026-09-14,2
simba-uw-tf-dev,1.75.2,US,2026-09-14,2
simba-uw-tf-dev,1.75.3,US,2026-09-14,2
simba-uw-tf-dev,1.75.4,US,2026-09-14,2
simba-uw-tf-dev,1.75.5,US,2026-09-14,2
simba-uw-tf-dev,1.75.6,US,2026-09-14,2
simba-uw-tf-dev,1.75.7,US,2026-09-14,2
simba-uw-tf-dev,1.75.8,US,2026-09-14,2
simba-uw-tf-dev,1.75.9,US,2026-09-14,2
simba-uw-tf-dev,1.76.1,US,2026-09-14,2
simba-uw-tf-dev,1.76.2,US,2026-09-14,2
simba-uw-tf-dev,1.76.3,US,2026-09-14,2
simba-uw-tf-dev,1.76.4,US,2026-09-14,2
simba-uw-tf-dev,1.76.5,US,2026-09-14,2
simba-uw-tf-dev,1.76.6,US,2026-09-14,2
simba-uw-tf-dev,1.76.7,US,2026-09-14,2
simba-uw-tf-dev,1.76.8,US,2026-09-14,2
simba-uw-tf-dev,1.76.9,US,2026-09-14,2
simba-uw-tf-dev,1.77.1,US,2026-09-14,2
simba-uw-tf-dev,1.77.2,US,2026-09-14,2
simba-uw-tf-dev,1.77.3,US,2026-09-14,2
simba-uw-tf-dev,1.77.4,US,2026-09-14,2
simba-uw-tf-dev,1.77.5,US,2026-09-14,2
simba-uw-tf-dev,1.77.6,US,2026-09-14,2
simba-uw-tf-dev,1.77.7,US,2026-09-14,2
simba-uw-tf-dev,1.77.8,US,2026-09-14,2
simba-uw-tf-dev,1.77.9,US,2026-09-14,2
simba-uw-tf-dev,1.78.1,US,2026-09-14,2
simba-uw-tf-dev,1.78.2,US,2026-09-14,2
simba-uw-tf-dev,1.78.3,US,2026-09-14,2
simba-uw-tf-dev,1.78.4,US,2026-09-14,2
simba-uw-tf-dev,1.78.5,US,2026-09-14,2
simba-uw-tf-dev,1.78.6,US,2026-09-14,2
simba-uw-tf-dev,1.78.7,US,2026-09-14,2
simba-uw-tf-dev,1.78.8,US,2026-09-14,2
simba-uw-tf-dev,1.78.9,US,2026-09-14,2
simba-uw-tf-dev,1.79.1,US,2026-09-14,2
simba-uw-tf-dev,1.79.2,US,2026-09-14,2
simba-uw-tf-dev,1.79.3,US,2026-09-14,2
simba-uw-tf-dev,1.79.4,US,2026-09-14,2
simba-uw-tf-dev,1.79.5,US,2026-09-14,2
simba-uw-tf-dev,1.79.6,US,2026-09-14,2
simba-uw-tf-dev,1.79.7,US,2026-09-14,2
simba-uw-tf-dev,1.79.8,US,2026-09-14,2
simba-uw-tf-dev,1.79.9,US,2026-09-14,2
simba-uw-tf-dev,1.80.1,US,2026-09-14,2
simba-uw-tf-dev,1.80.2,US,2026-09-14,2
simba-uw-tf-dev,1.80.3,US,2026-09-14,2
simba-uw-tf-dev,1.80.4,US,2026-09-14,2
simba-uw-tf-dev,1.80.5,US,2026-09-14,2
simba-uw-tf-dev,1.80.6,US,2026-09-14,2
simba-uw-tf-dev,1.80.7,US,2026-09-14,2
simba-uw-tf-dev,1.80.8,US,2026-09-14,2
simba-uw-tf-dev,1.80.9,US,2026-09-14,2
simba-uw-tf-dev,1.81.1,US,2026-09-14,2
simba-uw-tf-dev,1.81.2,US,2026-09-14,2
simba-uw-tf-dev,1.81.3,US,2026-09-14,2
simba-uw-tf-dev,1.81.4,US,2026-09-14,2
simba-uw-tf-dev,1.81.5,US,2026-09-14,2
simba-uw-tf-dev,1.81.6,US,2026-09-14,2
simba-uw-tf-dev,1.81.7,US,2026-09-14,2
simba-uw-tf-dev,1.81.8,US,2026-09-14,2
simba-uw-tf-dev,1.81.9,US,2026-09-14,2
simba-uw-tf-dev,1.82.1,US,2026-09-14,2
simba-uw-tf-dev,1.82.3,US,2026-09-14,2
simba-uw-tf-dev,1.83.1,US,2026-09-14,2
simba-uw-tf-dev,1.83.2,US,2026-09-14,2
simba-uw-tf-dev,1.83.3,US,2026-09-14,2
simba-uw-tf-dev,1.83.4,US,2026-09-14,2
simba-uw-tf-dev,1.83.5,US,2026-09-14,2
simba-uw-tf-dev,1.83.6,US,2026-09-14,2
simba-uw-tf-dev,1.83.7,US,2026-09-14,2
simba-uw-tf-dev,1.83.8,US,2026-09-14,2
simba-uw-tf-dev,1.83.9,US,2026-09-14,2
simba-uw-tf-dev,1.84.1,US,2026-09-14,2
simba-uw-tf-dev,1.84.3,CN,2026-09-14,1
simba-uw-tf-dev,1.84.3,US,2026-09-14,2
simba-uw-tf-dev,1.84.4,US,2026-09-14,2
simba-uw-tf-dev,1.84.5,US,2026-09-14,2
simba-uw-tf-dev,1.84.6,US,2026-09-14,2
simba-uw-tf-dev,1.84.7,US,2026-09-14,2
simba-uw-tf-dev,1.84.8,US,2026-09-14,2
simba-uw-tf-dev,1.84.9,US,2026-09-14,2
simba-uw-tf-dev,1.85.1,US,2026-09-14,2
simba-uw-tf-dev,1.85.2,US,2026-09-14,2
simba-uw-tf-dev,1.85.3,US,2026-09-14,2
simba-uw-tf-dev,1.85.4,US,2026-09-14,2
simba-uw-tf-dev,1.85.5,US,2026-09-14,2
simba-uw-tf-dev,1.85.6,US,2026-09-14,2
simba-uw-tf-dev,1.85.7,US,2026-09-14,2
simba-uw-tf-dev,1.85.8,US,2026-09-14,2
simba-uw-tf-dev,1.85.9,US,2026-09-14,2
simba-uw-tf-dev,1.86.1,US,2026-09-14,2
simba-uw-tf-dev,1.86.2,US,2026-09-14,2
simba-uw-tf-dev,1.86.3,US,2026-09-14,2
simba-uw-tf-dev,1.86.4,US,2026-09-14,2
simba-uw-tf-dev,1.86.6,US,2026-09-14,2
simba-uw-tf-dev,1.86.7,US,2026-09-14,2
simba-uw-tf-dev,1.87.1,US,2026-09-14,2
simba-uw-tf-dev,1.87.2,US,2026-09-14,2
simba-uw-tf-dev,1.87.3,US,2026-09-14,2
simba-uw-tf-dev,1.87.4,US,2026-09-14,2
simba-uw-tf-dev,1.87.5,US,2026-09-14,2
simba-uw-tf-dev,1.87.6,US,2026-09-14,2
simba-uw-tf-dev,1.87.7,US,2026-09-14,2
simba-uw-tf-dev,1.87.8,US,2026-09-14,2
simba-uw-tf-dev,1.87.9,US,2026-09-14,2
simba-uw-tf-dev,1.88.1,US,2026-09-14,2
simba-uw-tf-dev,1.88.2,US,2026-09-14,2
simba-uw-tf-dev,1.88.3,US,2026-09-14,2
simba-uw-tf-dev,1.88.4,US,2026-09-14,2
simba-uw-tf-dev,1.88.5,US,2026-09-14,2
simba-uw-tf-dev,1.88.6,US,2026-09-14,2
simba-uw-tf-dev,1.88.7,US,2026-09-14,2
simba-uw-tf-dev,1.88.8,US,2026-09-14,2
simba-uw-tf-dev,1.88.9,US,2026-09-14,2
simba-uw-tf-dev,1.89.1,US,2026-09-14,2
simba-uw-tf-dev,1.89.2,US,2026-09-14,2
simba-uw-tf-dev,1.89.3,US,2026-09-14,2
simba-uw-tf-dev,1.89.4,US,2026-09-14,2
simba-uw-tf-dev,1.89.5,US,2026-09-14,2
simba-uw-tf-dev,1.89.6,US,2026-09-14,2
simba-uw-tf-dev,1.89.7,US,2026-09-14,2
simba-uw-tf-dev,1.89.8,US,2026-09-14,2
simba-uw-tf-dev,1.89.9,US,2026-09-14,2
simba-uw-tf-dev,1.90.1,US,2026-09-14,2
simba-uw-tf-dev,1.90.2,US,2026-09-14,2
simba-uw-tf-dev,1.90.3,US,2026-09-14,2
simba-uw-tf-dev,1.90.4,US,2026-09-14,2
simba-uw-tf-dev,1.90.5,US,2026-09-14,2
simba-uw-tf-dev,1.90.6,US,2026-09-14,2
simba-uw-tf-dev,1.90.7,US,2026-09-14,2
simba-uw-tf-dev,1.90.8,US,2026-09-14,2
simba-uw-tf-dev,1.90.9,US,2026-09-14,2
simba-uw-tf-dev,1.91.1,US,2026-09-14,2
simba-uw-tf-dev,1.91.2,US,2026-09-14,2
simba-uw-tf-dev,1.91.3,US,2026-09-14,2
simba-uw-tf-dev,1.91.4,US,2026-09-14,2
simba-uw-tf-dev,1.91.5,US,2026-09-14,2
simba-uw-tf-dev,1.91.6,US,2026-09-14,2
simba-uw-tf-dev,1.91.7,US,2026-09-14,2
simba-uw-tf-dev,1.91.8,US,2026-09-14,2
simba-uw-tf-dev,1.91.9,US,2026-09-14,2
simba-uw-tf-dev,1.92.1,US,2026-09-14,2
simba-uw-tf-dev,1.92.2,US,2026-09-14,2
simba-uw-tf-dev,1.92.3,US,2026-09-14,2
simba-uw-tf-dev,1.92.4,US,2026-09-14,2
simba-uw-tf-dev,1.92.5,US,2026-09-14,2
simba-uw-tf-dev,1.92.7,US,2026-09-14,2
simba-uw-tf-dev,1.92.8,US,2026-09-14,2
simba-uw-tf-dev,1.92.9,US,2026-09-14,2
simba-uw-tf-dev,1.93.1,US,2026-09-14,2
simba-uw-tf-dev,1.93.2,US,2026-09-14,2
simba-uw-tf-dev,1.93.3,US,2026-09-14,2
simba-uw-tf-dev,1.93.4,US,2026-09-14,2
simba-uw-tf-dev,1.93.5,US,2026-09-14,2
simba-uw-tf-dev,1.93.6,US,2026-09-14,2
simba-uw-tf-dev,1.93.7,US,2026-09-14,2
simba-uw-tf-dev,1.93.8,US,2026-09-14,2
simba-uw-tf-dev,1.93.9,US,2026-09-14,2
simba-uw-tf-dev,1.94.1,US,2026-09-14,2
simba-uw-tf-dev,1.94.2,US,2026-09-14,2
simba-uw-tf-dev,1.94.3,US,2026-09-14,2
simba-uw-tf-dev,1.94.4,US,2026-09-14,2
simba-uw-tf-dev,1.94.5,US,2026-09-14,2
simba-uw-tf-dev,1.94.6,US,2026-09-14,2
simba-uw-tf-dev,1.94.7,US,2026-09-14,2
simba-uw-tf-dev,1.94.8,US,2026-09-14,2
simba-uw-tf-dev,1.94.9,US,2026-09-14,2
simba-uw-tf-dev,1.95.1,US,2026-09-14,2
simba-uw-tf-dev,1.95.2,US,2026-09-14,2
simba-uw-tf-dev,1.95.3,US,2026-09-14,1
simba-uw-tf-dev,1.95.4,US,2026-09-14,2
simba-uw-tf-dev,1.95.5,US,2026-09-14,2
simba-uw-tf-dev,1.95.6,US,2026-09-14,2
simba-uw-tf-dev,1.95.7,US,2026-09-14,2
simba-uw-tf-dev,1.95.8,US,2026-09-14,2
simba-uw-tf-dev,1.95.9,US,2026-09-14,2
simba-uw-tf-dev,1.96.1,US,2026-09-14,2
simba-uw-tf-dev,1.96.2,US,2026-09-14,2
simba-uw-tf-dev,1.96.3,US,2026-09-14,2
simba-uw-tf-dev,1.96.4,US,2026-09-14,2
simba-uw-tf-dev,1.96.5,US,2026-09-14,2
simba-uw-tf-dev,1.96.6,US,2026-09-14,2
simba-uw-tf-dev,1.96.7,US,2026-09-14,2
simba-uw-tf-dev,1.96.8,US,2026-09-14,2
simba-uw-tf-dev,1.96.9,US,2026-09-14,2
simba-uw-tf-dev,1.97.1,US,2026-09-14,2
simba-uw-tf-dev,1.97.2,US,2026-09-14,2
simba-uw-tf-dev,1.97.3,US,2026-09-14,2
simba-uw-tf-dev,1.97.4,US,2026-09-14,2
simba-uw-tf-dev,1.97.5,US,2026-09-14,2
simba-uw-tf-dev,1.97.6,US,2026-09-14,2
simba-uw-tf-dev,1.97.7,US,2026-09-14,2
simba-uw-tf-dev,1.97.9,US,2026-09-14,2
simba-uw-tf-dev,1.98.1,US,2026-09-14,2
simba-uw-tf-dev,1.98.2,US,2026-09-14,2
simba-uw-tf-dev,1.98.3,US,2026-09-14,2
simba-uw-tf-dev,1.98.4,US,2026-09-14,2
simba-uw-tf-dev,1.98.5,US,2026-09-14,2
simba-uw-tf-dev,1.98.6,US,2026-09-14,2
simba-uw-tf-dev,1.98.7,US,2026-09-14,2
simba-uw-tf-dev,1.98.8,US,2026-09-14,2
simba-uw-tf-dev,1.98.9,US,2026-09-14,2
simba-uw-tf-dev,1.99.1,US,2026-09-14,2
simba-uw-tf-dev,1.99.2,US,2026-09-14,2
simba-uw-tf-dev,1.99.3,US,2026-09-14,2
simba-uw-tf-dev,1.99.4,US,2026-09-14,2
simba-uw-tf-dev,1.99.5,US,2026-09-14,2
simba-uw-tf-dev,1.99.6,US,2026-09-14,2
simba-uw-tf-dev,1.99.7,US,2026-09-14,2
simba-uw-tf-dev,1.99.8,US,2026-09-14,2
simba-uw-tf-dev,1.99.9,CH,2026-09-14,7
simba-uw-tf-dev,1.99.9,US,2026-09-14,2
simba-uw-tf-dev,2.0.1,US,2026-09-14,2
simba-uw-tf-dev,2.0.2,US,2026-09-14,2
simba-uw-tf-dev,2.0.3,US,2026-09-14,2
simba-uw-tf-dev,2.0.4,US,2026-09-14,2
simba-uw-tf-dev,2.0.5,US,2026-09-14,2
simba-uw-tf-dev,2.0.6,US,2026-09-14,2
simba-uw-tf-dev,2.0.7,US,2026-09-14,2
simba-uw-tf-dev,2.0.8,US,2026-09-14,2
simba-uw-tf-dev,2.0.9,US,2026-09-14,2
simba-uw-tf-dev,2.1.1,US,2026-09-14,2
simba-uw-tf-dev,2.1.2,US,2026-09-14,2
simba-uw-tf-dev,2.1.3,US,2026-09-14,2
simba-uw-tf-dev,2.1.4,US,2026-09-14,2
simba-uw-tf-dev,2.1.5,US,2026-09-14,2
simba-uw-tf-dev,2.1.6,US,2026-09-14,2
simba-uw-tf-dev,2.1.7,US,2026-09-14,2
simba-uw-tf-dev,2.1.8,US,2026-09-14,2
simba-uw-tf-dev,2.1.9,US,2026-09-14,2
simba-uw-tf-dev,2.2.1,US,2026-09-14,2
simba-uw-tf-dev,2.2.2,US,2026-09-14,2
simba-uw-tf-dev,2.2.3,US,2026-09-14,2
simba-uw-tf-dev,2.2.4,US,2026-09-14,2
simba-uw-tf-dev,2.2.7,US,2026-09-14,2
simba-uw-tf-dev,2.2.8,US,2026-09-14,2
simba-uw-tf-dev,2.2.9,US,2026-09-14,2
simba-uw-tf-dev,2.3.1,US,2026-09-14,2
simba-uw-tf-dev,2.3.2,US,2026-09-14,2
simba-uw-tf-dev,2.3.3,US,2026-09-14,3
simba-uw-tf-dev,2.3.4,US,2026-09-14,2
simba-uw-tf-dev,2.3.5,US,2026-09-14,2
simba-uw-tf-dev,2.3.6,US,2026-09-14,2
simba-uw-tf-dev,2.3.7,US,2026-09-14,2
simba-uw-tf-dev,2.3.8,US,2026-09-14,2
simba-uw-tf-dev,2.3.9,US,2026-09-14,2
simba-uw-tf-dev,2.4.1,US,2026-09-14,2
simba-uw-tf-dev,2.4.2,US,2026-09-14,2
simba-uw-tf-dev,2.4.3,US,2026-09-14,2
simba-uw-tf-dev,2.4.4,US,2026-09-14,2
simba-uw-tf-dev,2.4.5,US,2026-09-14,2
simba-uw-tf-dev,2.4.6,US,2026-09-14,2
simba-uw-tf-dev,2.4.7,US,2026-09-14,2
simba-uw-tf-dev,2.4.8,US,2026-09-14,2
simba-uw-tf-dev,2.4.9,US,2026-09-14,2
simba-uw-tf-dev,2.5.1,US,2026-09-14,2
simba-uw-tf-dev,2.5.2,US,2026-09-14,2
simba-uw-tf-dev,2.5.3,US,2026-09-14,2
simba-uw-tf-dev,2.5.4,US,2026-09-14,2
simba-uw-tf-dev,2.5.5,US,2026-09-14,2
simba-uw-tf-dev,2.5.6,US,2026-09-14,2
simba-uw-tf-dev,2.5.7,US,2026-09-14,2
simba-uw-tf-dev,2.5.8,US,2026-09-14,2
simba-uw-tf-dev,2.5.9,US,2026-09-14,2
simba-uw-tf-dev,2.6.1,US,2026-09-14,2
simba-uw-tf-dev,2.6.2,US,2026-09-14,2
simba-uw-tf-dev,2.6.3,US,2026-09-14,3
simba-uw-tf-dev,2.6.4,US,2026-09-14,2
simba-uw-tf-dev,2.6.5,US,2026-09-14,2
simba-uw-tf-dev,2.6.6,US,2026-09-14,2
simba-uw-tf-dev,2.6.7,US,2026-09-14,2
simba-uw-tf-dev,2.6.8,US,2026-09-14,2
simba-uw-tf-dev,2.6.9,US,2026-09-14,2
simba-uw-tf-dev,2.7.1,US,2026-09-14,2
simba-uw-tf-dev,2.7.2,US,2026-09-14,1
simba-uw-tf-dev,2.7.3,US,2026-09-14,2
simba-uw-tf-dev,2.7.4,US,2026-09-14,1
simba-uw-tf-dev,2.7.5,US,2026-09-14,2
simba-uw-tf-dev,2.7.6,US,2026-09-14,2
simba-uw-tf-dev,2.7.7,US,2026-09-14,2
simba-uw-tf-dev,2.7.8,US,2026-09-14,2
simba-uw-tf-dev,2.7.9,US,2026-09-14,2
simba-uw-tf-dev,2.8.1,US,2026-09-14,2
simba-uw-tf-dev,2.8.2,US,2026-09-14,2
simba-uw-tf-dev,2.8.3,US,2026-09-14,2
simba-uw-tf-dev,2.8.4,US,2026-09-14,2
simba-uw-tf-dev,2.8.5,US,2026-09-14,2
simba-uw-tf-dev,2.8.6,US,2026-09-14,2
simba-uw-tf-dev,2.8.7,US,2026-09-14,2
simba-uw-tf-dev,2.8.8,US,2026-09-14,2
simba-uw-tf-dev,2.8.9,US,2026-09-14,1
simba-uw-tf-dev,2.9.1,US,2026-09-14,2
simba-uw-tf-dev,2.9.2,US,2026-09-14,2
simba-uw-tf-dev,2.9.3,US,2026-09-14,2
simba-uw-tf-dev,2.9.4,US,2026-09-14,1
simba-uw-tf-dev,2.9.5,US,2026-09-14,2
simba-uw-tf-dev,2.9.6,US,2026-09-14,3
simba-uw-tf-dev,2.9.7,US,2026-09-14,2
simba-uw-tf-dev,2.9.8,US,2026-09-14,2
simba-uw-tf-dev,2.9.9,US,2026-09-14,2
simba-uw-tf-dev,3.0.1,US,2026-09-14,2
simba-uw-tf-dev,3.0.2,US,2026-09-14,2
simba-uw-tf-dev,3.0.3,US,2026-09-14,2
simba-uw-tf-dev,3.0.4,US,2026-09-14,2
simba-uw-tf-dev,3.0.5,US,2026-09-14,2
simba-uw-tf-dev,3.0.6,US,2026-09-14,2
simba-uw-tf-dev,3.0.7,US,2026-09-14,2
simba-uw-tf-dev,3.0.8,US,2026-09-14,2
simba-uw-tf-dev,3.0.9,US,2026-09-14,2
simba-uw-tf-dev,3.1.1,US,2026-09-14,2
simba-uw-tf-dev,3.1.2,US,2026-09-14,1
simba-uw-tf-dev,3.1.3,US,2026-09-14,2
simba-uw-tf-dev,3.1.4,US,2026-09-14,2
simba-uw-tf-dev,3.1.5,US,2026-09-14,2
simba-uw-tf-dev,3.1.6,US,2026-09-14,2
simba-uw-tf-dev,3.1.7,US,2026-09-14,2
simba-uw-tf-dev,3.1.8,US,2026-09-14,2
simba-uw-tf-dev,3.1.9,US,2026-09-14,2
simba-uw-tf-dev,3.2.1,US,2026-09-14,2
simba-uw-tf-dev,3.2.2,US,2026-09-14,2
simba-uw-tf-dev,3.2.3,US,2026-09-14,2
simba-uw-tf-dev,3.2.4,US,2026-09-14,2
simba-uw-tf-dev,3.2.5,US,2026-09-14,2
simba-uw-tf-dev,3.2.6,US,2026-09-14,2
simba-uw-tf-dev,3.2.7,US,2026-09-14,2
simba-uw-tf-dev,3.2.8,US,2026-09-14,2
simba-uw-tf-dev,3.2.9,US,2026-09-14,2
simba-uw-tf-dev,3.3.1,US,2026-09-14,2
simba-uw-tf-dev,3.3.2,US,2026-09-14,2
simba-uw-tf-dev,3.3.3,US,2026-09-14,2
simba-uw-tf-dev,3.3.6,US,2026-09-14,2
simba-uw-tf-dev,3.3.7,US,2026-09-14,2
simba-uw-tf-dev,3.3.8,US,2026-09-14,2
simba-uw-tf-dev,3.3.9,US,2026-09-14,2
simba-uw-tf-dev,3.4.1,US,2026-09-14,2
simba-uw-tf-dev,3.4.2,US,2026-09-14,2
simba-uw-tf-dev,3.4.3,US,2026-09-14,2
simba-uw-tf-dev,3.4.4,US,2026-09-14,2
simba-uw-tf-dev,3.4.5,US,2026-09-14,2
simba-uw-tf-dev,3.4.6,US,2026-09-14,2
simba-uw-tf-dev,3.4.7,US,2026-09-14,2
simba-uw-tf-dev,3.4.8,US,2026-09-14,2
simba-uw-tf-dev,3.4.9,US,2026-09-14,2
simba-uw-tf-dev,3.5.1,US,2026-09-14,2
simba-uw-tf-dev,3.5.2,US,2026-09-14,2
simba-uw-tf-dev,3.5.4,US,2026-09-14,2
simba-uw-tf-dev,3.5.5,US,2026-09-14,2
simba-uw-tf-dev,3.5.6,US,2026-09-14,2
simba-uw-tf-dev,3.5.7,US,2026-09-14,2
simba-uw-tf-dev,3.5.8,US,2026-09-14,2
simba-uw-tf-dev,3.5.9,US,2026-09-14,2
simba-uw-tf-dev,3.6.1,US,2026-09-14,2
simba-uw-tf-dev,3.6.2,US,2026-09-14,2
simba-uw-tf-dev,3.6.3,US,2026-09-14,2
simba-uw-tf-dev,3.6.4,US,2026-09-14,2
simba-uw-tf-dev,3.6.5,US,2026-09-14,2
simba-uw-tf-dev,3.6.6,US,2026-09-14,2
simba-uw-tf-dev,3.6.7,US,2026-09-14,2
simba-uw-tf-dev,3.6.8,CN,2026-09-14,1
simba-uw-tf-dev,3.6.8,US,2026-09-14,2
simba-uw-tf-dev,3.6.9,US,2026-09-14,2
simba-uw-tf-dev,3.7.1,US,2026-09-14,2
simba-uw-tf-dev,3.7.2,US,2026-09-14,2
simba-uw-tf-dev,3.7.3,US,2026-09-14,2
simba-uw-tf-dev,3.7.4,US,2026-09-14,2
simba-uw-tf-dev,3.7.5,CN,2026-09-14,1
simba-uw-tf-dev,3.7.5,US,2026-09-14,2
simba-uw-tf-dev,3.7.6,US,2026-09-14,2
simba-uw-tf-dev,3.7.7,US,2026-09-14,2
simba-uw-tf-dev,3.7.8,US,2026-09-14,2
simba-uw-tf-dev,3.7.9,US,2026-09-14,2
simba-uw-tf-dev,3.8.1,US,2026-09-14,2
simba-uw-tf-dev,3.8.2,US,2026-09-14,2
simba-uw-tf-dev,3.8.3,US,2026-09-14,2
simba-uw-tf-dev,3.8.4,US,2026-09-14,2
simba-uw-tf-dev,3.8.5,US,2026-09-14,2
simba-uw-tf-dev,3.8.6,US,2026-09-14,2
simba-uw-tf-dev,3.8.7,US,2026-09-14,2
simba-uw-tf-dev,3.8.8,US,2026-09-14,2
simba-uw-tf-dev,3.8.9,US,2026-09-14,2
simba-uw-tf-dev,3.9.2,US,2026-09-14,2
simba-uw-tf-dev,3.9.3,US,2026-09-14,2
simba-uw-tf-dev,3.9.4,US,2026-09-14,2
simba-uw-tf-dev,3.9.5,US,2026-09-14,2
simba-uw-tf-dev,3.9.6,US,2026-09-14,2
simba-uw-tf-dev,3.9.7,US,2026-09-14,2
simba-uw-tf-dev,3.9.8,US,2026-09-14,2
simba-uw-tf-dev,3.9.9,US,2026-09-14,2
simba-uw-tf-dev,4.0.1,US,2026-09-14,2
simba-uw-tf-dev,4.0.2,US,2026-09-14,2
simba-uw-tf-dev,4.0.3,US,2026-09-14,2
simba-uw-tf-dev,4.0.4,US,2026-09-14,2
simba-uw-tf-dev,4.0.5,US,2026-09-14,2
simba-uw-tf-dev,4.0.6,US,2026-09-14,2
simba-uw-tf-dev,4.0.7,US,2026-09-14,2
simba-uw-tf-dev,4.0.9,US,2026-09-14,2
simba-uw-tf-dev,4.1.1,US,2026-09-14,2
simba-uw-tf-dev,4.1.2,US,2026-09-14,2
simba-uw-tf-dev,4.1.3,US,2026-09-14,2
simba-uw-tf-dev,4.1.4,US,2026-09-14,2
simba-uw-tf-dev,4.1.5,US,2026-09-14,2
simba-uw-tf-dev,4.1.6,US,2026-09-14,2
simba-uw-tf-dev,4.1.7,US,2026-09-14,2
simba-uw-tf-dev,4.1.8,US,2026-09-14,2
simba-uw-tf-dev,4.1.9,US,2026-09-14,2
simba-uw-tf-dev,4.2.1,US,2026-09-14,2
simba-uw-tf-dev,4.2.2,US,2026-09-14,2
simba-uw-tf-dev,4.2.3,US,2026-09-14,2
simba-uw-tf-dev,4.2.4,US,2026-09-14,2
simba-uw-tf-dev,4.2.5,US,2026-09-14,2
simba-uw-tf-dev,4.2.6,US,2026-09-14,2
simba-uw-tf-dev,4.2.7,US,2026-09-14,2
simba-uw-tf-dev,4.2.8,US,2026-09-14,2
simba-uw-tf-dev,4.2.9,US,2026-09-14,2
simba-uw-tf-dev,4.3.1,US,2026-09-14,2
simba-uw-tf-dev,4.3.3,US,2026-09-14,2
simba-uw-tf-dev,4.3.4,US,2026-09-14,2
simba-uw-tf-dev,4.3.5,US,2026-09-14,2
simba-uw-tf-dev,4.3.6,US,2026-09-14,2
simba-uw-tf-dev,4.3.7,US,2026-09-14,2
simba-uw-tf-dev,4.3.8,US,2026-09-14,2
simba-uw-tf-dev,4.3.9,US,2026-09-14,2
simba-uw-tf-dev,4.4.1,US,2026-09-14,2
simba-uw-tf-dev,4.4.2,US,2026-09-14,2
simba-uw-tf-dev,4.4.3,US,2026-09-14,1
simba-uw-tf-dev,4.4.4,US,2026-09-14,1
simba-uw-tf-dev,4.4.5,US,2026-09-14,1
simba-uw-tf-dev,4.4.6,US,2026-09-14,1
simba-uw-tf-dev,4.4.7,US,2026-09-14,1
simba-uw-tf-dev,4.4.8,US,2026-09-14,1
simba-uw-tf-dev,4.4.9,US,2026-09-14,1
simba-uw-tf-dev,4.5.1,US,2026-09-14,1
simba-uw-tf-dev,4.5.2,US,2026-09-14,1
simba-uw-tf-dev,4.5.3,US,2026-09-14,1
simba-uw-tf-dev,4.5.4,US,2026-09-14,1
simba-uw-tf-dev,4.5.5,US,2026-09-14,1
simba-uw-tf-dev,4.5.6,US,2026-09-14,1
simba-uw-tf-dev,4.5.7,US,2026-09-14,1
simba-uw-tf-dev,4.5.8,US,2026-09-14,1
simba-uw-tf-dev,4.5.9,US,2026-09-14,1
simba-uw-tf-dev,4.6.1,US,2026-09-14,1
simba-uw-tf-dev,4.6.2,US,2026-09-14,1
simba-uw-tf-dev,4.6.3,US,2026-09-14,1
simba-uw-tf-dev,4.6.4,US,2026-09-14,1
simba-uw-tf-dev,4.6.6,US,2026-09-14,1
simba-uw-tf-dev,4.6.7,US,2026-09-14,1
simba-uw-tf-dev,4.6.8,US,2026-09-14,1
simba-uw-tf-dev,4.6.9,US,2026-09-14,1
simba-uw-tf-dev,4.7.1,US,2026-09-14,1
simba-uw-tf-dev,4.7.2,US,2026-09-14,1
simba-uw-tf-dev,4.7.3,US,2026-09-14,1
simba-uw-tf-dev,4.7.4,US,2026-09-14,1
simba-uw-tf-dev,4.7.5,US,2026-09-14,1
simba-uw-tf-dev,4.7.6,US,2026-09-14,1
simba-uw-tf-dev,4.7.7,US,2026-09-14,1
simba-uw-tf-dev,4.7.8,US,2026-09-14,1
simba-uw-tf-dev,4.7.9,US,2026-09-14,1
simba-uw-tf-dev,4.8.1,US,2026-09-14,1
simba-uw-tf-dev,4.8.2,US,2026-09-14,1
simba-uw-tf-dev,4.8.3,US,2026-09-14,1
simba-uw-tf-dev,4.8.4,US,2026-09-14,1
simba-uw-tf-dev,4.8.5,US,2026-09-14,1
simba-uw-tf-dev,4.8.6,US,2026-09-14,1
simba-uw-tf-dev,4.8.7,US,2026-09-14,1
simba-uw-tf-dev,4.8.8,US,2026-09-14,1
simba-uw-tf-dev,4.8.9,US,2026-09-14,1
simba-uw-tf-dev,4.9.1,US,2026-09-14,1
simba-uw-tf-dev,4.9.2,US,2026-09-14,1
simba-uw-tf-dev,4.9.3,US,2026-09-14,1
simba-uw-tf-dev,4.9.4,US,2026-09-14,1
simba-uw-tf-dev,4.9.5,US,2026-09-14,1
simba-uw-tf-dev,4.9.6,US,2026-09-14,1
simba-uw-tf-dev,4.9.7,US,2026-09-14,1
simba-uw-tf-dev,4.9.8,US,2026-09-14,1
simba-uw-tf-dev,4.9.9,AT,2026-09-14,2
simba-uw-tf-dev,4.9.9,US,2026-09-14,1
simba-uw-tf-dev,5.1.1,AT,2026-09-14,2
simba-uw-tf-dev,5.1.1,US,2026-09-14,1
simba-uw-tf-dev,5.1.2,AT,2026-09-14,2
simba-uw-tf-dev,5.1.2,US,2026-09-14,1
simba-uw-tf-dev,5.1.3,AT,2026-09-14,2
simba-uw-tf-dev,5.1.3,US,2026-09-14,1
simba-uw-tf-dev,5.1.4,AT,2026-09-14,2
simba-uw-tf-dev,5.1.4,US,2026-09-14,1
simba-uw-tf-dev,5.1.5,US,2026-09-14,1
simba-uw-tf-dev,5.1.6,US,2026-09-14,1
simba-uw-tf-dev,5.1.7,US,2026-09-14,1
simba-uw-tf-dev,5.1.8,US,2026-09-14,1
simba-uw-tf-dev,5.1.9,US,2026-09-14,1
simba-uw-tf-dev,5.2.1,US,2026-09-14,1
simba-uw-tf-dev,5.2.2,US,2026-09-14,1
simba-uw-tf-dev,5.2.3,US,2026-09-14,2
simba-uw-tf-dev,5.2.4,US,2026-09-14,2
simba-uw-tf-dev,5.2.5,US,2026-09-14,2
simba-uw-tf-dev,5.2.6,US,2026-09-14,1
simba-uw-tf-dev,5.2.7,US,2026-09-14,1
simba-uw-tf-dev,5.2.8,US,2026-09-14,2
simba-uw-tf-dev,5.2.9,US,2026-09-14,2
simba-uw-tf-dev,5.3.1,US,2026-09-14,2
simba-uw-tf-dev,5.3.2,US,2026-09-14,2
simba-uw-tf-dev,5.3.3,US,2026-09-14,1
simba-uw-tf-dev,5.3.4,US,2026-09-14,2
simba-uw-tf-dev,5.3.5,US,2026-09-14,2
simba-uw-tf-dev,5.3.6,US,2026-09-14,2
simba-uw-tf-dev,5.3.7,US,2026-09-14,2
simba-uw-tf-dev,5.3.8,CN,2026-09-14,1
simba-uw-tf-dev,5.3.8,US,2026-09-14,2
simba-uw-tf-dev,5.3.9,US,2026-09-14,2
simba-uw-tf-dev,5.4.1,US,2026-09-14,2
simba-uw-tf-dev,5.4.2,US,2026-09-14,2
simba-uw-tf-dev,5.4.3,US,2026-09-14,2
simba-uw-tf-dev,5.4.4,US,2026-09-14,2
simba-uw-tf-dev,5.4.5,DE,2026-09-14,1
simba-uw-tf-dev,5.4.5,US,2026-09-14,2
simba-uw-tf-dev,5.4.6,DE,2026-09-14,1
simba-uw-tf-dev,5.4.7,DE,2026-09-14,1
simba-uw-tf-dev,5.4.8,DE,2026-09-14,1
simba-uw-tf-dev,5.4.9,DE,2026-09-14,1
simba-uw-tf-dev,5.5.1,DE,2026-09-14,1
simba-uw-tf-dev,5.5.1,US,2026-09-14,1
simba-uw-tf-dev,5.5.2,DE,2026-09-14,1
simba-uw-tf-dev,5.5.2,US,2026-09-14,2
simba-uw-tf-dev,5.5.3,DE,2026-09-14,1
simba-uw-tf-dev,5.5.3,US,2026-09-14,2
simba-uw-tf-dev,5.5.4,CN,2026-09-14,2
simba-uw-tf-dev,5.5.4,DE,2026-09-14,1
simba-uw-tf-dev,5.5.4,NL,2026-09-14,1
simba-uw-tf-dev,5.5.4,US,2026-09-14,2
simba-uw-tf-dev,5.5.5,CN,2026-09-14,2
simba-uw-tf-dev,5.5.6,CA,2026-09-14,1
simba-uw-tf-dev,5.5.6,CH,2026-09-14,2
simba-uw-tf-dev,5.5.6,CN,2026-09-14,4
simba-uw-tf-dev,5.5.6,DE,2026-09-14,2
simba-uw-tf-dev,5.5.6,FR,2026-09-14,1
simba-uw-tf-dev,5.5.6,IE,2026-09-14,1
simba-uw-tf-dev,5.5.6,US,2026-09-14,6
simba-uw-tf-dev,0.0.1,HK,2026-09-13,2
simba-uw-tf-dev,0.4,HK,2026-09-13,2
simba-uw-tf-dev,0.70,HK,2026-09-13,2
simba-uw-tf-dev,0.71,HK,2026-09-13,2
simba-uw-tf-dev,0.71,US,2026-09-13,1
simba-uw-tf-dev,0.72,HK,2026-09-13,2
simba-uw-tf-dev,0.73,HK,2026-09-13,2
simba-uw-tf-dev,0.76.1,HK,2026-09-13,2
simba-uw-tf-dev,0.76.2,HK,2026-09-13,2
simba-uw-tf-dev,0.76.3,HK,2026-09-13,2
simba-uw-tf-dev,0.76.4,HK,2026-09-13,2
simba-uw-tf-dev,0.76.5,HK,2026-09-13,2
simba-uw-tf-dev,0.76.6,HK,2026-09-13,2
simba-uw-tf-dev,0.76.8,HK,2026-09-13,2
simba-uw-tf-dev,0.76.9,HK,2026-09-13,2
simba-uw-tf-dev,0.77,HK,2026-09-13,2
simba-uw-tf-dev,0.81.9,HK,2026-09-13,1
simba-uw-tf-dev,0.82.4,US,2026-09-13,1
simba-uw-tf-dev,0.87.7,US,2026-09-13,1
simba-uw-tf-dev,0.88.5,US,2026-09-13,1
simba-uw-tf-dev,0.90.5,US,2026-09-13,1
simba-uw-tf-dev,0.93.7,SG,2026-09-13,1
simba-uw-tf-dev,0.94.0,US,2026-09-13,1
simba-uw-tf-dev,0.97.7,US,2026-09-13,1
simba-uw-tf-dev,0.98.6,HK,2026-09-13,2
simba-uw-tf-dev,0.98.7,HK,2026-09-13,2
simba-uw-tf-dev,0.98.8,HK,2026-09-13,2
simba-uw-tf-dev,0.98.9,HK,2026-09-13,2
simba-uw-tf-dev,0.99.0,HK,2026-09-13,2
simba-uw-tf-dev,0.99.1,HK,2026-09-13,2
simba-uw-tf-dev,0.99.2,HK,2026-09-13,2
simba-uw-tf-dev,0.99.3,HK,2026-09-13,2
simba-uw-tf-dev,0.99.4,HK,2026-09-13,2
simba-uw-tf-dev,0.99.5,HK,2026-09-13,2
simba-uw-tf-dev,0.99.6,HK,2026-09-13,2
simba-uw-tf-dev,0.99.7,HK,2026-09-13,2
simba-uw-tf-dev,0.99.8,HK,2026-09-13,2
simba-uw-tf-dev,0.99.9,HK,2026-09-13,2
simba-uw-tf-dev,1.0.1,HK,2026-09-13,2
simba-uw-tf-dev,1.0.2,HK,2026-09-13,2
simba-uw-tf-dev,1.0.3,HK,2026-09-13,2
simba-uw-tf-dev,1.0.4,HK,2026-09-13,2
simba-uw-tf-dev,1.0.5,HK,2026-09-13,2
simba-uw-tf-dev,1.0.6,HK,2026-09-13,2
simba-uw-tf-dev,1.0.7,HK,2026-09-13,2
simba-uw-tf-dev,1.0.8,HK,2026-09-13,2
simba-uw-tf-dev,1.0.9,HK,2026-09-13,2
simba-uw-tf-dev,1.1.0,HK,2026-09-13,2
simba-uw-tf-dev,1.1.1,HK,2026-09-13,2
simba-uw-tf-dev,1.1.2,HK,2026-09-13,2
simba-uw-tf-dev,1.1.3,HK,2026-09-13,2
simba-uw-tf-dev,1.1.3,US,2026-09-13,1
simba-uw-tf-dev,1.1.4,HK,2026-09-13,2
simba-uw-tf-dev,1.1.5,HK,2026-09-13,2
simba-uw-tf-dev,1.1.6,HK,2026-09-13,2
simba-uw-tf-dev,1.1.7,HK,2026-09-13,2
simba-uw-tf-dev,1.1.8,HK,2026-09-13,2
simba-uw-tf-dev,1.1.9,HK,2026-09-13,2
simba-uw-tf-dev,1.2.0,HK,2026-09-13,2
simba-uw-tf-dev,1.2.1,HK,2026-09-13,2
simba-uw-tf-dev,1.2.2,HK,2026-09-13,2
simba-uw-tf-dev,1.2.3,HK,2026-09-13,2
simba-uw-tf-dev,1.2.4,HK,2026-09-13,2
simba-uw-tf-dev,1.2.5,HK,2026-09-13,2
simba-uw-tf-dev,1.2.6,HK,2026-09-13,2
simba-uw-tf-dev,1.2.7,HK,2026-09-13,2
simba-uw-tf-dev,1.2.8,HK,2026-09-13,2
simba-uw-tf-dev,1.2.9,HK,2026-09-13,2
simba-uw-tf-dev,1.21.1,HK,2026-09-13,2
simba-uw-tf-dev,1.21.2,HK,2026-09-13,2
simba-uw-tf-dev,1.21.3,HK,2026-09-13,2
simba-uw-tf-dev,1.21.4,HK,2026-09-13,2
simba-uw-tf-dev,1.21.5,HK,2026-09-13,2
simba-uw-tf-dev,1.21.6,HK,2026-09-13,2
simba-uw-tf-dev,1.21.7,HK,2026-09-13,2
simba-uw-tf-dev,1.21.8,HK,2026-09-13,2
simba-uw-tf-dev,1.22.1,HK,2026-09-13,2
simba-uw-tf-dev,1.22.2,HK,2026-09-13,2
simba-uw-tf-dev,1.22.3,HK,2026-09-13,2
simba-uw-tf-dev,1.22.4,HK,2026-09-13,2
simba-uw-tf-dev,1.22.4,US,2026-09-13,1
simba-uw-tf-dev,1.22.5,HK,2026-09-13,2
simba-uw-tf-dev,1.22.6,HK,2026-09-13,2
simba-uw-tf-dev,1.22.7,HK,2026-09-13,2
simba-uw-tf-dev,1.22.8,HK,2026-09-13,2
simba-uw-tf-dev,1.22.9,HK,2026-09-13,2
simba-uw-tf-dev,1.30.1,HK,2026-09-13,2
simba-uw-tf-dev,1.30.2,HK,2026-09-13,2
simba-uw-tf-dev,1.30.3,HK,2026-09-13,3
simba-uw-tf-dev,1.30.6,HK,2026-09-13,2
simba-uw-tf-dev,1.30.8,HK,2026-09-13,2
simba-uw-tf-dev,1.30.9,HK,2026-09-13,2
simba-uw-tf-dev,1.32.1,HK,2026-09-13,2
simba-uw-tf-dev,1.32.2,HK,2026-09-13,2
simba-uw-tf-dev,1.32.3,HK,2026-09-13,2
simba-uw-tf-dev,1.32.4,HK,2026-09-13,2
simba-uw-tf-dev,1.32.5,HK,2026-09-13,2
simba-uw-tf-dev,1.32.6,HK,2026-09-13,2
simba-uw-tf-dev,1.32.7,HK,2026-09-13,2
simba-uw-tf-dev,1.32.8,HK,2026-09-13,2
simba-uw-tf-dev,1.32.9,HK,2026-09-13,2
simba-uw-tf-dev,1.33.1,HK,2026-09-13,2
simba-uw-tf-dev,1.33.2,HK,2026-09-13,2
simba-uw-tf-dev,1.33.3,HK,2026-09-13,2
simba-uw-tf-dev,1.33.4,HK,2026-09-13,2
simba-uw-tf-dev,1.33.5,HK,2026-09-13,2
simba-uw-tf-dev,1.33.6,HK,2026-09-13,2
simba-uw-tf-dev,1.33.7,HK,2026-09-13,2
simba-uw-tf-dev,1.33.8,HK,2026-09-13,2
simba-uw-tf-dev,1.33.9,HK,2026-09-13,2
simba-uw-tf-dev,1.40.0,HK,2026-09-13,2
simba-uw-tf-dev,1.40.1,HK,2026-09-13,2
simba-uw-tf-dev,1.40.2,HK,2026-09-13,2
simba-uw-tf-dev,1.40.4,HK,2026-09-13,2
simba-uw-tf-dev,1.40.5,HK,2026-09-13,2
simba-uw-tf-dev,1.40.6,HK,2026-09-13,2
simba-uw-tf-dev,1.40.7,HK,2026-09-13,2
simba-uw-tf-dev,1.40.8,HK,2026-09-13,2
simba-uw-tf-dev,1.40.9,HK,2026-09-13,2
simba-uw-tf-dev,1.50.1,HK,2026-09-13,2
simba-uw-tf-dev,1.50.2,HK,2026-09-13,2
simba-uw-tf-dev,1.50.3,HK,2026-09-13,2
simba-uw-tf-dev,1.50.4,HK,2026-09-13,2
simba-uw-tf-dev,1.50.5,HK,2026-09-13,2
simba-uw-tf-dev,1.50.6,HK,2026-09-13,2
simba-uw-tf-dev,1.50.7,HK,2026-09-13,2
simba-uw-tf-dev,1.50.8,HK,2026-09-13,2
simba-uw-tf-dev,1.50.9,HK,2026-09-13,2
simba-uw-tf-dev,1.51.1,HK,2026-09-13,2
simba-uw-tf-dev,1.51.2,HK,2026-09-13,2
simba-uw-tf-dev,1.51.3,HK,2026-09-13,2
simba-uw-tf-dev,1.51.4,HK,2026-09-13,2
simba-uw-tf-dev,1.51.5,HK,2026-09-13,2
simba-uw-tf-dev,1.51.6,HK,2026-09-13,2
simba-uw-tf-dev,1.51.7,HK,2026-09-13,2
simba-uw-tf-dev,1.51.8,HK,2026-09-13,2
simba-uw-tf-dev,1.51.9,HK,2026-09-13,2
simba-uw-tf-dev,1.52.1,HK,2026-09-13,2
simba-uw-tf-dev,1.52.2,HK,2026-09-13,2
simba-uw-tf-dev,1.52.3,HK,2026-09-13,2
simba-uw-tf-dev,1.52.4,HK,2026-09-13,2
simba-uw-tf-dev,1.52.9,HK,2026-09-13,2
simba-uw-tf-dev,1.52.91,HK,2026-09-13,2
simba-uw-tf-dev,1.52.92,HK,2026-09-13,2
simba-uw-tf-dev,1.53.1,HK,2026-09-13,2
simba-uw-tf-dev,1.53.2,HK,2026-09-13,2
simba-uw-tf-dev,1.53.3,HK,2026-09-13,2
simba-uw-tf-dev,1.53.4,HK,2026-09-13,2
simba-uw-tf-dev,1.53.5,HK,2026-09-13,2
simba-uw-tf-dev,1.53.6,HK,2026-09-13,2
simba-uw-tf-dev,1.53.7,HK,2026-09-13,2
simba-uw-tf-dev,1.53.8,HK,2026-09-13,2
simba-uw-tf-dev,1.53.9,HK,2026-09-13,2
simba-uw-tf-dev,1.54.1,HK,2026-09-13,2
simba-uw-tf-dev,1.54.2,HK,2026-09-13,2
simba-uw-tf-dev,1.54.3,HK,2026-09-13,2
simba-uw-tf-dev,1.54.4,HK,2026-09-13,2
simba-uw-tf-dev,1.54.5,HK,2026-09-13,2
simba-uw-tf-dev,1.54.6,HK,2026-09-13,2
simba-uw-tf-dev,1.54.7,HK,2026-09-13,2
simba-uw-tf-dev,1.54.8,HK,2026-09-13,2
simba-uw-tf-dev,1.54.8,US,2026-09-13,1
simba-uw-tf-dev,1.54.9,HK,2026-09-13,2
simba-uw-tf-dev,1.55.1,HK,2026-09-13,2
simba-uw-tf-dev,1.55.2,HK,2026-09-13,2
simba-uw-tf-dev,1.55.3,HK,2026-09-13,2
simba-uw-tf-dev,1.55.4,HK,2026-09-13,2
simba-uw-tf-dev,1.55.5,HK,2026-09-13,2
simba-uw-tf-dev,1.55.6,HK,2026-09-13,2
simba-uw-tf-dev,1.55.7,HK,2026-09-13,2
simba-uw-tf-dev,1.55.7,US,2026-09-13,1
simba-uw-tf-dev,1.55.8,HK,2026-09-13,2
simba-uw-tf-dev,1.55.9,HK,2026-09-13,2
simba-uw-tf-dev,1.56.1,HK,2026-09-13,2
simba-uw-tf-dev,1.56.2,HK,2026-09-13,2
simba-uw-tf-dev,1.56.3,HK,2026-09-13,2
simba-uw-tf-dev,1.56.4,HK,2026-09-13,2
simba-uw-tf-dev,1.56.5,HK,2026-09-13,2
simba-uw-tf-dev,1.56.7,HK,2026-09-13,2
simba-uw-tf-dev,1.56.8,HK,2026-09-13,2
simba-uw-tf-dev,1.56.9,HK,2026-09-13,2
simba-uw-tf-dev,1.57.2,HK,2026-09-13,2
simba-uw-tf-dev,1.57.3,HK,2026-09-13,2
simba-uw-tf-dev,1.57.4,HK,2026-09-13,2
simba-uw-tf-dev,1.57.5,HK,2026-09-13,2
simba-uw-tf-dev,1.57.6,HK,2026-09-13,2
simba-uw-tf-dev,1.57.8,HK,2026-09-13,2
simba-uw-tf-dev,1.57.9,HK,2026-09-13,2
simba-uw-tf-dev,1.58.1,HK,2026-09-13,2
simba-uw-tf-dev,1.58.2,HK,2026-09-13,2
simba-uw-tf-dev,1.58.3,HK,2026-09-13,2
simba-uw-tf-dev,1.58.4,CN,2026-09-13,1
simba-uw-tf-dev,1.58.4,HK,2026-09-13,2
simba-uw-tf-dev,1.58.5,HK,2026-09-13,2
simba-uw-tf-dev,1.58.6,HK,2026-09-13,2
simba-uw-tf-dev,1.58.7,HK,2026-09-13,2
simba-uw-tf-dev,1.58.8,HK,2026-09-13,2
simba-uw-tf-dev,1.58.9,HK,2026-09-13,2
simba-uw-tf-dev,1.59.1,HK,2026-09-13,2
simba-uw-tf-dev,1.59.2,HK,2026-09-13,2
simba-uw-tf-dev,1.59.3,HK,2026-09-13,2
simba-uw-tf-dev,1.59.4,HK,2026-09-13,2
simba-uw-tf-dev,1.60.1,HK,2026-09-13,2
simba-uw-tf-dev,1.60.2,HK,2026-09-13,2
simba-uw-tf-dev,1.60.3,HK,2026-09-13,2
simba-uw-tf-dev,1.60.4,HK,2026-09-13,2
simba-uw-tf-dev,1.60.5,HK,2026-09-13,2
simba-uw-tf-dev,1.60.6,HK,2026-09-13,2
simba-uw-tf-dev,1.60.7,HK,2026-09-13,2
simba-uw-tf-dev,1.60.9,HK,2026-09-13,2
simba-uw-tf-dev,1.61.1,HK,2026-09-13,2
simba-uw-tf-dev,1.61.2,HK,2026-09-13,2
simba-uw-tf-dev,1.61.3,HK,2026-09-13,2
simba-uw-tf-dev,1.61.4,HK,2026-09-13,2
simba-uw-tf-dev,1.61.5,HK,2026-09-13,2
simba-uw-tf-dev,1.61.6,HK,2026-09-13,2
simba-uw-tf-dev,1.61.7,HK,2026-09-13,2
simba-uw-tf-dev,1.61.8,HK,2026-09-13,2
simba-uw-tf-dev,1.61.9,HK,2026-09-13,2
simba-uw-tf-dev,1.62.1,HK,2026-09-13,2
simba-uw-tf-dev,1.62.2,HK,2026-09-13,2
simba-uw-tf-dev,1.62.3,HK,2026-09-13,2
simba-uw-tf-dev,1.62.4,HK,2026-09-13,2
simba-uw-tf-dev,1.62.5,HK,2026-09-13,2
simba-uw-tf-dev,1.62.6,HK,2026-09-13,2
simba-uw-tf-dev,1.62.7,HK,2026-09-13,2
simba-uw-tf-dev,1.62.8,HK,2026-09-13,2
simba-uw-tf-dev,1.62.9,HK,2026-09-13,2
simba-uw-tf-dev,1.63.1,HK,2026-09-13,2
simba-uw-tf-dev,1.63.2,HK,2026-09-13,2
simba-uw-tf-dev,1.63.3,HK,2026-09-13,2
simba-uw-tf-dev,1.63.4,HK,2026-09-13,2
simba-uw-tf-dev,1.63.5,HK,2026-09-13,2
simba-uw-tf-dev,1.63.6,HK,2026-09-13,2
simba-uw-tf-dev,1.63.7,HK,2026-09-13,2
simba-uw-tf-dev,1.63.8,HK,2026-09-13,2
simba-uw-tf-dev,1.63.9,HK,2026-09-13,2
simba-uw-tf-dev,1.64.1,HK,2026-09-13,2
simba-uw-tf-dev,1.64.2,HK,2026-09-13,2
simba-uw-tf-dev,1.64.3,HK,2026-09-13,2
simba-uw-tf-dev,1.64.4,HK,2026-09-13,2
simba-uw-tf-dev,1.64.5,HK,2026-09-13,2
simba-uw-tf-dev,1.64.6,HK,2026-09-13,2
simba-uw-tf-dev,1.64.7,HK,2026-09-13,2
simba-uw-tf-dev,1.64.8,HK,2026-09-13,2
simba-uw-tf-dev,1.64.9,HK,2026-09-13,2
simba-uw-tf-dev,1.65.1,HK,2026-09-13,2
simba-uw-tf-dev,1.65.2,HK,2026-09-13,2
simba-uw-tf-dev,1.65.3,HK,2026-09-13,2
simba-uw-tf-dev,1.65.4,HK,2026-09-13,2
simba-uw-tf-dev,1.65.5,HK,2026-09-13,2
simba-uw-tf-dev,1.65.6,HK,2026-09-13,2
simba-uw-tf-dev,1.65.7,HK,2026-09-13,2
simba-uw-tf-dev,1.65.8,HK,2026-09-13,2
simba-uw-tf-dev,1.65.9,HK,2026-09-13,2
simba-uw-tf-dev,1.70.1,HK,2026-09-13,2
simba-uw-tf-dev,1.70.2,HK,2026-09-13,2
simba-uw-tf-dev,1.70.3,HK,2026-09-13,2
simba-uw-tf-dev,1.70.3,US,2026-09-13,1
simba-uw-tf-dev,1.70.4,HK,2026-09-13,2
simba-uw-tf-dev,1.70.5,HK,2026-09-13,2
simba-uw-tf-dev,1.70.6,HK,2026-09-13,2
simba-uw-tf-dev,1.70.7,HK,2026-09-13,2
simba-uw-tf-dev,1.70.8,HK,2026-09-13,2
simba-uw-tf-dev,1.70.9,HK,2026-09-13,2
simba-uw-tf-dev,1.71.1,HK,2026-09-13,2
simba-uw-tf-dev,1.71.2,HK,2026-09-13,2
simba-uw-tf-dev,1.71.3,HK,2026-09-13,2
simba-uw-tf-dev,1.71.4,HK,2026-09-13,2
simba-uw-tf-dev,1.71.5,HK,2026-09-13,2
simba-uw-tf-dev,1.71.6,HK,2026-09-13,2
simba-uw-tf-dev,1.71.7,HK,2026-09-13,2
simba-uw-tf-dev,1.71.8,HK,2026-09-13,2
simba-uw-tf-dev,1.71.9,HK,2026-09-13,2
simba-uw-tf-dev,1.72.1,HK,2026-09-13,2
simba-uw-tf-dev,1.72.2,HK,2026-09-13,2
simba-uw-tf-dev,1.72.3,HK,2026-09-13,2
simba-uw-tf-dev,1.72.4,HK,2026-09-13,2
simba-uw-tf-dev,1.72.5,HK,2026-09-13,2
simba-uw-tf-dev,1.72.6,HK,2026-09-13,2
simba-uw-tf-dev,1.72.7,HK,2026-09-13,2
simba-uw-tf-dev,1.72.8,HK,2026-09-13,2
simba-uw-tf-dev,1.73.1,HK,2026-09-13,2
simba-uw-tf-dev,1.73.2,HK,2026-09-13,2
simba-uw-tf-dev,1.73.3,HK,2026-09-13,2
simba-uw-tf-dev,1.73.5,HK,2026-09-13,2
simba-uw-tf-dev,1.73.6,HK,2026-09-13,2
simba-uw-tf-dev,1.73.7,HK,2026-09-13,2
simba-uw-tf-dev,1.73.8,HK,2026-09-13,2
simba-uw-tf-dev,1.73.9,HK,2026-09-13,2
simba-uw-tf-dev,1.74.1,HK,2026-09-13,2
simba-uw-tf-dev,1.74.2,HK,2026-09-13,2
simba-uw-tf-dev,1.74.3,DE,2026-09-13,1
simba-uw-tf-dev,1.74.3,HK,2026-09-13,2
simba-uw-tf-dev,1.74.4,HK,2026-09-13,2
simba-uw-tf-dev,1.74.5,HK,2026-09-13,2
simba-uw-tf-dev,1.74.6,HK,2026-09-13,2
simba-uw-tf-dev,1.74.7,HK,2026-09-13,2
simba-uw-tf-dev,1.74.8,HK,2026-09-13,2
simba-uw-tf-dev,1.74.9,HK,2026-09-13,2
simba-uw-tf-dev,1.75.1,HK,2026-09-13,2
simba-uw-tf-dev,1.75.2,HK,2026-09-13,2
simba-uw-tf-dev,1.75.3,HK,2026-09-13,2
simba-uw-tf-dev,1.75.4,HK,2026-09-13,2
simba-uw-tf-dev,1.75.5,HK,2026-09-13,2
simba-uw-tf-dev,1.75.6,HK,2026-09-13,2
simba-uw-tf-dev,1.75.7,HK,2026-09-13,2
simba-uw-tf-dev,1.75.8,HK,2026-09-13,2
simba-uw-tf-dev,1.75.9,HK,2026-09-13,2
simba-uw-tf-dev,1.76.1,HK,2026-09-13,2
simba-uw-tf-dev,1.76.2,HK,2026-09-13,2
simba-uw-tf-dev,1.76.2,US,2026-09-13,1
simba-uw-tf-dev,1.76.3,HK,2026-09-13,2
simba-uw-tf-dev,1.76.4,HK,2026-09-13,2
simba-uw-tf-dev,1.76.5,HK,2026-09-13,2
simba-uw-tf-dev,1.76.6,HK,2026-09-13,2
simba-uw-tf-dev,1.76.7,HK,2026-09-13,2
simba-uw-tf-dev,1.76.8,HK,2026-09-13,2
simba-uw-tf-dev,1.76.9,HK,2026-09-13,2
simba-uw-tf-dev,1.77.1,HK,2026-09-13,2
simba-uw-tf-dev,1.77.2,HK,2026-09-13,2
simba-uw-tf-dev,1.77.3,HK,2026-09-13,2
simba-uw-tf-dev,1.77.4,HK,2026-09-13,2
simba-uw-tf-dev,1.77.5,HK,2026-09-13,2
simba-uw-tf-dev,1.77.6,HK,2026-09-13,2
simba-uw-tf-dev,1.77.7,HK,2026-09-13,2
simba-uw-tf-dev,1.77.8,HK,2026-09-13,2
simba-uw-tf-dev,1.77.9,HK,2026-09-13,2
simba-uw-tf-dev,1.78.1,HK,2026-09-13,2
simba-uw-tf-dev,1.78.2,HK,2026-09-13,2
simba-uw-tf-dev,1.78.3,HK,2026-09-13,2
simba-uw-tf-dev,1.78.4,HK,2026-09-13,2
simba-uw-tf-dev,1.78.5,HK,2026-09-13,2
simba-uw-tf-dev,1.78.6,HK,2026-09-13,2
simba-uw-tf-dev,1.78.7,HK,2026-09-13,2
simba-uw-tf-dev,1.78.8,HK,2026-09-13,2
simba-uw-tf-dev,1.78.9,HK,2026-09-13,2
simba-uw-tf-dev,1.79.1,HK,2026-09-13,2
simba-uw-tf-dev,1.79.1,US,2026-09-13,1
simba-uw-tf-dev,1.79.2,HK,2026-09-13,2
simba-uw-tf-dev,1.79.3,HK,2026-09-13,2
simba-uw-tf-dev,1.79.4,HK,2026-09-13,2
simba-uw-tf-dev,1.79.5,HK,2026-09-13,2
simba-uw-tf-dev,1.79.6,HK,2026-09-13,2
simba-uw-tf-dev,1.79.7,HK,2026-09-13,2
simba-uw-tf-dev,1.79.8,HK,2026-09-13,2
simba-uw-tf-dev,1.79.9,HK,2026-09-13,2
simba-uw-tf-dev,1.80.1,HK,2026-09-13,2
simba-uw-tf-dev,1.80.1,US,2026-09-13,1
simba-uw-tf-dev,1.80.2,HK,2026-09-13,2
simba-uw-tf-dev,1.80.3,HK,2026-09-13,2
simba-uw-tf-dev,1.80.4,HK,2026-09-13,2
simba-uw-tf-dev,1.80.5,HK,2026-09-13,2
simba-uw-tf-dev,1.80.6,HK,2026-09-13,2
simba-uw-tf-dev,1.80.7,HK,2026-09-13,2
simba-uw-tf-dev,1.80.8,HK,2026-09-13,2
simba-uw-tf-dev,1.80.9,HK,2026-09-13,2
simba-uw-tf-dev,1.81.1,HK,2026-09-13,2
simba-uw-tf-dev,1.81.2,CN,2026-09-13,1
simba-uw-tf-dev,1.81.2,HK,2026-09-13,2
simba-uw-tf-dev,1.81.3,HK,2026-09-13,2
simba-uw-tf-dev,1.81.4,HK,2026-09-13,2
simba-uw-tf-dev,1.81.5,HK,2026-09-13,2
simba-uw-tf-dev,1.81.6,HK,2026-09-13,2
simba-uw-tf-dev,1.81.6,US,2026-09-13,1
simba-uw-tf-dev,1.81.7,HK,2026-09-13,2
simba-uw-tf-dev,1.81.8,HK,2026-09-13,2
simba-uw-tf-dev,1.81.9,HK,2026-09-13,2
simba-uw-tf-dev,1.82.1,HK,2026-09-13,2
simba-uw-tf-dev,1.82.3,HK,2026-09-13,2
simba-uw-tf-dev,1.83.1,HK,2026-09-13,2
simba-uw-tf-dev,1.83.2,HK,2026-09-13,2
simba-uw-tf-dev,1.83.3,HK,2026-09-13,2
simba-uw-tf-dev,1.83.4,HK,2026-09-13,2
simba-uw-tf-dev,1.83.5,CN,2026-09-13,1
simba-uw-tf-dev,1.83.5,HK,2026-09-13,2
simba-uw-tf-dev,1.83.6,HK,2026-09-13,2
simba-uw-tf-dev,1.83.7,HK,2026-09-13,2
simba-uw-tf-dev,1.83.8,HK,2026-09-13,2
simba-uw-tf-dev,1.83.9,HK,2026-09-13,2
simba-uw-tf-dev,1.84.1,HK,2026-09-13,2
simba-uw-tf-dev,1.84.3,HK,2026-09-13,2
simba-uw-tf-dev,1.84.4,HK,2026-09-13,2
simba-uw-tf-dev,1.84.5,HK,2026-09-13,2
simba-uw-tf-dev,1.84.6,HK,2026-09-13,2
simba-uw-tf-dev,1.84.6,US,2026-09-13,1
simba-uw-tf-dev,1.84.7,HK,2026-09-13,2
simba-uw-tf-dev,1.84.8,HK,2026-09-13,2
simba-uw-tf-dev,1.84.9,HK,2026-09-13,2
simba-uw-tf-dev,1.85.1,HK,2026-09-13,2
simba-uw-tf-dev,1.85.1,US,2026-09-13,1
simba-uw-tf-dev,1.85.2,HK,2026-09-13,2
simba-uw-tf-dev,1.85.3,HK,2026-09-13,2
simba-uw-tf-dev,1.85.4,HK,2026-09-13,2
simba-uw-tf-dev,1.85.5,HK,2026-09-13,2
simba-uw-tf-dev,1.85.6,HK,2026-09-13,2
simba-uw-tf-dev,1.85.7,HK,2026-09-13,2
simba-uw-tf-dev,1.85.8,HK,2026-09-13,2
simba-uw-tf-dev,1.85.9,HK,2026-09-13,2
simba-uw-tf-dev,1.86.1,HK,2026-09-13,2
simba-uw-tf-dev,1.86.2,HK,2026-09-13,2
simba-uw-tf-dev,1.86.3,HK,2026-09-13,2
simba-uw-tf-dev,1.86.4,HK,2026-09-13,2
simba-uw-tf-dev,1.86.6,HK,2026-09-13,2
simba-uw-tf-dev,1.86.7,HK,2026-09-13,2
simba-uw-tf-dev,1.87.1,HK,2026-09-13,2
simba-uw-tf-dev,1.87.2,HK,2026-09-13,2
simba-uw-tf-dev,1.87.3,CN,2026-09-13,1
simba-uw-tf-dev,1.87.3,HK,2026-09-13,2
simba-uw-tf-dev,1.87.4,HK,2026-09-13,2
simba-uw-tf-dev,1.87.5,HK,2026-09-13,2
simba-uw-tf-dev,1.87.5,US,2026-09-13,2
simba-uw-tf-dev,1.87.6,HK,2026-09-13,2
simba-uw-tf-dev,1.87.7,HK,2026-09-13,2
simba-uw-tf-dev,1.87.8,HK,2026-09-13,2
simba-uw-tf-dev,1.87.9,HK,2026-09-13,2
simba-uw-tf-dev,1.88.1,HK,2026-09-13,2
simba-uw-tf-dev,1.88.2,HK,2026-09-13,2
simba-uw-tf-dev,1.88.3,HK,2026-09-13,2
simba-uw-tf-dev,1.88.4,CN,2026-09-13,1
simba-uw-tf-dev,1.88.4,HK,2026-09-13,2
simba-uw-tf-dev,1.88.5,HK,2026-09-13,2
simba-uw-tf-dev,1.88.6,HK,2026-09-13,2
simba-uw-tf-dev,1.88.6,US,2026-09-13,1
simba-uw-tf-dev,1.88.7,HK,2026-09-13,2
simba-uw-tf-dev,1.88.8,HK,2026-09-13,2
simba-uw-tf-dev,1.88.9,HK,2026-09-13,2
simba-uw-tf-dev,1.89.1,HK,2026-09-13,2
simba-uw-tf-dev,1.89.2,HK,2026-09-13,2
simba-uw-tf-dev,1.89.3,HK,2026-09-13,2
simba-uw-tf-dev,1.89.4,HK,2026-09-13,2
simba-uw-tf-dev,1.89.4,US,2026-09-13,1
simba-uw-tf-dev,1.89.5,HK,2026-09-13,2
simba-uw-tf-dev,1.89.6,HK,2026-09-13,2
simba-uw-tf-dev,1.89.7,HK,2026-09-13,2
simba-uw-tf-dev,1.89.8,HK,2026-09-13,2
simba-uw-tf-dev,1.89.9,HK,2026-09-13,2
simba-uw-tf-dev,1.90.1,HK,2026-09-13,2
simba-uw-tf-dev,1.90.2,HK,2026-09-13,2
simba-uw-tf-dev,1.90.3,HK,2026-09-13,2
simba-uw-tf-dev,1.90.4,HK,2026-09-13,2
simba-uw-tf-dev,1.90.4,US,2026-09-13,1
simba-uw-tf-dev,1.90.5,HK,2026-09-13,2
simba-uw-tf-dev,1.90.6,HK,2026-09-13,2
simba-uw-tf-dev,1.90.7,HK,2026-09-13,2
simba-uw-tf-dev,1.90.8,HK,2026-09-13,2
simba-uw-tf-dev,1.90.9,HK,2026-09-13,2
simba-uw-tf-dev,1.91.1,HK,2026-09-13,2
simba-uw-tf-dev,1.91.2,HK,2026-09-13,2
simba-uw-tf-dev,1.91.3,HK,2026-09-13,2
simba-uw-tf-dev,1.91.4,HK,2026-09-13,2
simba-uw-tf-dev,1.91.5,HK,2026-09-13,2
simba-uw-tf-dev,1.91.6,HK,2026-09-13,2
simba-uw-tf-dev,1.91.7,HK,2026-09-13,2
simba-uw-tf-dev,1.91.8,HK,2026-09-13,2
simba-uw-tf-dev,1.91.9,HK,2026-09-13,2
simba-uw-tf-dev,1.91.9,US,2026-09-13,1
simba-uw-tf-dev,1.92.1,HK,2026-09-13,2
simba-uw-tf-dev,1.92.2,HK,2026-09-13,2
simba-uw-tf-dev,1.92.3,HK,2026-09-13,2
simba-uw-tf-dev,1.92.4,HK,2026-09-13,2
simba-uw-tf-dev,1.92.5,HK,2026-09-13,2
simba-uw-tf-dev,1.92.7,HK,2026-09-13,2
simba-uw-tf-dev,1.92.8,HK,2026-09-13,2
simba-uw-tf-dev,1.92.9,HK,2026-09-13,2
simba-uw-tf-dev,1.93.1,HK,2026-09-13,2
simba-uw-tf-dev,1.93.2,HK,2026-09-13,2
simba-uw-tf-dev,1.93.3,HK,2026-09-13,2
simba-uw-tf-dev,1.93.4,HK,2026-09-13,2
simba-uw-tf-dev,1.93.5,HK,2026-09-13,2
simba-uw-tf-dev,1.93.6,HK,2026-09-13,2
simba-uw-tf-dev,1.93.7,HK,2026-09-13,2
simba-uw-tf-dev,1.93.8,HK,2026-09-13,2
simba-uw-tf-dev,1.93.9,HK,2026-09-13,2
simba-uw-tf-dev,1.94.1,HK,2026-09-13,2
simba-uw-tf-dev,1.94.2,HK,2026-09-13,2
simba-uw-tf-dev,1.94.3,HK,2026-09-13,2
simba-uw-tf-dev,1.94.4,HK,2026-09-13,2
simba-uw-tf-dev,1.94.5,HK,2026-09-13,2
simba-uw-tf-dev,1.94.6,HK,2026-09-13,2
simba-uw-tf-dev,1.94.7,HK,2026-09-13,2
simba-uw-tf-dev,1.94.8,HK,2026-09-13,2
simba-uw-tf-dev,1.94.9,HK,2026-09-13,2
simba-uw-tf-dev,1.95.1,HK,2026-09-13,2
simba-uw-tf-dev,1.95.2,HK,2026-09-13,2
simba-uw-tf-dev,1.95.3,HK,2026-09-13,1
simba-uw-tf-dev,1.95.4,HK,2026-09-13,2
simba-uw-tf-dev,1.95.5,HK,2026-09-13,2
simba-uw-tf-dev,1.95.6,HK,2026-09-13,2
simba-uw-tf-dev,1.95.7,HK,2026-09-13,2
simba-uw-tf-dev,1.95.8,HK,2026-09-13,2
simba-uw-tf-dev,1.95.9,HK,2026-09-13,2
simba-uw-tf-dev,1.96.1,HK,2026-09-13,2
simba-uw-tf-dev,1.96.2,HK,2026-09-13,2
simba-uw-tf-dev,1.96.3,HK,2026-09-13,2
simba-uw-tf-dev,1.96.4,HK,2026-09-13,2
simba-uw-tf-dev,1.96.5,HK,2026-09-13,2
simba-uw-tf-dev,1.96.5,US,2026-09-13,1
simba-uw-tf-dev,1.96.6,HK,2026-09-13,2
simba-uw-tf-dev,1.96.7,HK,2026-09-13,2
simba-uw-tf-dev,1.96.8,HK,2026-09-13,2
simba-uw-tf-dev,1.96.9,HK,2026-09-13,2
simba-uw-tf-dev,1.97.1,HK,2026-09-13,2
simba-uw-tf-dev,1.97.2,HK,2026-09-13,2
simba-uw-tf-dev,1.97.3,HK,2026-09-13,2
simba-uw-tf-dev,1.97.4,HK,2026-09-13,2
simba-uw-tf-dev,1.97.5,HK,2026-09-13,2
simba-uw-tf-dev,1.97.6,HK,2026-09-13,2
simba-uw-tf-dev,1.97.7,HK,2026-09-13,2
simba-uw-tf-dev,1.97.9,HK,2026-09-13,2
simba-uw-tf-dev,1.98.1,HK,2026-09-13,2
simba-uw-tf-dev,1.98.2,HK,2026-09-13,2
simba-uw-tf-dev,1.98.3,HK,2026-09-13,2
simba-uw-tf-dev,1.98.4,HK,2026-09-13,2
simba-uw-tf-dev,1.98.5,HK,2026-09-13,2
simba-uw-tf-dev,1.98.6,HK,2026-09-13,2
simba-uw-tf-dev,1.98.7,HK,2026-09-13,2
simba-uw-tf-dev,1.98.8,HK,2026-09-13,2
simba-uw-tf-dev,1.98.9,HK,2026-09-13,2
simba-uw-tf-dev,1.99.1,HK,2026-09-13,2
simba-uw-tf-dev,1.99.2,HK,2026-09-13,2
simba-uw-tf-dev,1.99.3,HK,2026-09-13,2
simba-uw-tf-dev,1.99.4,HK,2026-09-13,2
simba-uw-tf-dev,1.99.5,HK,2026-09-13,2
simba-uw-tf-dev,1.99.6,HK,2026-09-13,2
simba-uw-tf-dev,1.99.7,HK,2026-09-13,2
simba-uw-tf-dev,1.99.8,HK,2026-09-13,2
simba-uw-tf-dev,1.99.9,HK,2026-09-13,2
simba-uw-tf-dev,2.0.1,HK,2026-09-13,2
simba-uw-tf-dev,2.0.2,HK,2026-09-13,2
simba-uw-tf-dev,2.0.3,HK,2026-09-13,2
simba-uw-tf-dev,2.0.4,HK,2026-09-13,2
simba-uw-tf-dev,2.0.5,HK,2026-09-13,2
simba-uw-tf-dev,2.0.6,HK,2026-09-13,2
simba-uw-tf-dev,2.0.7,HK,2026-09-13,2
simba-uw-tf-dev,2.0.8,HK,2026-09-13,2
simba-uw-tf-dev,2.0.9,HK,2026-09-13,2
simba-uw-tf-dev,2.1.1,HK,2026-09-13,2
simba-uw-tf-dev,2.1.2,HK,2026-09-13,2
simba-uw-tf-dev,2.1.3,HK,2026-09-13,2
simba-uw-tf-dev,2.1.4,HK,2026-09-13,2
simba-uw-tf-dev,2.1.5,HK,2026-09-13,2
simba-uw-tf-dev,2.1.6,HK,2026-09-13,2
simba-uw-tf-dev,2.1.7,HK,2026-09-13,2
simba-uw-tf-dev,2.1.8,HK,2026-09-13,2
simba-uw-tf-dev,2.1.9,HK,2026-09-13,2
simba-uw-tf-dev,2.2.1,HK,2026-09-13,2
simba-uw-tf-dev,2.2.2,HK,2026-09-13,2
simba-uw-tf-dev,2.2.3,HK,2026-09-13,2
simba-uw-tf-dev,2.2.4,HK,2026-09-13,2
simba-uw-tf-dev,2.2.7,HK,2026-09-13,2
simba-uw-tf-dev,2.2.8,HK,2026-09-13,2
simba-uw-tf-dev,2.2.9,HK,2026-09-13,2
simba-uw-tf-dev,2.3.1,HK,2026-09-13,2
simba-uw-tf-dev,2.3.2,HK,2026-09-13,2
simba-uw-tf-dev,2.3.3,HK,2026-09-13,2
simba-uw-tf-dev,2.3.4,HK,2026-09-13,2
simba-uw-tf-dev,2.3.5,HK,2026-09-13,2
simba-uw-tf-dev,2.3.6,HK,2026-09-13,2
simba-uw-tf-dev,2.3.7,HK,2026-09-13,2
simba-uw-tf-dev,2.3.8,HK,2026-09-13,2
simba-uw-tf-dev,2.3.9,HK,2026-09-13,2
simba-uw-tf-dev,2.4.1,HK,2026-09-13,2
simba-uw-tf-dev,2.4.2,HK,2026-09-13,2
simba-uw-tf-dev,2.4.3,HK,2026-09-13,2
simba-uw-tf-dev,2.4.3,US,2026-09-13,1
simba-uw-tf-dev,2.4.4,HK,2026-09-13,2
simba-uw-tf-dev,2.4.5,HK,2026-09-13,2
simba-uw-tf-dev,2.4.6,HK,2026-09-13,2
simba-uw-tf-dev,2.4.7,HK,2026-09-13,2
simba-uw-tf-dev,2.4.8,HK,2026-09-13,2
simba-uw-tf-dev,2.4.8,US,2026-09-13,1
simba-uw-tf-dev,2.4.9,HK,2026-09-13,2
simba-uw-tf-dev,2.5.1,HK,2026-09-13,2
simba-uw-tf-dev,2.5.2,HK,2026-09-13,2
simba-uw-tf-dev,2.5.3,HK,2026-09-13,2
simba-uw-tf-dev,2.5.4,HK,2026-09-13,2
simba-uw-tf-dev,2.5.5,HK,2026-09-13,2
simba-uw-tf-dev,2.5.6,HK,2026-09-13,2
simba-uw-tf-dev,2.5.7,HK,2026-09-13,2
simba-uw-tf-dev,2.5.8,HK,2026-09-13,2
simba-uw-tf-dev,2.5.9,HK,2026-09-13,2
simba-uw-tf-dev,2.6.1,HK,2026-09-13,2
simba-uw-tf-dev,2.6.2,HK,2026-09-13,2
simba-uw-tf-dev,2.6.3,HK,2026-09-13,2
simba-uw-tf-dev,2.6.4,HK,2026-09-13,2
simba-uw-tf-dev,2.6.5,HK,2026-09-13,2
simba-uw-tf-dev,2.6.6,HK,2026-09-13,2
simba-uw-tf-dev,2.6.7,HK,2026-09-13,2
simba-uw-tf-dev,2.6.8,HK,2026-09-13,2
simba-uw-tf-dev,2.6.9,HK,2026-09-13,2
simba-uw-tf-dev,2.7.1,HK,2026-09-13,2
simba-uw-tf-dev,2.7.2,HK,2026-09-13,2
simba-uw-tf-dev,2.7.3,HK,2026-09-13,2
simba-uw-tf-dev,2.7.4,HK,2026-09-13,2
simba-uw-tf-dev,2.7.5,HK,2026-09-13,2
simba-uw-tf-dev,2.7.6,HK,2026-09-13,2
simba-uw-tf-dev,2.7.7,HK,2026-09-13,2
simba-uw-tf-dev,2.7.8,HK,2026-09-13,2
simba-uw-tf-dev,2.7.9,HK,2026-09-13,2
simba-uw-tf-dev,2.8.1,HK,2026-09-13,2
simba-uw-tf-dev,2.8.2,HK,2026-09-13,2
simba-uw-tf-dev,2.8.3,HK,2026-09-13,2
simba-uw-tf-dev,2.8.4,HK,2026-09-13,2
simba-uw-tf-dev,2.8.5,HK,2026-09-13,2
simba-uw-tf-dev,2.8.6,HK,2026-09-13,2
simba-uw-tf-dev,2.8.7,HK,2026-09-13,2
simba-uw-tf-dev,2.8.8,HK,2026-09-13,2
simba-uw-tf-dev,2.8.9,HK,2026-09-13,2
simba-uw-tf-dev,2.9.1,HK,2026-09-13,2
simba-uw-tf-dev,2.9.2,HK,2026-09-13,2
simba-uw-tf-dev,2.9.3,HK,2026-09-13,2
simba-uw-tf-dev,2.9.4,HK,2026-09-13,2
simba-uw-tf-dev,2.9.5,HK,2026-09-13,2
simba-uw-tf-dev,2.9.6,HK,2026-09-13,2
simba-uw-tf-dev,2.9.7,HK,2026-09-13,2
simba-uw-tf-dev,2.9.8,HK,2026-09-13,2
simba-uw-tf-dev,2.9.9,HK,2026-09-13,2
simba-uw-tf-dev,3.0.1,HK,2026-09-13,2
simba-uw-tf-dev,3.0.2,HK,2026-09-13,2
simba-uw-tf-dev,3.0.3,HK,2026-09-13,2
simba-uw-tf-dev,3.0.4,HK,2026-09-13,2
simba-uw-tf-dev,3.0.5,HK,2026-09-13,2
simba-uw-tf-dev,3.0.6,HK,2026-09-13,2
simba-uw-tf-dev,3.0.7,HK,2026-09-13,2
simba-uw-tf-dev,3.0.8,HK,2026-09-13,2
simba-uw-tf-dev,3.0.9,HK,2026-09-13,2
simba-uw-tf-dev,3.1.1,HK,2026-09-13,2
simba-uw-tf-dev,3.1.2,HK,2026-09-13,2
simba-uw-tf-dev,3.1.3,HK,2026-09-13,2
simba-uw-tf-dev,3.1.4,HK,2026-09-13,2
simba-uw-tf-dev,3.1.5,HK,2026-09-13,2
simba-uw-tf-dev,3.1.6,HK,2026-09-13,2
simba-uw-tf-dev,3.1.7,HK,2026-09-13,2
simba-uw-tf-dev,3.1.8,HK,2026-09-13,2
simba-uw-tf-dev,3.1.9,HK,2026-09-13,2
simba-uw-tf-dev,3.2.1,HK,2026-09-13,2
simba-uw-tf-dev,3.2.2,HK,2026-09-13,2
simba-uw-tf-dev,3.2.3,HK,2026-09-13,2
simba-uw-tf-dev,3.2.3,US,2026-09-13,1
simba-uw-tf-dev,3.2.4,HK,2026-09-13,2
simba-uw-tf-dev,3.2.5,HK,2026-09-13,2
simba-uw-tf-dev,3.2.6,HK,2026-09-13,2
simba-uw-tf-dev,3.2.7,HK,2026-09-13,2
simba-uw-tf-dev,3.2.8,HK,2026-09-13,2
simba-uw-tf-dev,3.2.9,HK,2026-09-13,2
simba-uw-tf-dev,3.3.1,HK,2026-09-13,2
simba-uw-tf-dev,3.3.2,HK,2026-09-13,2
simba-uw-tf-dev,3.3.3,HK,2026-09-13,2
simba-uw-tf-dev,3.3.6,HK,2026-09-13,2
simba-uw-tf-dev,3.3.7,HK,2026-09-13,2
simba-uw-tf-dev,3.3.8,HK,2026-09-13,2
simba-uw-tf-dev,3.3.9,HK,2026-09-13,2
simba-uw-tf-dev,3.4.1,HK,2026-09-13,2
simba-uw-tf-dev,3.4.1,US,2026-09-13,1
simba-uw-tf-dev,3.4.2,HK,2026-09-13,2
simba-uw-tf-dev,3.4.3,HK,2026-09-13,2
simba-uw-tf-dev,3.4.4,HK,2026-09-13,2
simba-uw-tf-dev,3.4.5,HK,2026-09-13,2
simba-uw-tf-dev,3.4.6,HK,2026-09-13,2
simba-uw-tf-dev,3.4.7,HK,2026-09-13,2
simba-uw-tf-dev,3.4.8,HK,2026-09-13,2
simba-uw-tf-dev,3.4.9,HK,2026-09-13,2
simba-uw-tf-dev,3.5.1,HK,2026-09-13,2
simba-uw-tf-dev,3.5.2,HK,2026-09-13,2
simba-uw-tf-dev,3.5.4,HK,2026-09-13,2
simba-uw-tf-dev,3.5.5,HK,2026-09-13,2
simba-uw-tf-dev,3.5.6,HK,2026-09-13,2
simba-uw-tf-dev,3.5.7,HK,2026-09-13,2
simba-uw-tf-dev,3.5.8,HK,2026-09-13,2
simba-uw-tf-dev,3.5.9,HK,2026-09-13,2
simba-uw-tf-dev,3.6.1,HK,2026-09-13,2
simba-uw-tf-dev,3.6.2,HK,2026-09-13,2
simba-uw-tf-dev,3.6.3,HK,2026-09-13,2
simba-uw-tf-dev,3.6.4,HK,2026-09-13,2
simba-uw-tf-dev,3.6.5,CN,2026-09-13,1
simba-uw-tf-dev,3.6.5,HK,2026-09-13,2
simba-uw-tf-dev,3.6.6,HK,2026-09-13,2
simba-uw-tf-dev,3.6.7,HK,2026-09-13,2
simba-uw-tf-dev,3.6.8,HK,2026-09-13,2
simba-uw-tf-dev,3.6.9,HK,2026-09-13,2
simba-uw-tf-dev,3.7.1,HK,2026-09-13,2
simba-uw-tf-dev,3.7.2,HK,2026-09-13,2
simba-uw-tf-dev,3.7.3,HK,2026-09-13,2
simba-uw-tf-dev,3.7.4,HK,2026-09-13,2
simba-uw-tf-dev,3.7.5,HK,2026-09-13,2
simba-uw-tf-dev,3.7.6,HK,2026-09-13,2
simba-uw-tf-dev,3.7.7,HK,2026-09-13,2
simba-uw-tf-dev,3.7.8,HK,2026-09-13,2
simba-uw-tf-dev,3.7.8,US,2026-09-13,1
simba-uw-tf-dev,3.7.9,HK,2026-09-13,2
simba-uw-tf-dev,3.8.1,HK,2026-09-13,2
simba-uw-tf-dev,3.8.2,HK,2026-09-13,2
simba-uw-tf-dev,3.8.3,HK,2026-09-13,2
simba-uw-tf-dev,3.8.4,HK,2026-09-13,2
simba-uw-tf-dev,3.8.5,HK,2026-09-13,2
simba-uw-tf-dev,3.8.5,US,2026-09-13,1
simba-uw-tf-dev,3.8.6,HK,2026-09-13,2
simba-uw-tf-dev,3.8.7,HK,2026-09-13,2
simba-uw-tf-dev,3.8.8,HK,2026-09-13,2
simba-uw-tf-dev,3.8.9,HK,2026-09-13,2
simba-uw-tf-dev,3.9.2,HK,2026-09-13,2
simba-uw-tf-dev,3.9.3,HK,2026-09-13,2
simba-uw-tf-dev,3.9.4,HK,2026-09-13,2
simba-uw-tf-dev,3.9.5,HK,2026-09-13,2
simba-uw-tf-dev,3.9.6,HK,2026-09-13,2
simba-uw-tf-dev,3.9.7,HK,2026-09-13,2
simba-uw-tf-dev,3.9.8,HK,2026-09-13,2
simba-uw-tf-dev,3.9.9,HK,2026-09-13,2
simba-uw-tf-dev,4.0.1,HK,2026-09-13,2
simba-uw-tf-dev,4.0.2,HK,2026-09-13,2
simba-uw-tf-dev,4.0.3,HK,2026-09-13,2
simba-uw-tf-dev,4.0.4,HK,2026-09-13,2
simba-uw-tf-dev,4.0.5,HK,2026-09-13,2
simba-uw-tf-dev,4.0.6,HK,2026-09-13,2
simba-uw-tf-dev,4.0.7,HK,2026-09-13,2
simba-uw-tf-dev,4.0.9,HK,2026-09-13,2
simba-uw-tf-dev,4.1.1,HK,2026-09-13,2
simba-uw-tf-dev,4.1.2,HK,2026-09-13,2
simba-uw-tf-dev,4.1.3,HK,2026-09-13,2
simba-uw-tf-dev,4.1.4,HK,2026-09-13,2
simba-uw-tf-dev,4.1.5,HK,2026-09-13,2
simba-uw-tf-dev,4.1.6,HK,2026-09-13,2
simba-uw-tf-dev,4.1.7,HK,2026-09-13,2
simba-uw-tf-dev,4.1.7,US,2026-09-13,1
simba-uw-tf-dev,4.1.8,HK,2026-09-13,2
simba-uw-tf-dev,4.1.9,HK,2026-09-13,2
simba-uw-tf-dev,4.2.1,HK,2026-09-13,2
simba-uw-tf-dev,4.2.2,HK,2026-09-13,2
simba-uw-tf-dev,4.2.3,HK,2026-09-13,2
simba-uw-tf-dev,4.2.4,HK,2026-09-13,2
simba-uw-tf-dev,4.2.5,HK,2026-09-13,2
simba-uw-tf-dev,4.2.5,US,2026-09-13,1
simba-uw-tf-dev,4.3.5,US,2026-09-13,1
simba-uw-tf-dev,5.1.2,CN,2026-09-13,2
simba-uw-tf-dev,5.1.3,CN,2026-09-13,2
simba-uw-tf-dev,5.1.4,CN,2026-09-13,2
simba-uw-tf-dev,5.1.5,AT,2026-09-13,2
simba-uw-tf-dev,5.1.5,CN,2026-09-13,2
simba-uw-tf-dev,5.1.6,AT,2026-09-13,2
simba-uw-tf-dev,5.1.6,CN,2026-09-13,2
simba-uw-tf-dev,5.1.7,AT,2026-09-13,2
simba-uw-tf-dev,5.1.7,CN,2026-09-13,2
simba-uw-tf-dev,5.1.8,CN,2026-09-13,2
simba-uw-tf-dev,5.1.9,CN,2026-09-13,2
simba-uw-tf-dev,5.2.1,CN,2026-09-13,2
simba-uw-tf-dev,5.2.2,CN,2026-09-13,2
simba-uw-tf-dev,5.2.3,CN,2026-09-13,2
simba-uw-tf-dev,5.2.4,CN,2026-09-13,2
simba-uw-tf-dev,5.2.5,CN,2026-09-13,2
simba-uw-tf-dev,5.2.6,CN,2026-09-13,2
simba-uw-tf-dev,5.2.7,CN,2026-09-13,2
simba-uw-tf-dev,5.2.8,CN,2026-09-13,2
simba-uw-tf-dev,5.2.9,CN,2026-09-13,2
simba-uw-tf-dev,5.3.1,CN,2026-09-13,2
simba-uw-tf-dev,5.3.2,CN,2026-09-13,2
simba-uw-tf-dev,5.3.3,CN,2026-09-13,1
simba-uw-tf-dev,5.3.4,CN,2026-09-13,2
simba-uw-tf-dev,5.3.5,CN,2026-09-13,2
simba-uw-tf-dev,5.3.6,CN,2026-09-13,2
simba-uw-tf-dev,5.3.7,CN,2026-09-13,2
simba-uw-tf-dev,5.3.8,CN,2026-09-13,2
simba-uw-tf-dev,5.3.9,CN,2026-09-13,2
simba-uw-tf-dev,5.4.1,CN,2026-09-13,2
simba-uw-tf-dev,5.4.2,CN,2026-09-13,2
simba-uw-tf-dev,5.4.3,CN,2026-09-13,2
simba-uw-tf-dev,5.4.4,CN,2026-09-13,2
simba-uw-tf-dev,5.4.4,US,2026-09-13,1
simba-uw-tf-dev,5.4.5,CN,2026-09-13,2
simba-uw-tf-dev,5.4.6,CN,2026-09-13,2
simba-uw-tf-dev,5.4.7,CN,2026-09-13,2
simba-uw-tf-dev,5.4.8,CN,2026-09-13,2
simba-uw-tf-dev,5.4.9,CN,2026-09-13,2
simba-uw-tf-dev,5.4.9,US,2026-09-13,1
simba-uw-tf-dev,5.5.1,CN,2026-09-13,2
simba-uw-tf-dev,5.5.2,CN,2026-09-13,2
simba-uw-tf-dev,5.5.2,US,2026-09-13,3
simba-uw-tf-dev,5.5.3,CN,2026-09-13,2
simba-uw-tf-dev,5.5.3,US,2026-09-13,2
simba-uw-tf-dev,5.5.4,CN,2026-09-13,2
simba-uw-tf-dev,5.5.4,US,2026-09-13,2
simba-uw-tf-dev,5.5.5,CN,2026-09-13,2
simba-uw-tf-dev,5.5.5,FR,2026-09-13,2
simba-uw-tf-dev,5.5.5,US,2026-09-13,3
simba-uw-tf-dev,5.5.6,CN,2026-09-13,3
simba-uw-tf-dev,5.5.6,DE,2026-09-13,2
simba-uw-tf-dev,5.5.6,FR,2026-09-13,2
simba-uw-tf-dev,5.5.6,JP,2026-09-13,3
simba-uw-tf-dev,5.5.6,US,2026-09-13,9
simba-uw-tf-dev,0.73,US,2026-09-12,1
simba-uw-tf-dev,0.76.3,US,2026-09-12,1
simba-uw-tf-dev,0.76.5,US,2026-09-12,1
simba-uw-tf-dev,0.76.6,US,2026-09-12,1
simba-uw-tf-dev,0.76.9,US,2026-09-12,1
simba-uw-tf-dev,0.77,CN,2026-09-12,1
simba-uw-tf-dev,0.77.3,US,2026-09-12,1
simba-uw-tf-dev,0.80.5,US,2026-09-12,1
simba-uw-tf-dev,0.81.6,FR,2026-09-12,1
simba-uw-tf-dev,0.83.1,FR,2026-09-12,1
simba-uw-tf-dev,0.83.3,US,2026-09-12,2
simba-uw-tf-dev,0.83.8,HK,2026-09-12,1
simba-uw-tf-dev,0.84.3,US,2026-09-12,1
simba-uw-tf-dev,0.85.8,US,2026-09-12,1
simba-uw-tf-dev,0.89.9,US,2026-09-12,1
simba-uw-tf-dev,0.92.2,US,2026-09-12,1
simba-uw-tf-dev,0.93.9,US,2026-09-12,1
simba-uw-tf-dev,0.95.9,US,2026-09-12,1
simba-uw-tf-dev,1.1.4,HK,2026-09-12,1
simba-uw-tf-dev,1.2.6,US,2026-09-12,1
simba-uw-tf-dev,1.30.5,US,2026-09-12,1
simba-uw-tf-dev,1.40.5,US,2026-09-12,1
simba-uw-tf-dev,1.50.3,HK,2026-09-12,1
simba-uw-tf-dev,1.53.3,US,2026-09-12,1
simba-uw-tf-dev,1.54.1,US,2026-09-12,1
simba-uw-tf-dev,1.54.4,US,2026-09-12,1
simba-uw-tf-dev,1.54.9,HK,2026-09-12,1
simba-uw-tf-dev,1.55.3,FR,2026-09-12,1
simba-uw-tf-dev,1.55.8,US,2026-09-12,1
simba-uw-tf-dev,1.56.3,CN,2026-09-12,1
simba-uw-tf-dev,1.57.2,US,2026-09-12,1
simba-uw-tf-dev,1.60.2,US,2026-09-12,1
simba-uw-tf-dev,1.60.7,US,2026-09-12,1
simba-uw-tf-dev,1.61.8,US,2026-09-12,2
simba-uw-tf-dev,1.62.1,US,2026-09-12,1
simba-uw-tf-dev,1.62.5,US,2026-09-12,1
simba-uw-tf-dev,1.62.9,US,2026-09-12,1
simba-uw-tf-dev,1.63.3,US,2026-09-12,1
simba-uw-tf-dev,1.72.5,US,2026-09-12,1
simba-uw-tf-dev,1.73.2,US,2026-09-12,1
simba-uw-tf-dev,1.73.3,US,2026-09-12,1
simba-uw-tf-dev,1.74.5,US,2026-09-12,1
simba-uw-tf-dev,1.75.2,US,2026-09-12,1
simba-uw-tf-dev,1.75.5,US,2026-09-12,1
simba-uw-tf-dev,1.76.4,US,2026-09-12,1
simba-uw-tf-dev,1.76.7,US,2026-09-12,1
simba-uw-tf-dev,1.77.5,US,2026-09-12,1
simba-uw-tf-dev,1.77.7,US,2026-09-12,1
simba-uw-tf-dev,1.80.7,US,2026-09-12,1
simba-uw-tf-dev,1.80.8,US,2026-09-12,1
simba-uw-tf-dev,1.84.6,HK,2026-09-12,1
simba-uw-tf-dev,1.85.1,US,2026-09-12,1
simba-uw-tf-dev,1.85.3,US,2026-09-12,1
simba-uw-tf-dev,1.86.1,US,2026-09-12,1
simba-uw-tf-dev,1.87.2,US,2026-09-12,1
simba-uw-tf-dev,1.87.4,US,2026-09-12,1
simba-uw-tf-dev,1.87.7,US,2026-09-12,1
simba-uw-tf-dev,1.89.4,US,2026-09-12,1
simba-uw-tf-dev,1.89.5,US,2026-09-12,1
simba-uw-tf-dev,1.91.6,US,2026-09-12,1
simba-uw-tf-dev,1.93.1,US,2026-09-12,1
simba-uw-tf-dev,1.93.9,US,2026-09-12,1
simba-uw-tf-dev,1.94.5,US,2026-09-12,1
simba-uw-tf-dev,1.95.4,US,2026-09-12,1
simba-uw-tf-dev,1.95.5,CN,2026-09-12,1
simba-uw-tf-dev,1.96.7,US,2026-09-12,1
simba-uw-tf-dev,1.97.5,US,2026-09-12,1
simba-uw-tf-dev,1.98.6,US,2026-09-12,1
simba-uw-tf-dev,2.0.1,US,2026-09-12,2
simba-uw-tf-dev,2.2.2,US,2026-09-12,1
simba-uw-tf-dev,2.5.7,US,2026-09-12,1
simba-uw-tf-dev,2.6.2,US,2026-09-12,1
simba-uw-tf-dev,2.6.3,US,2026-09-12,1
simba-uw-tf-dev,2.6.9,US,2026-09-12,2
simba-uw-tf-dev,2.7.6,US,2026-09-12,1
simba-uw-tf-dev,2.7.9,US,2026-09-12,1
simba-uw-tf-dev,2.8.2,US,2026-09-12,1
simba-uw-tf-dev,2.8.3,US,2026-09-12,1
simba-uw-tf-dev,2.8.7,US,2026-09-12,1
simba-uw-tf-dev,2.8.8,US,2026-09-12,1
simba-uw-tf-dev,2.9.1,US,2026-09-12,1
simba-uw-tf-dev,2.9.7,US,2026-09-12,1
simba-uw-tf-dev,2.9.9,US,2026-09-12,1
simba-uw-tf-dev,3.0.2,US,2026-09-12,1
simba-uw-tf-dev,3.1.8,US,2026-09-12,1
simba-uw-tf-dev,3.3.3,US,2026-09-12,1
simba-uw-tf-dev,3.3.9,US,2026-09-12,1
simba-uw-tf-dev,3.4.5,US,2026-09-12,1
simba-uw-tf-dev,3.5.7,CN,2026-09-12,1
simba-uw-tf-dev,3.6.5,US,2026-09-12,1
simba-uw-tf-dev,3.7.4,US,2026-09-12,1
simba-uw-tf-dev,3.7.7,US,2026-09-12,1
simba-uw-tf-dev,3.7.8,US,2026-09-12,1
simba-uw-tf-dev,3.8.3,US,2026-09-12,1
simba-uw-tf-dev,3.8.8,US,2026-09-12,1
simba-uw-tf-dev,4.1.6,US,2026-09-12,1
simba-uw-tf-dev,4.1.8,US,2026-09-12,1
simba-uw-tf-dev,4.2.4,US,2026-09-12,1
simba-uw-tf-dev,4.3.3,US,2026-09-12,1
simba-uw-tf-dev,4.4.9,US,2026-09-12,1
simba-uw-tf-dev,4.5.4,US,2026-09-12,1
simba-uw-tf-dev,4.5.6,US,2026-09-12,1
simba-uw-tf-dev,4.6.6,US,2026-09-12,1
simba-uw-tf-dev,4.6.7,US,2026-09-12,1
simba-uw-tf-dev,5.1.8,AT,2026-09-12,2
simba-uw-tf-dev,5.1.9,AT,2026-09-12,2
simba-uw-tf-dev,5.2.1,AT,2026-09-12,2
simba-uw-tf-dev,5.2.2,AT,2026-09-12,2
simba-uw-tf-dev,5.2.3,AT,2026-09-12,2
simba-uw-tf-dev,5.2.6,US,2026-09-12,1
simba-uw-tf-dev,5.3.2,US,2026-09-12,2
simba-uw-tf-dev,5.4.3,US,2026-09-12,1
simba-uw-tf-dev,5.4.5,US,2026-09-12,2
simba-uw-tf-dev,5.4.7,US,2026-09-12,1
simba-uw-tf-dev,5.4.8,US,2026-09-12,1
simba-uw-tf-dev,5.5.1,DE,2026-09-12,5
simba-uw-tf-dev,5.5.1,SG,2026-09-12,2
simba-uw-tf-dev,5.5.2,SG,2026-09-12,2
simba-uw-tf-dev,5.5.3,SG,2026-09-12,2
simba-uw-tf-dev,5.5.4,SG,2026-09-12,2
simba-uw-tf-dev,5.5.5,SG,2026-09-12,2
simba-uw-tf-dev,5.5.5,US,2026-09-12,1
simba-uw-tf-dev,5.5.6,CH,2026-09-12,1
simba-uw-tf-dev,5.5.6,CN,2026-09-12,1
simba-uw-tf-dev,5.5.6,HK,2026-09-12,2
simba-uw-tf-dev,5.5.6,IR,2026-09-12,1
simba-uw-tf-dev,5.5.6,SG,2026-09-12,2
simba-uw-tf-dev,5.5.6,US,2026-09-12,4
simba-uw-tf-dev,0.0.1,HK,2026-09-11,2
simba-uw-tf-dev,0.4,HK,2026-09-11,2
simba-uw-tf-dev,0.52,HK,2026-09-11,1
simba-uw-tf-dev,0.68,HK,2026-09-11,1
simba-uw-tf-dev,0.70,HK,2026-09-11,2
simba-uw-tf-dev,0.71,HK,2026-09-11,2
simba-uw-tf-dev,0.72,HK,2026-09-11,2
simba-uw-tf-dev,0.73,HK,2026-09-11,2
simba-uw-tf-dev,0.76.1,HK,2026-09-11,2
simba-uw-tf-dev,0.76.2,HK,2026-09-11,2
simba-uw-tf-dev,0.76.3,HK,2026-09-11,2
simba-uw-tf-dev,0.76.4,HK,2026-09-11,2
simba-uw-tf-dev,0.76.5,HK,2026-09-11,2
simba-uw-tf-dev,0.76.6,HK,2026-09-11,2
simba-uw-tf-dev,0.76.8,HK,2026-09-11,2
simba-uw-tf-dev,0.76.9,HK,2026-09-11,2
simba-uw-tf-dev,0.77,HK,2026-09-11,2
simba-uw-tf-dev,0.77,US,2026-09-11,1
simba-uw-tf-dev,0.83.7,US,2026-09-11,1
simba-uw-tf-dev,0.86.2,HK,2026-09-11,1
simba-uw-tf-dev,0.88.5,US,2026-09-11,1
simba-uw-tf-dev,0.89.2,US,2026-09-11,1
simba-uw-tf-dev,0.91.9,US,2026-09-11,1
simba-uw-tf-dev,0.92.4,US,2026-09-11,1
simba-uw-tf-dev,0.92.7,US,2026-09-11,1
simba-uw-tf-dev,0.95.8,HK,2026-09-11,1
simba-uw-tf-dev,0.98.6,HK,2026-09-11,2
simba-uw-tf-dev,0.98.7,HK,2026-09-11,2
simba-uw-tf-dev,0.98.8,HK,2026-09-11,2
simba-uw-tf-dev,0.98.9,HK,2026-09-11,2
simba-uw-tf-dev,0.99.0,HK,2026-09-11,2
simba-uw-tf-dev,0.99.1,HK,2026-09-11,2
simba-uw-tf-dev,0.99.2,HK,2026-09-11,2
simba-uw-tf-dev,0.99.3,HK,2026-09-11,2
simba-uw-tf-dev,0.99.4,HK,2026-09-11,2
simba-uw-tf-dev,0.99.5,HK,2026-09-11,2
simba-uw-tf-dev,0.99.6,HK,2026-09-11,2
simba-uw-tf-dev,0.99.7,HK,2026-09-11,2
simba-uw-tf-dev,0.99.8,HK,2026-09-11,2
simba-uw-tf-dev,0.99.9,HK,2026-09-11,2
simba-uw-tf-dev,1.0.1,HK,2026-09-11,2
simba-uw-tf-dev,1.0.2,HK,2026-09-11,2
simba-uw-tf-dev,1.0.3,HK,2026-09-11,2
simba-uw-tf-dev,1.0.4,HK,2026-09-11,2
simba-uw-tf-dev,1.0.5,HK,2026-09-11,3
simba-uw-tf-dev,1.0.6,HK,2026-09-11,2
simba-uw-tf-dev,1.0.7,HK,2026-09-11,2
simba-uw-tf-dev,1.0.8,HK,2026-09-11,2
simba-uw-tf-dev,1.0.9,HK,2026-09-11,2
simba-uw-tf-dev,1.0.9,US,2026-09-11,1
simba-uw-tf-dev,1.1.0,HK,2026-09-11,2
simba-uw-tf-dev,1.1.1,HK,2026-09-11,2
simba-uw-tf-dev,1.1.2,HK,2026-09-11,2
simba-uw-tf-dev,1.1.3,HK,2026-09-11,2
simba-uw-tf-dev,1.1.4,HK,2026-09-11,2
simba-uw-tf-dev,1.1.5,HK,2026-09-11,2
simba-uw-tf-dev,1.1.6,HK,2026-09-11,2
simba-uw-tf-dev,1.1.6,US,2026-09-11,1
simba-uw-tf-dev,1.1.7,HK,2026-09-11,2
simba-uw-tf-dev,1.1.8,HK,2026-09-11,2
simba-uw-tf-dev,1.1.9,HK,2026-09-11,2
simba-uw-tf-dev,1.2.0,HK,2026-09-11,2
simba-uw-tf-dev,1.2.0,US,2026-09-11,1
simba-uw-tf-dev,1.2.1,HK,2026-09-11,2
simba-uw-tf-dev,1.2.2,HK,2026-09-11,2
simba-uw-tf-dev,1.2.3,HK,2026-09-11,2
simba-uw-tf-dev,1.2.4,HK,2026-09-11,2
simba-uw-tf-dev,1.2.5,HK,2026-09-11,2
simba-uw-tf-dev,1.2.6,HK,2026-09-11,2
simba-uw-tf-dev,1.2.7,HK,2026-09-11,2
simba-uw-tf-dev,1.2.8,HK,2026-09-11,2
simba-uw-tf-dev,1.2.9,HK,2026-09-11,2
simba-uw-tf-dev,1.21.1,HK,2026-09-11,2
simba-uw-tf-dev,1.21.2,HK,2026-09-11,2
simba-uw-tf-dev,1.21.3,HK,2026-09-11,2
simba-uw-tf-dev,1.21.4,HK,2026-09-11,2
simba-uw-tf-dev,1.21.5,HK,2026-09-11,2
simba-uw-tf-dev,1.21.6,HK,2026-09-11,2
simba-uw-tf-dev,1.21.7,HK,2026-09-11,2
simba-uw-tf-dev,1.21.8,HK,2026-09-11,2
simba-uw-tf-dev,1.22.1,HK,2026-09-11,2
simba-uw-tf-dev,1.22.2,HK,2026-09-11,2
simba-uw-tf-dev,1.22.3,HK,2026-09-11,2
simba-uw-tf-dev,1.22.4,HK,2026-09-11,2
simba-uw-tf-dev,1.22.5,HK,2026-09-11,2
simba-uw-tf-dev,1.22.6,HK,2026-09-11,2
simba-uw-tf-dev,1.22.7,HK,2026-09-11,2
simba-uw-tf-dev,1.22.8,HK,2026-09-11,2
simba-uw-tf-dev,1.22.9,HK,2026-09-11,2
simba-uw-tf-dev,1.30.1,HK,2026-09-11,2
simba-uw-tf-dev,1.30.1,US,2026-09-11,1
simba-uw-tf-dev,1.30.2,HK,2026-09-11,2
simba-uw-tf-dev,1.30.3,HK,2026-09-11,2
simba-uw-tf-dev,1.30.6,HK,2026-09-11,2
simba-uw-tf-dev,1.30.8,HK,2026-09-11,2
simba-uw-tf-dev,1.30.9,HK,2026-09-11,2
simba-uw-tf-dev,1.32.1,HK,2026-09-11,2
simba-uw-tf-dev,1.32.2,HK,2026-09-11,2
simba-uw-tf-dev,1.32.3,HK,2026-09-11,2
simba-uw-tf-dev,1.32.4,HK,2026-09-11,2
simba-uw-tf-dev,1.32.5,HK,2026-09-11,2
simba-uw-tf-dev,1.32.6,HK,2026-09-11,2
simba-uw-tf-dev,1.32.7,HK,2026-09-11,2
simba-uw-tf-dev,1.32.8,HK,2026-09-11,2
simba-uw-tf-dev,1.32.9,HK,2026-09-11,2
simba-uw-tf-dev,1.33.1,HK,2026-09-11,2
simba-uw-tf-dev,1.33.2,HK,2026-09-11,2
simba-uw-tf-dev,1.33.3,HK,2026-09-11,2
simba-uw-tf-dev,1.33.4,HK,2026-09-11,2
simba-uw-tf-dev,1.33.5,HK,2026-09-11,2
simba-uw-tf-dev,1.33.6,HK,2026-09-11,2
simba-uw-tf-dev,1.33.7,HK,2026-09-11,2
simba-uw-tf-dev,1.33.8,HK,2026-09-11,2
simba-uw-tf-dev,1.33.9,HK,2026-09-11,2
simba-uw-tf-dev,1.40.0,HK,2026-09-11,2
simba-uw-tf-dev,1.40.1,HK,2026-09-11,2
simba-uw-tf-dev,1.40.2,HK,2026-09-11,2
simba-uw-tf-dev,1.40.4,HK,2026-09-11,2
simba-uw-tf-dev,1.40.5,HK,2026-09-11,2
simba-uw-tf-dev,1.40.6,HK,2026-09-11,2
simba-uw-tf-dev,1.40.7,HK,2026-09-11,2
simba-uw-tf-dev,1.40.8,HK,2026-09-11,2
simba-uw-tf-dev,1.40.9,HK,2026-09-11,2
simba-uw-tf-dev,1.50.1,HK,2026-09-11,2
simba-uw-tf-dev,1.50.1,US,2026-09-11,1
simba-uw-tf-dev,1.50.2,HK,2026-09-11,2
simba-uw-tf-dev,1.50.3,HK,2026-09-11,2
simba-uw-tf-dev,1.50.4,HK,2026-09-11,2
simba-uw-tf-dev,1.50.5,HK,2026-09-11,2
simba-uw-tf-dev,1.50.6,HK,2026-09-11,2
simba-uw-tf-dev,1.50.7,HK,2026-09-11,2
simba-uw-tf-dev,1.50.8,HK,2026-09-11,2
simba-uw-tf-dev,1.50.9,HK,2026-09-11,2
simba-uw-tf-dev,1.51.1,HK,2026-09-11,2
simba-uw-tf-dev,1.51.2,HK,2026-09-11,2
simba-uw-tf-dev,1.51.3,HK,2026-09-11,2
simba-uw-tf-dev,1.51.4,HK,2026-09-11,2
simba-uw-tf-dev,1.51.5,HK,2026-09-11,2
simba-uw-tf-dev,1.51.6,HK,2026-09-11,2
simba-uw-tf-dev,1.51.7,HK,2026-09-11,2
simba-uw-tf-dev,1.51.8,HK,2026-09-11,2
simba-uw-tf-dev,1.51.9,HK,2026-09-11,2
simba-uw-tf-dev,1.51.9,US,2026-09-11,1
simba-uw-tf-dev,1.52.1,HK,2026-09-11,2
simba-uw-tf-dev,1.52.2,HK,2026-09-11,2
simba-uw-tf-dev,1.52.3,HK,2026-09-11,2
simba-uw-tf-dev,1.52.4,HK,2026-09-11,2
simba-uw-tf-dev,1.52.9,HK,2026-09-11,2
simba-uw-tf-dev,1.52.91,HK,2026-09-11,2
simba-uw-tf-dev,1.52.92,HK,2026-09-11,2
simba-uw-tf-dev,1.53.1,HK,2026-09-11,2
simba-uw-tf-dev,1.53.2,HK,2026-09-11,2
simba-uw-tf-dev,1.53.3,HK,2026-09-11,2
simba-uw-tf-dev,1.53.4,HK,2026-09-11,2
simba-uw-tf-dev,1.53.5,HK,2026-09-11,2
simba-uw-tf-dev,1.53.6,HK,2026-09-11,2
simba-uw-tf-dev,1.53.7,HK,2026-09-11,2
simba-uw-tf-dev,1.53.8,HK,2026-09-11,2
simba-uw-tf-dev,1.53.9,HK,2026-09-11,2
simba-uw-tf-dev,1.54.1,HK,2026-09-11,2
simba-uw-tf-dev,1.54.2,HK,2026-09-11,2
simba-uw-tf-dev,1.54.3,HK,2026-09-11,2
simba-uw-tf-dev,1.54.4,HK,2026-09-11,2
simba-uw-tf-dev,1.54.5,HK,2026-09-11,2
simba-uw-tf-dev,1.54.6,HK,2026-09-11,2
simba-uw-tf-dev,1.54.7,HK,2026-09-11,2
simba-uw-tf-dev,1.54.8,HK,2026-09-11,2
simba-uw-tf-dev,1.54.9,HK,2026-09-11,2
simba-uw-tf-dev,1.55.1,HK,2026-09-11,2
simba-uw-tf-dev,1.55.1,US,2026-09-11,1
simba-uw-tf-dev,1.55.2,HK,2026-09-11,2
simba-uw-tf-dev,1.55.3,HK,2026-09-11,2
simba-uw-tf-dev,1.55.4,HK,2026-09-11,2
simba-uw-tf-dev,1.55.5,HK,2026-09-11,2
simba-uw-tf-dev,1.55.6,HK,2026-09-11,2
simba-uw-tf-dev,1.55.7,HK,2026-09-11,2
simba-uw-tf-dev,1.55.8,HK,2026-09-11,2
simba-uw-tf-dev,1.55.9,HK,2026-09-11,2
simba-uw-tf-dev,1.56.1,HK,2026-09-11,2
simba-uw-tf-dev,1.56.2,HK,2026-09-11,2
simba-uw-tf-dev,1.56.3,HK,2026-09-11,2
simba-uw-tf-dev,1.56.3,US,2026-09-11,1
simba-uw-tf-dev,1.56.4,HK,2026-09-11,2
simba-uw-tf-dev,1.56.5,HK,2026-09-11,3
simba-uw-tf-dev,1.56.7,HK,2026-09-11,2
simba-uw-tf-dev,1.56.8,HK,2026-09-11,2
simba-uw-tf-dev,1.56.9,HK,2026-09-11,2
simba-uw-tf-dev,1.57.2,HK,2026-09-11,2
simba-uw-tf-dev,1.57.3,HK,2026-09-11,2
simba-uw-tf-dev,1.57.4,HK,2026-09-11,2
simba-uw-tf-dev,1.57.5,HK,2026-09-11,2
simba-uw-tf-dev,1.57.6,HK,2026-09-11,2
simba-uw-tf-dev,1.57.8,HK,2026-09-11,2
simba-uw-tf-dev,1.57.9,HK,2026-09-11,2
simba-uw-tf-dev,1.58.1,HK,2026-09-11,2
simba-uw-tf-dev,1.58.2,HK,2026-09-11,2
simba-uw-tf-dev,1.58.3,HK,2026-09-11,2
simba-uw-tf-dev,1.58.4,HK,2026-09-11,2
simba-uw-tf-dev,1.58.5,HK,2026-09-11,2
simba-uw-tf-dev,1.58.6,HK,2026-09-11,2
simba-uw-tf-dev,1.58.6,US,2026-09-11,1
simba-uw-tf-dev,1.58.7,HK,2026-09-11,2
simba-uw-tf-dev,1.58.8,HK,2026-09-11,2
simba-uw-tf-dev,1.58.9,HK,2026-09-11,2
simba-uw-tf-dev,1.59.1,HK,2026-09-11,2
simba-uw-tf-dev,1.59.2,HK,2026-09-11,2
simba-uw-tf-dev,1.59.3,HK,2026-09-11,2
simba-uw-tf-dev,1.59.4,HK,2026-09-11,2
simba-uw-tf-dev,1.60.1,HK,2026-09-11,2
simba-uw-tf-dev,1.60.2,HK,2026-09-11,2
simba-uw-tf-dev,1.60.3,HK,2026-09-11,2
simba-uw-tf-dev,1.60.4,HK,2026-09-11,2
simba-uw-tf-dev,1.60.5,HK,2026-09-11,2
simba-uw-tf-dev,1.60.6,HK,2026-09-11,2
simba-uw-tf-dev,1.60.7,HK,2026-09-11,2
simba-uw-tf-dev,1.60.9,HK,2026-09-11,2
simba-uw-tf-dev,1.61.1,HK,2026-09-11,2
simba-uw-tf-dev,1.61.2,HK,2026-09-11,2
simba-uw-tf-dev,1.61.3,HK,2026-09-11,2
simba-uw-tf-dev,1.61.4,HK,2026-09-11,2
simba-uw-tf-dev,1.61.5,HK,2026-09-11,2
simba-uw-tf-dev,1.61.6,HK,2026-09-11,2
simba-uw-tf-dev,1.61.7,HK,2026-09-11,2
simba-uw-tf-dev,1.61.8,HK,2026-09-11,2
simba-uw-tf-dev,1.61.9,HK,2026-09-11,2
simba-uw-tf-dev,1.62.1,HK,2026-09-11,2
simba-uw-tf-dev,1.62.2,HK,2026-09-11,2
simba-uw-tf-dev,1.62.3,HK,2026-09-11,2
simba-uw-tf-dev,1.62.4,HK,2026-09-11,2
simba-uw-tf-dev,1.62.5,HK,2026-09-11,2
simba-uw-tf-dev,1.62.6,HK,2026-09-11,2
simba-uw-tf-dev,1.62.7,HK,2026-09-11,2
simba-uw-tf-dev,1.62.8,HK,2026-09-11,2
simba-uw-tf-dev,1.62.9,HK,2026-09-11,2
simba-uw-tf-dev,1.63.1,HK,2026-09-11,2
simba-uw-tf-dev,1.63.2,HK,2026-09-11,2
simba-uw-tf-dev,1.63.3,HK,2026-09-11,2
simba-uw-tf-dev,1.63.4,HK,2026-09-11,2
simba-uw-tf-dev,1.63.5,HK,2026-09-11,2
simba-uw-tf-dev,1.63.6,HK,2026-09-11,2
simba-uw-tf-dev,1.63.7,HK,2026-09-11,2
simba-uw-tf-dev,1.63.8,HK,2026-09-11,2
simba-uw-tf-dev,1.63.9,HK,2026-09-11,2
simba-uw-tf-dev,1.64.1,HK,2026-09-11,2
simba-uw-tf-dev,1.64.2,HK,2026-09-11,2
simba-uw-tf-dev,1.64.3,HK,2026-09-11,2
simba-uw-tf-dev,1.64.4,HK,2026-09-11,2
simba-uw-tf-dev,1.64.5,HK,2026-09-11,2
simba-uw-tf-dev,1.64.6,HK,2026-09-11,2
simba-uw-tf-dev,1.64.7,HK,2026-09-11,2
simba-uw-tf-dev,1.64.8,HK,2026-09-11,2
simba-uw-tf-dev,1.64.9,HK,2026-09-11,2
simba-uw-tf-dev,1.65.1,HK,2026-09-11,2
simba-uw-tf-dev,1.65.2,HK,2026-09-11,2
simba-uw-tf-dev,1.65.3,HK,2026-09-11,2
simba-uw-tf-dev,1.65.4,HK,2026-09-11,2
simba-uw-tf-dev,1.65.5,HK,2026-09-11,2
simba-uw-tf-dev,1.65.6,HK,2026-09-11,2
simba-uw-tf-dev,1.65.7,HK,2026-09-11,2
simba-uw-tf-dev,1.65.8,HK,2026-09-11,2
simba-uw-tf-dev,1.65.9,HK,2026-09-11,2
simba-uw-tf-dev,1.70.1,HK,2026-09-11,2
simba-uw-tf-dev,1.70.2,HK,2026-09-11,2
simba-uw-tf-dev,1.70.3,HK,2026-09-11,2
simba-uw-tf-dev,1.70.4,HK,2026-09-11,2
simba-uw-tf-dev,1.70.5,HK,2026-09-11,2
simba-uw-tf-dev,1.70.6,HK,2026-09-11,2
simba-uw-tf-dev,1.70.7,HK,2026-09-11,2
simba-uw-tf-dev,1.70.8,HK,2026-09-11,2
simba-uw-tf-dev,1.70.9,HK,2026-09-11,2
simba-uw-tf-dev,1.71.1,HK,2026-09-11,2
simba-uw-tf-dev,1.71.2,HK,2026-09-11,2
simba-uw-tf-dev,1.71.3,HK,2026-09-11,2
simba-uw-tf-dev,1.71.4,HK,2026-09-11,2
simba-uw-tf-dev,1.71.5,HK,2026-09-11,2
simba-uw-tf-dev,1.71.6,HK,2026-09-11,2
simba-uw-tf-dev,1.71.7,HK,2026-09-11,2
simba-uw-tf-dev,1.71.8,HK,2026-09-11,2
simba-uw-tf-dev,1.71.9,HK,2026-09-11,2
simba-uw-tf-dev,1.72.1,HK,2026-09-11,2
simba-uw-tf-dev,1.72.2,HK,2026-09-11,2
simba-uw-tf-dev,1.72.3,HK,2026-09-11,2
simba-uw-tf-dev,1.72.4,HK,2026-09-11,2
simba-uw-tf-dev,1.72.5,HK,2026-09-11,2
simba-uw-tf-dev,1.72.6,HK,2026-09-11,2
simba-uw-tf-dev,1.72.7,HK,2026-09-11,2
simba-uw-tf-dev,1.72.8,HK,2026-09-11,2
simba-uw-tf-dev,1.72.9,US,2026-09-11,1
simba-uw-tf-dev,1.73.1,HK,2026-09-11,2
simba-uw-tf-dev,1.73.2,HK,2026-09-11,2
simba-uw-tf-dev,1.73.3,HK,2026-09-11,2
simba-uw-tf-dev,1.73.3,US,2026-09-11,1
simba-uw-tf-dev,1.73.5,HK,2026-09-11,2
simba-uw-tf-dev,1.73.6,HK,2026-09-11,2
simba-uw-tf-dev,1.73.7,HK,2026-09-11,2
simba-uw-tf-dev,1.73.8,HK,2026-09-11,2
simba-uw-tf-dev,1.73.9,HK,2026-09-11,2
simba-uw-tf-dev,1.74.1,HK,2026-09-11,2
simba-uw-tf-dev,1.74.2,HK,2026-09-11,2
simba-uw-tf-dev,1.74.3,HK,2026-09-11,2
simba-uw-tf-dev,1.74.4,HK,2026-09-11,2
simba-uw-tf-dev,1.74.5,HK,2026-09-11,2
simba-uw-tf-dev,1.74.6,HK,2026-09-11,2
simba-uw-tf-dev,1.74.7,HK,2026-09-11,2
simba-uw-tf-dev,1.74.8,HK,2026-09-11,2
simba-uw-tf-dev,1.74.9,HK,2026-09-11,2
simba-uw-tf-dev,1.75.1,HK,2026-09-11,2
simba-uw-tf-dev,1.75.2,HK,2026-09-11,2
simba-uw-tf-dev,1.75.3,HK,2026-09-11,2
simba-uw-tf-dev,1.75.4,HK,2026-09-11,2
simba-uw-tf-dev,1.75.5,HK,2026-09-11,2
simba-uw-tf-dev,1.75.6,HK,2026-09-11,2
simba-uw-tf-dev,1.75.7,HK,2026-09-11,2
simba-uw-tf-dev,1.75.8,HK,2026-09-11,2
simba-uw-tf-dev,1.75.9,HK,2026-09-11,2
simba-uw-tf-dev,1.76.1,HK,2026-09-11,2
simba-uw-tf-dev,1.76.2,HK,2026-09-11,2
simba-uw-tf-dev,1.76.3,HK,2026-09-11,2
simba-uw-tf-dev,1.76.4,HK,2026-09-11,2
simba-uw-tf-dev,1.76.5,HK,2026-09-11,2
simba-uw-tf-dev,1.76.6,HK,2026-09-11,2
simba-uw-tf-dev,1.76.7,HK,2026-09-11,2
simba-uw-tf-dev,1.76.8,HK,2026-09-11,2
simba-uw-tf-dev,1.76.9,HK,2026-09-11,2
simba-uw-tf-dev,1.77.1,HK,2026-09-11,2
simba-uw-tf-dev,1.77.2,HK,2026-09-11,2
simba-uw-tf-dev,1.77.3,HK,2026-09-11,2
simba-uw-tf-dev,1.77.4,HK,2026-09-11,2
simba-uw-tf-dev,1.77.5,HK,2026-09-11,2
simba-uw-tf-dev,1.77.6,HK,2026-09-11,2
simba-uw-tf-dev,1.77.7,HK,2026-09-11,2
simba-uw-tf-dev,1.77.8,HK,2026-09-11,2
simba-uw-tf-dev,1.77.9,HK,2026-09-11,2
simba-uw-tf-dev,1.78.1,HK,2026-09-11,2
simba-uw-tf-dev,1.78.1,US,2026-09-11,1
simba-uw-tf-dev,1.78.2,HK,2026-09-11,2
simba-uw-tf-dev,1.78.3,HK,2026-09-11,2
simba-uw-tf-dev,1.78.4,HK,2026-09-11,2
simba-uw-tf-dev,1.78.5,HK,2026-09-11,2
simba-uw-tf-dev,1.78.6,HK,2026-09-11,2
simba-uw-tf-dev,1.78.7,HK,2026-09-11,2
simba-uw-tf-dev,1.78.8,HK,2026-09-11,2
simba-uw-tf-dev,1.78.9,HK,2026-09-11,2
simba-uw-tf-dev,1.79.1,HK,2026-09-11,2
simba-uw-tf-dev,1.79.2,HK,2026-09-11,2
simba-uw-tf-dev,1.79.3,HK,2026-09-11,2
simba-uw-tf-dev,1.79.4,HK,2026-09-11,2
simba-uw-tf-dev,1.79.5,HK,2026-09-11,2
simba-uw-tf-dev,1.79.6,HK,2026-09-11,2
simba-uw-tf-dev,1.79.7,HK,2026-09-11,2
simba-uw-tf-dev,1.79.8,HK,2026-09-11,2
simba-uw-tf-dev,1.79.9,HK,2026-09-11,2
simba-uw-tf-dev,1.80.1,HK,2026-09-11,2
simba-uw-tf-dev,1.80.2,HK,2026-09-11,2
simba-uw-tf-dev,1.80.3,HK,2026-09-11,2
simba-uw-tf-dev,1.80.4,HK,2026-09-11,2
simba-uw-tf-dev,1.80.5,HK,2026-09-11,2
simba-uw-tf-dev,1.80.6,HK,2026-09-11,2
simba-uw-tf-dev,1.80.7,HK,2026-09-11,2
simba-uw-tf-dev,1.80.8,HK,2026-09-11,2
simba-uw-tf-dev,1.80.9,HK,2026-09-11,2
simba-uw-tf-dev,1.81.1,HK,2026-09-11,2
simba-uw-tf-dev,1.81.2,HK,2026-09-11,2
simba-uw-tf-dev,1.81.3,HK,2026-09-11,2
simba-uw-tf-dev,1.81.4,HK,2026-09-11,2
simba-uw-tf-dev,1.81.5,HK,2026-09-11,2
simba-uw-tf-dev,1.81.6,HK,2026-09-11,2
simba-uw-tf-dev,1.81.7,HK,2026-09-11,2
simba-uw-tf-dev,1.81.8,HK,2026-09-11,2
simba-uw-tf-dev,1.81.9,HK,2026-09-11,2
simba-uw-tf-dev,1.82.1,HK,2026-09-11,2
simba-uw-tf-dev,1.82.3,HK,2026-09-11,2
simba-uw-tf-dev,1.83.1,HK,2026-09-11,2
simba-uw-tf-dev,1.83.2,HK,2026-09-11,2
simba-uw-tf-dev,1.83.3,HK,2026-09-11,2
simba-uw-tf-dev,1.83.4,HK,2026-09-11,2
simba-uw-tf-dev,1.83.5,HK,2026-09-11,2
simba-uw-tf-dev,1.83.6,HK,2026-09-11,2
simba-uw-tf-dev,1.83.7,HK,2026-09-11,2
simba-uw-tf-dev,1.83.8,HK,2026-09-11,2
simba-uw-tf-dev,1.83.9,HK,2026-09-11,2
simba-uw-tf-dev,1.84.1,HK,2026-09-11,2
simba-uw-tf-dev,1.84.3,HK,2026-09-11,2
simba-uw-tf-dev,1.84.4,HK,2026-09-11,2
simba-uw-tf-dev,1.84.4,US,2026-09-11,1
simba-uw-tf-dev,1.84.5,HK,2026-09-11,2
simba-uw-tf-dev,1.84.5,US,2026-09-11,2
simba-uw-tf-dev,1.84.6,HK,2026-09-11,2
simba-uw-tf-dev,1.84.7,HK,2026-09-11,2
simba-uw-tf-dev,1.84.8,HK,2026-09-11,2
simba-uw-tf-dev,1.84.9,HK,2026-09-11,2
simba-uw-tf-dev,1.85.1,HK,2026-09-11,2
simba-uw-tf-dev,1.85.2,HK,2026-09-11,2
simba-uw-tf-dev,1.85.3,HK,2026-09-11,2
simba-uw-tf-dev,1.85.4,HK,2026-09-11,2
simba-uw-tf-dev,1.85.5,HK,2026-09-11,2
simba-uw-tf-dev,1.85.6,HK,2026-09-11,2
simba-uw-tf-dev,1.85.7,HK,2026-09-11,2
simba-uw-tf-dev,1.85.8,HK,2026-09-11,2
simba-uw-tf-dev,1.85.9,HK,2026-09-11,2
simba-uw-tf-dev,1.86.1,HK,2026-09-11,2
simba-uw-tf-dev,1.86.2,HK,2026-09-11,2
simba-uw-tf-dev,1.86.3,HK,2026-09-11,2
simba-uw-tf-dev,1.86.4,HK,2026-09-11,2
simba-uw-tf-dev,1.86.6,HK,2026-09-11,2
simba-uw-tf-dev,1.86.7,HK,2026-09-11,2
simba-uw-tf-dev,1.87.1,HK,2026-09-11,2
simba-uw-tf-dev,1.87.2,HK,2026-09-11,2
simba-uw-tf-dev,1.87.3,HK,2026-09-11,2
simba-uw-tf-dev,1.87.4,HK,2026-09-11,2
simba-uw-tf-dev,1.87.5,HK,2026-09-11,2
simba-uw-tf-dev,1.87.6,HK,2026-09-11,2
simba-uw-tf-dev,1.87.7,HK,2026-09-11,2
simba-uw-tf-dev,1.87.8,HK,2026-09-11,2
simba-uw-tf-dev,1.87.8,US,2026-09-11,1
simba-uw-tf-dev,1.87.9,HK,2026-09-11,2
simba-uw-tf-dev,1.88.1,HK,2026-09-11,2
simba-uw-tf-dev,1.88.2,HK,2026-09-11,2
simba-uw-tf-dev,1.88.3,HK,2026-09-11,2
simba-uw-tf-dev,1.88.4,HK,2026-09-11,2
simba-uw-tf-dev,1.88.5,HK,2026-09-11,2
simba-uw-tf-dev,1.88.6,HK,2026-09-11,2
simba-uw-tf-dev,1.88.7,HK,2026-09-11,2
simba-uw-tf-dev,1.88.8,HK,2026-09-11,2
simba-uw-tf-dev,1.88.9,HK,2026-09-11,2
simba-uw-tf-dev,1.89.1,HK,2026-09-11,2
simba-uw-tf-dev,1.89.2,HK,2026-09-11,2
simba-uw-tf-dev,1.89.3,HK,2026-09-11,2
simba-uw-tf-dev,1.89.4,HK,2026-09-11,2
simba-uw-tf-dev,1.89.5,HK,2026-09-11,2
simba-uw-tf-dev,1.89.6,HK,2026-09-11,2
simba-uw-tf-dev,1.89.6,US,2026-09-11,1
simba-uw-tf-dev,1.89.7,HK,2026-09-11,2
simba-uw-tf-dev,1.89.8,HK,2026-09-11,2
simba-uw-tf-dev,1.89.9,HK,2026-09-11,2
simba-uw-tf-dev,1.90.1,HK,2026-09-11,2
simba-uw-tf-dev,1.90.2,HK,2026-09-11,2
simba-uw-tf-dev,1.90.3,HK,2026-09-11,2
simba-uw-tf-dev,1.90.4,HK,2026-09-11,2
simba-uw-tf-dev,1.90.5,HK,2026-09-11,2
simba-uw-tf-dev,1.90.6,HK,2026-09-11,2
simba-uw-tf-dev,1.90.7,HK,2026-09-11,2
simba-uw-tf-dev,1.90.8,HK,2026-09-11,2
simba-uw-tf-dev,1.90.9,HK,2026-09-11,2
simba-uw-tf-dev,1.91.1,HK,2026-09-11,2
simba-uw-tf-dev,1.91.2,HK,2026-09-11,2
simba-uw-tf-dev,1.91.3,HK,2026-09-11,2
simba-uw-tf-dev,1.91.4,HK,2026-09-11,2
simba-uw-tf-dev,1.91.5,HK,2026-09-11,2
simba-uw-tf-dev,1.91.6,HK,2026-09-11,2
simba-uw-tf-dev,1.91.7,HK,2026-09-11,2
simba-uw-tf-dev,1.91.8,HK,2026-09-11,2
simba-uw-tf-dev,1.91.9,HK,2026-09-11,2
simba-uw-tf-dev,1.92.1,HK,2026-09-11,2
simba-uw-tf-dev,1.92.2,HK,2026-09-11,2
simba-uw-tf-dev,1.92.3,HK,2026-09-11,2
simba-uw-tf-dev,1.92.4,HK,2026-09-11,2
simba-uw-tf-dev,1.92.4,US,2026-09-11,1
simba-uw-tf-dev,1.92.5,HK,2026-09-11,2
simba-uw-tf-dev,1.92.7,HK,2026-09-11,2
simba-uw-tf-dev,1.92.8,HK,2026-09-11,2
simba-uw-tf-dev,1.92.9,HK,2026-09-11,2
simba-uw-tf-dev,1.93.1,HK,2026-09-11,2
simba-uw-tf-dev,1.93.2,HK,2026-09-11,2
simba-uw-tf-dev,1.93.3,HK,2026-09-11,2
simba-uw-tf-dev,1.93.4,HK,2026-09-11,2
simba-uw-tf-dev,1.93.5,HK,2026-09-11,2
simba-uw-tf-dev,1.93.6,HK,2026-09-11,2
simba-uw-tf-dev,1.93.7,HK,2026-09-11,2
simba-uw-tf-dev,1.93.8,HK,2026-09-11,2
simba-uw-tf-dev,1.93.9,HK,2026-09-11,2
simba-uw-tf-dev,1.94.1,HK,2026-09-11,2
simba-uw-tf-dev,1.94.2,HK,2026-09-11,2
simba-uw-tf-dev,1.94.3,HK,2026-09-11,2
simba-uw-tf-dev,1.94.4,HK,2026-09-11,2
simba-uw-tf-dev,1.94.5,HK,2026-09-11,2
simba-uw-tf-dev,1.94.6,HK,2026-09-11,2
simba-uw-tf-dev,1.94.7,HK,2026-09-11,2
simba-uw-tf-dev,1.94.8,HK,2026-09-11,2
simba-uw-tf-dev,1.94.9,HK,2026-09-11,2
simba-uw-tf-dev,1.95.1,HK,2026-09-11,2
simba-uw-tf-dev,1.95.2,HK,2026-09-11,2
simba-uw-tf-dev,1.95.3,HK,2026-09-11,1
simba-uw-tf-dev,1.95.4,HK,2026-09-11,2
simba-uw-tf-dev,1.95.5,HK,2026-09-11,2
simba-uw-tf-dev,1.95.6,HK,2026-09-11,2
simba-uw-tf-dev,1.95.7,HK,2026-09-11,2
simba-uw-tf-dev,1.95.8,HK,2026-09-11,2
simba-uw-tf-dev,1.95.9,HK,2026-09-11,2
simba-uw-tf-dev,1.96.1,HK,2026-09-11,2
simba-uw-tf-dev,1.96.2,HK,2026-09-11,2
simba-uw-tf-dev,1.96.3,HK,2026-09-11,2
simba-uw-tf-dev,1.96.4,HK,2026-09-11,2
simba-uw-tf-dev,1.96.5,HK,2026-09-11,2
simba-uw-tf-dev,1.96.6,HK,2026-09-11,2
simba-uw-tf-dev,1.96.6,US,2026-09-11,1
simba-uw-tf-dev,1.96.7,HK,2026-09-11,2
simba-uw-tf-dev,1.96.8,HK,2026-09-11,2
simba-uw-tf-dev,1.96.9,HK,2026-09-11,2
simba-uw-tf-dev,1.97.1,HK,2026-09-11,2
simba-uw-tf-dev,1.97.2,HK,2026-09-11,2
simba-uw-tf-dev,1.97.3,HK,2026-09-11,2
simba-uw-tf-dev,1.97.4,HK,2026-09-11,2
simba-uw-tf-dev,1.97.5,HK,2026-09-11,2
simba-uw-tf-dev,1.97.6,HK,2026-09-11,2
simba-uw-tf-dev,1.97.7,HK,2026-09-11,2
simba-uw-tf-dev,1.97.9,HK,2026-09-11,2
simba-uw-tf-dev,1.97.9,US,2026-09-11,1
simba-uw-tf-dev,1.98.1,HK,2026-09-11,2
simba-uw-tf-dev,1.98.2,HK,2026-09-11,2
simba-uw-tf-dev,1.98.3,HK,2026-09-11,2
simba-uw-tf-dev,1.98.4,HK,2026-09-11,2
simba-uw-tf-dev,1.98.5,HK,2026-09-11,2
simba-uw-tf-dev,1.98.6,HK,2026-09-11,2
simba-uw-tf-dev,1.98.7,HK,2026-09-11,2
simba-uw-tf-dev,1.98.8,HK,2026-09-11,2
simba-uw-tf-dev,1.98.8,US,2026-09-11,1
simba-uw-tf-dev,1.98.9,HK,2026-09-11,2
simba-uw-tf-dev,1.99.1,HK,2026-09-11,2
simba-uw-tf-dev,1.99.2,HK,2026-09-11,2
simba-uw-tf-dev,1.99.3,HK,2026-09-11,2
simba-uw-tf-dev,1.99.4,HK,2026-09-11,2
simba-uw-tf-dev,1.99.5,HK,2026-09-11,2
simba-uw-tf-dev,1.99.6,HK,2026-09-11,2
simba-uw-tf-dev,1.99.7,HK,2026-09-11,2
simba-uw-tf-dev,1.99.8,HK,2026-09-11,2
simba-uw-tf-dev,1.99.9,HK,2026-09-11,2
simba-uw-tf-dev,2.0.1,HK,2026-09-11,2
simba-uw-tf-dev,2.0.2,HK,2026-09-11,2
simba-uw-tf-dev,2.0.3,HK,2026-09-11,2
simba-uw-tf-dev,2.0.4,HK,2026-09-11,2
simba-uw-tf-dev,2.0.5,HK,2026-09-11,2
simba-uw-tf-dev,2.0.6,HK,2026-09-11,2
simba-uw-tf-dev,2.0.7,HK,2026-09-11,2
simba-uw-tf-dev,2.0.8,HK,2026-09-11,2
simba-uw-tf-dev,2.0.9,HK,2026-09-11,2
simba-uw-tf-dev,2.1.1,HK,2026-09-11,2
simba-uw-tf-dev,2.1.2,HK,2026-09-11,2
simba-uw-tf-dev,2.1.3,HK,2026-09-11,2
simba-uw-tf-dev,2.1.4,HK,2026-09-11,2
simba-uw-tf-dev,2.1.5,HK,2026-09-11,2
simba-uw-tf-dev,2.1.6,HK,2026-09-11,2
simba-uw-tf-dev,2.1.7,HK,2026-09-11,2
simba-uw-tf-dev,2.1.8,HK,2026-09-11,2
simba-uw-tf-dev,2.1.9,HK,2026-09-11,2
simba-uw-tf-dev,2.2.1,HK,2026-09-11,2
simba-uw-tf-dev,2.2.2,HK,2026-09-11,2
simba-uw-tf-dev,2.2.3,HK,2026-09-11,2
simba-uw-tf-dev,2.2.4,HK,2026-09-11,2
simba-uw-tf-dev,2.2.7,HK,2026-09-11,2
simba-uw-tf-dev,2.2.8,HK,2026-09-11,2
simba-uw-tf-dev,2.2.9,HK,2026-09-11,2
simba-uw-tf-dev,2.3.1,HK,2026-09-11,2
simba-uw-tf-dev,2.3.2,HK,2026-09-11,2
simba-uw-tf-dev,2.3.3,HK,2026-09-11,2
simba-uw-tf-dev,2.3.4,HK,2026-09-11,2
simba-uw-tf-dev,2.3.5,HK,2026-09-11,2
simba-uw-tf-dev,2.3.6,HK,2026-09-11,2
simba-uw-tf-dev,2.3.7,HK,2026-09-11,2
simba-uw-tf-dev,2.3.8,HK,2026-09-11,2
simba-uw-tf-dev,2.3.9,HK,2026-09-11,2
simba-uw-tf-dev,2.4.1,HK,2026-09-11,2
simba-uw-tf-dev,2.4.2,HK,2026-09-11,2
simba-uw-tf-dev,2.4.3,HK,2026-09-11,2
simba-uw-tf-dev,2.4.4,HK,2026-09-11,2
simba-uw-tf-dev,2.4.5,HK,2026-09-11,2
simba-uw-tf-dev,2.4.6,HK,2026-09-11,2
simba-uw-tf-dev,2.4.7,HK,2026-09-11,2
simba-uw-tf-dev,2.4.8,HK,2026-09-11,2
simba-uw-tf-dev,2.4.8,US,2026-09-11,1
simba-uw-tf-dev,2.4.9,HK,2026-09-11,2
simba-uw-tf-dev,2.5.1,HK,2026-09-11,2
simba-uw-tf-dev,2.5.2,HK,2026-09-11,2
simba-uw-tf-dev,2.5.3,HK,2026-09-11,2
simba-uw-tf-dev,2.5.4,HK,2026-09-11,2
simba-uw-tf-dev,2.5.5,HK,2026-09-11,2
simba-uw-tf-dev,2.5.6,HK,2026-09-11,2
simba-uw-tf-dev,2.5.7,HK,2026-09-11,2
simba-uw-tf-dev,2.5.8,HK,2026-09-11,2
simba-uw-tf-dev,2.5.9,HK,2026-09-11,2
simba-uw-tf-dev,2.6.1,HK,2026-09-11,2
simba-uw-tf-dev,2.6.2,HK,2026-09-11,2
simba-uw-tf-dev,2.6.3,HK,2026-09-11,2
simba-uw-tf-dev,2.6.4,HK,2026-09-11,2
simba-uw-tf-dev,2.6.5,HK,2026-09-11,2
simba-uw-tf-dev,2.6.6,HK,2026-09-11,2
simba-uw-tf-dev,2.6.7,HK,2026-09-11,2
simba-uw-tf-dev,2.6.8,HK,2026-09-11,2
simba-uw-tf-dev,2.6.9,HK,2026-09-11,2
simba-uw-tf-dev,2.7.1,HK,2026-09-11,2
simba-uw-tf-dev,2.7.2,HK,2026-09-11,2
simba-uw-tf-dev,2.7.3,HK,2026-09-11,2
simba-uw-tf-dev,2.7.4,HK,2026-09-11,2
simba-uw-tf-dev,2.7.5,HK,2026-09-11,2
simba-uw-tf-dev,2.7.6,HK,2026-09-11,2
simba-uw-tf-dev,2.7.7,HK,2026-09-11,2
simba-uw-tf-dev,2.7.8,HK,2026-09-11,2
simba-uw-tf-dev,2.7.9,HK,2026-09-11,2
simba-uw-tf-dev,2.8.1,HK,2026-09-11,2
simba-uw-tf-dev,2.8.2,HK,2026-09-11,2
simba-uw-tf-dev,2.8.3,HK,2026-09-11,2
simba-uw-tf-dev,2.8.4,HK,2026-09-11,2
simba-uw-tf-dev,2.8.5,HK,2026-09-11,2
simba-uw-tf-dev,2.8.6,HK,2026-09-11,2
simba-uw-tf-dev,2.8.7,HK,2026-09-11,2
simba-uw-tf-dev,2.8.8,HK,2026-09-11,2
simba-uw-tf-dev,2.8.9,HK,2026-09-11,2
simba-uw-tf-dev,2.9.1,HK,2026-09-11,2
simba-uw-tf-dev,2.9.2,HK,2026-09-11,2
simba-uw-tf-dev,2.9.3,HK,2026-09-11,2
simba-uw-tf-dev,2.9.4,HK,2026-09-11,2
simba-uw-tf-dev,2.9.5,HK,2026-09-11,2
simba-uw-tf-dev,2.9.6,HK,2026-09-11,2
simba-uw-tf-dev,2.9.7,HK,2026-09-11,2
simba-uw-tf-dev,2.9.8,HK,2026-09-11,2
simba-uw-tf-dev,2.9.9,HK,2026-09-11,2
simba-uw-tf-dev,3.0.1,HK,2026-09-11,2
simba-uw-tf-dev,3.0.2,HK,2026-09-11,2
simba-uw-tf-dev,3.0.3,HK,2026-09-11,2
simba-uw-tf-dev,3.0.4,HK,2026-09-11,2
simba-uw-tf-dev,3.0.5,HK,2026-09-11,2
simba-uw-tf-dev,3.0.5,US,2026-09-11,1
simba-uw-tf-dev,3.0.6,HK,2026-09-11,2
simba-uw-tf-dev,3.0.7,HK,2026-09-11,2
simba-uw-tf-dev,3.0.7,US,2026-09-11,1
simba-uw-tf-dev,3.0.8,HK,2026-09-11,2
simba-uw-tf-dev,3.0.9,HK,2026-09-11,2
simba-uw-tf-dev,3.1.1,HK,2026-09-11,2
simba-uw-tf-dev,3.1.2,HK,2026-09-11,2
simba-uw-tf-dev,3.1.3,HK,2026-09-11,2
simba-uw-tf-dev,3.1.4,HK,2026-09-11,2
simba-uw-tf-dev,3.1.5,HK,2026-09-11,2
simba-uw-tf-dev,3.1.6,HK,2026-09-11,2
simba-uw-tf-dev,3.1.7,HK,2026-09-11,2
simba-uw-tf-dev,3.1.8,HK,2026-09-11,2
simba-uw-tf-dev,3.1.9,HK,2026-09-11,2
simba-uw-tf-dev,3.2.1,HK,2026-09-11,2
simba-uw-tf-dev,3.2.2,HK,2026-09-11,2
simba-uw-tf-dev,3.2.3,HK,2026-09-11,2
simba-uw-tf-dev,3.2.4,HK,2026-09-11,2
simba-uw-tf-dev,3.2.5,HK,2026-09-11,2
simba-uw-tf-dev,3.2.6,HK,2026-09-11,2
simba-uw-tf-dev,3.2.7,HK,2026-09-11,2
simba-uw-tf-dev,3.2.8,HK,2026-09-11,2
simba-uw-tf-dev,3.2.9,HK,2026-09-11,2
simba-uw-tf-dev,3.3.1,HK,2026-09-11,2
simba-uw-tf-dev,3.3.2,HK,2026-09-11,2
simba-uw-tf-dev,3.3.3,HK,2026-09-11,2
simba-uw-tf-dev,3.3.6,HK,2026-09-11,2
simba-uw-tf-dev,3.3.7,HK,2026-09-11,2
simba-uw-tf-dev,3.3.8,HK,2026-09-11,2
simba-uw-tf-dev,3.3.9,HK,2026-09-11,2
simba-uw-tf-dev,3.4.1,HK,2026-09-11,2
simba-uw-tf-dev,3.4.2,HK,2026-09-11,2
simba-uw-tf-dev,3.4.3,HK,2026-09-11,2
simba-uw-tf-dev,3.4.4,HK,2026-09-11,2
simba-uw-tf-dev,3.4.5,HK,2026-09-11,2
simba-uw-tf-dev,3.4.6,HK,2026-09-11,2
simba-uw-tf-dev,3.4.7,HK,2026-09-11,2
simba-uw-tf-dev,3.4.8,HK,2026-09-11,2
simba-uw-tf-dev,3.4.9,HK,2026-09-11,2
simba-uw-tf-dev,3.5.1,HK,2026-09-11,2
simba-uw-tf-dev,3.5.2,HK,2026-09-11,2
simba-uw-tf-dev,3.5.4,HK,2026-09-11,2
simba-uw-tf-dev,3.5.5,HK,2026-09-11,2
simba-uw-tf-dev,3.5.6,HK,2026-09-11,2
simba-uw-tf-dev,3.5.7,HK,2026-09-11,2
simba-uw-tf-dev,3.5.8,HK,2026-09-11,2
simba-uw-tf-dev,3.5.9,HK,2026-09-11,2
simba-uw-tf-dev,3.6.1,HK,2026-09-11,2
simba-uw-tf-dev,3.6.2,HK,2026-09-11,2
simba-uw-tf-dev,3.6.3,HK,2026-09-11,2
simba-uw-tf-dev,3.6.4,HK,2026-09-11,2
simba-uw-tf-dev,3.6.5,HK,2026-09-11,2
simba-uw-tf-dev,3.6.6,HK,2026-09-11,2
simba-uw-tf-dev,3.6.7,HK,2026-09-11,2
simba-uw-tf-dev,3.6.8,HK,2026-09-11,2
simba-uw-tf-dev,3.6.9,HK,2026-09-11,2
simba-uw-tf-dev,3.7.1,HK,2026-09-11,2
simba-uw-tf-dev,3.7.2,HK,2026-09-11,2
simba-uw-tf-dev,3.7.3,HK,2026-09-11,2
simba-uw-tf-dev,3.7.4,HK,2026-09-11,2
simba-uw-tf-dev,3.7.5,HK,2026-09-11,2
simba-uw-tf-dev,3.7.6,HK,2026-09-11,2
simba-uw-tf-dev,3.7.7,HK,2026-09-11,2
simba-uw-tf-dev,3.7.8,HK,2026-09-11,2
simba-uw-tf-dev,3.7.9,HK,2026-09-11,2
simba-uw-tf-dev,3.8.1,HK,2026-09-11,2
simba-uw-tf-dev,3.8.2,HK,2026-09-11,2
simba-uw-tf-dev,3.8.3,HK,2026-09-11,2
simba-uw-tf-dev,3.8.4,HK,2026-09-11,2
simba-uw-tf-dev,3.8.5,HK,2026-09-11,2
simba-uw-tf-dev,3.8.6,HK,2026-09-11,2
simba-uw-tf-dev,3.8.7,HK,2026-09-11,2
simba-uw-tf-dev,3.8.8,HK,2026-09-11,2
simba-uw-tf-dev,3.8.9,HK,2026-09-11,2
simba-uw-tf-dev,3.9.2,HK,2026-09-11,2
simba-uw-tf-dev,3.9.3,HK,2026-09-11,2
simba-uw-tf-dev,3.9.4,HK,2026-09-11,2
simba-uw-tf-dev,3.9.5,HK,2026-09-11,2
simba-uw-tf-dev,3.9.6,HK,2026-09-11,2
simba-uw-tf-dev,3.9.7,HK,2026-09-11,2
simba-uw-tf-dev,3.9.8,HK,2026-09-11,2
simba-uw-tf-dev,3.9.9,HK,2026-09-11,2
simba-uw-tf-dev,4.0.1,HK,2026-09-11,2
simba-uw-tf-dev,4.0.2,HK,2026-09-11,2
simba-uw-tf-dev,4.0.3,HK,2026-09-11,2
simba-uw-tf-dev,4.0.4,HK,2026-09-11,2
simba-uw-tf-dev,4.0.5,HK,2026-09-11,2
simba-uw-tf-dev,4.0.6,HK,2026-09-11,2
simba-uw-tf-dev,4.0.7,HK,2026-09-11,2
simba-uw-tf-dev,4.0.9,HK,2026-09-11,2
simba-uw-tf-dev,4.1.1,HK,2026-09-11,2
simba-uw-tf-dev,4.1.2,HK,2026-09-11,2
simba-uw-tf-dev,4.1.3,HK,2026-09-11,2
simba-uw-tf-dev,4.1.4,HK,2026-09-11,2
simba-uw-tf-dev,4.1.5,HK,2026-09-11,2
simba-uw-tf-dev,4.1.5,US,2026-09-11,1
simba-uw-tf-dev,4.1.6,HK,2026-09-11,1
simba-uw-tf-dev,4.1.7,HK,2026-09-11,2
simba-uw-tf-dev,4.1.8,HK,2026-09-11,2
simba-uw-tf-dev,4.1.9,HK,2026-09-11,2
simba-uw-tf-dev,4.2.1,HK,2026-09-11,2
simba-uw-tf-dev,4.2.2,HK,2026-09-11,2
simba-uw-tf-dev,4.2.2,US,2026-09-11,1
simba-uw-tf-dev,4.2.3,HK,2026-09-11,2
simba-uw-tf-dev,4.2.7,US,2026-09-11,1
simba-uw-tf-dev,4.3.4,US,2026-09-11,1
simba-uw-tf-dev,4.8.5,US,2026-09-11,1
simba-uw-tf-dev,5.2.4,AT,2026-09-11,2
simba-uw-tf-dev,5.2.5,AT,2026-09-11,2
simba-uw-tf-dev,5.2.6,AT,2026-09-11,2
simba-uw-tf-dev,5.3.1,US,2026-09-11,1
simba-uw-tf-dev,5.5.1,SG,2026-09-11,1
simba-uw-tf-dev,5.5.4,US,2026-09-11,1
simba-uw-tf-dev,5.5.5,AU,2026-09-11,2
simba-uw-tf-dev,5.5.5,SG,2026-09-11,2
simba-uw-tf-dev,5.5.6,AU,2026-09-11,2
simba-uw-tf-dev,5.5.6,JP,2026-09-11,1
simba-uw-tf-dev,5.5.6,SG,2026-09-11,2
simba-uw-tf-dev,5.5.6,US,2026-09-11,6
simba-uw-tf-dev,0.54,US,2026-09-10,1
simba-uw-tf-dev,0.93.6,US,2026-09-10,1
simba-uw-tf-dev,0.97.0,US,2026-09-10,1
simba-uw-tf-dev,1.2.2,ID,2026-09-10,1
simba-uw-tf-dev,1.22.3,US,2026-09-10,1
simba-uw-tf-dev,1.22.9,US,2026-09-10,1
simba-uw-tf-dev,1.30.2,US,2026-09-10,1
simba-uw-tf-dev,1.31.3,US,2026-09-10,1
simba-uw-tf-dev,1.31.7,US,2026-09-10,1
simba-uw-tf-dev,1.53.5,SG,2026-09-10,1
simba-uw-tf-dev,1.58.7,CN,2026-09-10,1
simba-uw-tf-dev,1.60.7,US,2026-09-10,1
simba-uw-tf-dev,1.76.1,HK,2026-09-10,1
simba-uw-tf-dev,1.76.5,US,2026-09-10,1
simba-uw-tf-dev,1.80.3,SG,2026-09-10,1
simba-uw-tf-dev,1.90.3,US,2026-09-10,1
simba-uw-tf-dev,4.5.8,US,2026-09-10,1
simba-uw-tf-dev,5.1.2,US,2026-09-10,1
simba-uw-tf-dev,5.2.7,AT,2026-09-10,2
simba-uw-tf-dev,5.2.8,AT,2026-09-10,2
simba-uw-tf-dev,5.5.2,US,2026-09-10,2
simba-uw-tf-dev,5.5.3,US,2026-09-10,2
simba-uw-tf-dev,5.5.4,US,2026-09-10,2
simba-uw-tf-dev,5.5.5,US,2026-09-10,2
simba-uw-tf-dev,5.5.6,CA,2026-09-10,1
simba-uw-tf-dev,5.5.6,CN,2026-09-10,2
simba-uw-tf-dev,5.5.6,ES,2026-09-10,1
simba-uw-tf-dev,5.5.6,SE,2026-09-10,2
simba-uw-tf-dev,5.5.6,US,2026-09-10,10
simba-uw-tf-dev,5.5.6,VN,2026-09-10,1
simba-uw-tf-dev,0.0.1,HK,2026-09-09,2
simba-uw-tf-dev,0.4,HK,2026-09-09,2
simba-uw-tf-dev,0.54,US,2026-09-09,2
simba-uw-tf-dev,0.60,US,2026-09-09,2
simba-uw-tf-dev,0.63,US,2026-09-09,2
simba-uw-tf-dev,0.68,US,2026-09-09,2
simba-uw-tf-dev,0.70,HK,2026-09-09,2
simba-uw-tf-dev,0.71,HK,2026-09-09,2
simba-uw-tf-dev,0.72,HK,2026-09-09,2
simba-uw-tf-dev,0.73,HK,2026-09-09,2
simba-uw-tf-dev,0.73,US,2026-09-09,2
simba-uw-tf-dev,0.76,US,2026-09-09,2
simba-uw-tf-dev,0.76.1,HK,2026-09-09,2
simba-uw-tf-dev,0.76.2,HK,2026-09-09,2
simba-uw-tf-dev,0.76.2,US,2026-09-09,2
simba-uw-tf-dev,0.76.3,HK,2026-09-09,2
simba-uw-tf-dev,0.76.4,HK,2026-09-09,2
simba-uw-tf-dev,0.76.5,HK,2026-09-09,2
simba-uw-tf-dev,0.76.5,US,2026-09-09,2
simba-uw-tf-dev,0.76.6,HK,2026-09-09,2
simba-uw-tf-dev,0.76.8,HK,2026-09-09,2
simba-uw-tf-dev,0.76.9,HK,2026-09-09,2
simba-uw-tf-dev,0.77,HK,2026-09-09,2
simba-uw-tf-dev,0.77.1,US,2026-09-09,3
simba-uw-tf-dev,0.77.6,US,2026-09-09,3
simba-uw-tf-dev,0.78,US,2026-09-09,3
simba-uw-tf-dev,0.78.7,US,2026-09-09,3
simba-uw-tf-dev,0.80.1,US,2026-09-09,3
simba-uw-tf-dev,0.80.5,US,2026-09-09,3
simba-uw-tf-dev,0.80.6,US,2026-09-09,3
simba-uw-tf-dev,0.81.0,US,2026-09-09,3
simba-uw-tf-dev,0.81.1,US,2026-09-09,3
simba-uw-tf-dev,0.81.5,US,2026-09-09,3
simba-uw-tf-dev,0.81.9,US,2026-09-09,3
simba-uw-tf-dev,0.82.5,US,2026-09-09,3
simba-uw-tf-dev,0.98.6,HK,2026-09-09,2
simba-uw-tf-dev,0.98.7,HK,2026-09-09,2
simba-uw-tf-dev,0.98.8,HK,2026-09-09,2
simba-uw-tf-dev,0.98.9,HK,2026-09-09,2
simba-uw-tf-dev,0.99.0,HK,2026-09-09,2
simba-uw-tf-dev,0.99.1,HK,2026-09-09,2
simba-uw-tf-dev,0.99.2,HK,2026-09-09,2
simba-uw-tf-dev,0.99.3,HK,2026-09-09,2
simba-uw-tf-dev,0.99.4,HK,2026-09-09,2
simba-uw-tf-dev,0.99.5,HK,2026-09-09,2
simba-uw-tf-dev,0.99.6,HK,2026-09-09,2
simba-uw-tf-dev,0.99.7,HK,2026-09-09,2
simba-uw-tf-dev,0.99.8,HK,2026-09-09,2
simba-uw-tf-dev,0.99.9,HK,2026-09-09,2
simba-uw-tf-dev,1.0.1,HK,2026-09-09,2
simba-uw-tf-dev,1.0.2,HK,2026-09-09,2
simba-uw-tf-dev,1.0.3,HK,2026-09-09,2
simba-uw-tf-dev,1.0.4,HK,2026-09-09,2
simba-uw-tf-dev,1.0.5,HK,2026-09-09,2
simba-uw-tf-dev,1.0.6,HK,2026-09-09,2
simba-uw-tf-dev,1.0.7,HK,2026-09-09,2
simba-uw-tf-dev,1.0.8,HK,2026-09-09,2
simba-uw-tf-dev,1.0.9,HK,2026-09-09,2
simba-uw-tf-dev,1.1.0,HK,2026-09-09,2
simba-uw-tf-dev,1.1.1,HK,2026-09-09,2
simba-uw-tf-dev,1.1.2,HK,2026-09-09,2
simba-uw-tf-dev,1.1.3,HK,2026-09-09,2
simba-uw-tf-dev,1.1.4,HK,2026-09-09,2
simba-uw-tf-dev,1.1.5,HK,2026-09-09,2
simba-uw-tf-dev,1.1.6,HK,2026-09-09,2
simba-uw-tf-dev,1.1.7,HK,2026-09-09,2
simba-uw-tf-dev,1.1.8,HK,2026-09-09,2
simba-uw-tf-dev,1.1.9,HK,2026-09-09,2
simba-uw-tf-dev,1.2.0,HK,2026-09-09,2
simba-uw-tf-dev,1.2.1,HK,2026-09-09,2
simba-uw-tf-dev,1.2.2,HK,2026-09-09,2
simba-uw-tf-dev,1.2.3,HK,2026-09-09,2
simba-uw-tf-dev,1.2.4,HK,2026-09-09,2
simba-uw-tf-dev,1.2.5,HK,2026-09-09,2
simba-uw-tf-dev,1.2.6,HK,2026-09-09,2
simba-uw-tf-dev,1.2.7,HK,2026-09-09,2
simba-uw-tf-dev,1.2.8,HK,2026-09-09,2
simba-uw-tf-dev,1.2.9,HK,2026-09-09,2
simba-uw-tf-dev,1.21.1,HK,2026-09-09,2
simba-uw-tf-dev,1.21.2,HK,2026-09-09,2
simba-uw-tf-dev,1.21.3,HK,2026-09-09,2
simba-uw-tf-dev,1.21.4,HK,2026-09-09,2
simba-uw-tf-dev,1.21.5,HK,2026-09-09,2
simba-uw-tf-dev,1.21.5,US,2026-09-09,4
simba-uw-tf-dev,1.21.6,HK,2026-09-09,2
simba-uw-tf-dev,1.21.7,HK,2026-09-09,2
simba-uw-tf-dev,1.21.8,HK,2026-09-09,2
simba-uw-tf-dev,1.21.8,US,2026-09-09,4
simba-uw-tf-dev,1.22.1,HK,2026-09-09,2
simba-uw-tf-dev,1.22.2,HK,2026-09-09,2
simba-uw-tf-dev,1.22.3,HK,2026-09-09,2
simba-uw-tf-dev,1.22.4,HK,2026-09-09,2
simba-uw-tf-dev,1.22.5,HK,2026-09-09,2
simba-uw-tf-dev,1.22.6,HK,2026-09-09,2
simba-uw-tf-dev,1.22.7,HK,2026-09-09,2
simba-uw-tf-dev,1.22.7,US,2026-09-09,4
simba-uw-tf-dev,1.22.8,HK,2026-09-09,2
simba-uw-tf-dev,1.22.9,HK,2026-09-09,2
simba-uw-tf-dev,1.30.1,HK,2026-09-09,2
simba-uw-tf-dev,1.30.1,US,2026-09-09,4
simba-uw-tf-dev,1.30.2,HK,2026-09-09,2
simba-uw-tf-dev,1.30.2,US,2026-09-09,4
simba-uw-tf-dev,1.30.3,HK,2026-09-09,2
simba-uw-tf-dev,1.30.3,US,2026-09-09,4
simba-uw-tf-dev,1.30.6,HK,2026-09-09,2
simba-uw-tf-dev,1.30.8,HK,2026-09-09,2
simba-uw-tf-dev,1.30.9,HK,2026-09-09,2
simba-uw-tf-dev,1.31.2,US,2026-09-09,4
simba-uw-tf-dev,1.32.1,HK,2026-09-09,2
simba-uw-tf-dev,1.32.2,HK,2026-09-09,2
simba-uw-tf-dev,1.32.3,HK,2026-09-09,2
simba-uw-tf-dev,1.32.3,US,2026-09-09,4
simba-uw-tf-dev,1.32.4,HK,2026-09-09,2
simba-uw-tf-dev,1.32.4,US,2026-09-09,4
simba-uw-tf-dev,1.32.5,HK,2026-09-09,2
simba-uw-tf-dev,1.32.6,HK,2026-09-09,2
simba-uw-tf-dev,1.32.7,HK,2026-09-09,2
simba-uw-tf-dev,1.32.8,HK,2026-09-09,2
simba-uw-tf-dev,1.32.9,HK,2026-09-09,2
simba-uw-tf-dev,1.33.1,HK,2026-09-09,2
simba-uw-tf-dev,1.33.2,HK,2026-09-09,2
simba-uw-tf-dev,1.33.3,HK,2026-09-09,2
simba-uw-tf-dev,1.33.4,HK,2026-09-09,2
simba-uw-tf-dev,1.33.5,HK,2026-09-09,2
simba-uw-tf-dev,1.33.5,US,2026-09-09,4
simba-uw-tf-dev,1.33.6,HK,2026-09-09,2
simba-uw-tf-dev,1.33.7,HK,2026-09-09,2
simba-uw-tf-dev,1.33.8,HK,2026-09-09,2
simba-uw-tf-dev,1.33.9,HK,2026-09-09,2
simba-uw-tf-dev,1.40.0,HK,2026-09-09,2
simba-uw-tf-dev,1.40.1,HK,2026-09-09,2
simba-uw-tf-dev,1.40.1,US,2026-09-09,4
simba-uw-tf-dev,1.40.2,HK,2026-09-09,2
simba-uw-tf-dev,1.40.4,HK,2026-09-09,2
simba-uw-tf-dev,1.40.5,HK,2026-09-09,2
simba-uw-tf-dev,1.40.6,HK,2026-09-09,2
simba-uw-tf-dev,1.40.7,HK,2026-09-09,2
simba-uw-tf-dev,1.40.7,US,2026-09-09,4
simba-uw-tf-dev,1.40.8,HK,2026-09-09,2
simba-uw-tf-dev,1.40.9,HK,2026-09-09,2
simba-uw-tf-dev,1.50.1,HK,2026-09-09,2
simba-uw-tf-dev,1.50.2,HK,2026-09-09,2
simba-uw-tf-dev,1.50.3,HK,2026-09-09,2
simba-uw-tf-dev,1.50.4,HK,2026-09-09,2
simba-uw-tf-dev,1.50.5,HK,2026-09-09,2
simba-uw-tf-dev,1.50.6,HK,2026-09-09,2
simba-uw-tf-dev,1.50.7,HK,2026-09-09,2
simba-uw-tf-dev,1.50.7,US,2026-09-09,4
simba-uw-tf-dev,1.50.8,HK,2026-09-09,2
simba-uw-tf-dev,1.50.9,HK,2026-09-09,2
simba-uw-tf-dev,1.51.1,HK,2026-09-09,2
simba-uw-tf-dev,1.51.2,HK,2026-09-09,2
simba-uw-tf-dev,1.51.3,HK,2026-09-09,2
simba-uw-tf-dev,1.51.4,HK,2026-09-09,2
simba-uw-tf-dev,1.51.5,HK,2026-09-09,2
simba-uw-tf-dev,1.51.6,HK,2026-09-09,2
simba-uw-tf-dev,1.51.7,HK,2026-09-09,2
simba-uw-tf-dev,1.51.8,HK,2026-09-09,2
simba-uw-tf-dev,1.51.9,HK,2026-09-09,2
simba-uw-tf-dev,1.51.9,US,2026-09-09,4
simba-uw-tf-dev,1.52.1,HK,2026-09-09,2
simba-uw-tf-dev,1.52.2,HK,2026-09-09,2
simba-uw-tf-dev,1.52.3,HK,2026-09-09,2
simba-uw-tf-dev,1.52.4,HK,2026-09-09,2
simba-uw-tf-dev,1.52.5,US,2026-09-09,4
simba-uw-tf-dev,1.52.9,HK,2026-09-09,2
simba-uw-tf-dev,1.52.91,HK,2026-09-09,2
simba-uw-tf-dev,1.52.92,HK,2026-09-09,2
simba-uw-tf-dev,1.53.1,HK,2026-09-09,2
simba-uw-tf-dev,1.53.12,US,2026-09-09,2
simba-uw-tf-dev,1.53.2,HK,2026-09-09,2
simba-uw-tf-dev,1.53.3,HK,2026-09-09,2
simba-uw-tf-dev,1.53.4,HK,2026-09-09,2
simba-uw-tf-dev,1.53.5,HK,2026-09-09,2
simba-uw-tf-dev,1.53.6,HK,2026-09-09,2
simba-uw-tf-dev,1.53.7,HK,2026-09-09,2
simba-uw-tf-dev,1.53.8,HK,2026-09-09,2
simba-uw-tf-dev,1.53.9,HK,2026-09-09,2
simba-uw-tf-dev,1.53.9,US,2026-09-09,1
simba-uw-tf-dev,1.54.1,HK,2026-09-09,2
simba-uw-tf-dev,1.54.2,HK,2026-09-09,2
simba-uw-tf-dev,1.54.3,HK,2026-09-09,2
simba-uw-tf-dev,1.54.4,HK,2026-09-09,2
simba-uw-tf-dev,1.54.5,HK,2026-09-09,2
simba-uw-tf-dev,1.54.5,US,2026-09-09,2
simba-uw-tf-dev,1.54.6,HK,2026-09-09,2
simba-uw-tf-dev,1.54.7,HK,2026-09-09,2
simba-uw-tf-dev,1.54.8,HK,2026-09-09,2
simba-uw-tf-dev,1.54.9,HK,2026-09-09,2
simba-uw-tf-dev,1.55.1,HK,2026-09-09,2
simba-uw-tf-dev,1.55.2,HK,2026-09-09,2
simba-uw-tf-dev,1.55.3,HK,2026-09-09,2
simba-uw-tf-dev,1.55.4,HK,2026-09-09,2
simba-uw-tf-dev,1.55.5,HK,2026-09-09,2
simba-uw-tf-dev,1.55.6,HK,2026-09-09,2
simba-uw-tf-dev,1.55.6,US,2026-09-09,2
simba-uw-tf-dev,1.55.7,HK,2026-09-09,2
simba-uw-tf-dev,1.55.8,HK,2026-09-09,2
simba-uw-tf-dev,1.55.9,HK,2026-09-09,2
simba-uw-tf-dev,1.56.1,HK,2026-09-09,2
simba-uw-tf-dev,1.56.2,HK,2026-09-09,2
simba-uw-tf-dev,1.56.3,HK,2026-09-09,2
simba-uw-tf-dev,1.56.3,US,2026-09-09,2
simba-uw-tf-dev,1.56.4,HK,2026-09-09,2
simba-uw-tf-dev,1.56.5,HK,2026-09-09,2
simba-uw-tf-dev,1.56.7,HK,2026-09-09,2
simba-uw-tf-dev,1.56.8,HK,2026-09-09,2
simba-uw-tf-dev,1.56.9,HK,2026-09-09,2
simba-uw-tf-dev,1.57.2,HK,2026-09-09,2
simba-uw-tf-dev,1.57.3,HK,2026-09-09,2
simba-uw-tf-dev,1.57.4,HK,2026-09-09,2
simba-uw-tf-dev,1.57.5,HK,2026-09-09,2
simba-uw-tf-dev,1.57.5,US,2026-09-09,2
simba-uw-tf-dev,1.57.6,HK,2026-09-09,2
simba-uw-tf-dev,1.57.8,HK,2026-09-09,2
simba-uw-tf-dev,1.57.9,HK,2026-09-09,2
simba-uw-tf-dev,1.58.1,HK,2026-09-09,2
simba-uw-tf-dev,1.58.2,HK,2026-09-09,2
simba-uw-tf-dev,1.58.3,HK,2026-09-09,2
simba-uw-tf-dev,1.58.4,HK,2026-09-09,2
simba-uw-tf-dev,1.58.5,HK,2026-09-09,2
simba-uw-tf-dev,1.58.6,HK,2026-09-09,2
simba-uw-tf-dev,1.58.7,HK,2026-09-09,2
simba-uw-tf-dev,1.58.8,HK,2026-09-09,2
simba-uw-tf-dev,1.58.8,US,2026-09-09,3
simba-uw-tf-dev,1.58.9,HK,2026-09-09,2
simba-uw-tf-dev,1.59.1,HK,2026-09-09,2
simba-uw-tf-dev,1.59.2,HK,2026-09-09,2
simba-uw-tf-dev,1.59.3,HK,2026-09-09,2
simba-uw-tf-dev,1.59.3,US,2026-09-09,3
simba-uw-tf-dev,1.59.4,HK,2026-09-09,2
simba-uw-tf-dev,1.60.1,HK,2026-09-09,2
simba-uw-tf-dev,1.60.2,HK,2026-09-09,2
simba-uw-tf-dev,1.60.3,HK,2026-09-09,2
simba-uw-tf-dev,1.60.3,US,2026-09-09,3
simba-uw-tf-dev,1.60.4,HK,2026-09-09,2
simba-uw-tf-dev,1.60.5,HK,2026-09-09,2
simba-uw-tf-dev,1.60.6,HK,2026-09-09,2
simba-uw-tf-dev,1.60.7,HK,2026-09-09,2
simba-uw-tf-dev,1.60.9,HK,2026-09-09,2
simba-uw-tf-dev,1.61.1,HK,2026-09-09,2
simba-uw-tf-dev,1.61.2,HK,2026-09-09,2
simba-uw-tf-dev,1.61.3,HK,2026-09-09,2
simba-uw-tf-dev,1.61.3,US,2026-09-09,3
simba-uw-tf-dev,1.61.4,HK,2026-09-09,2
simba-uw-tf-dev,1.61.5,HK,2026-09-09,2
simba-uw-tf-dev,1.61.6,HK,2026-09-09,2
simba-uw-tf-dev,1.61.7,HK,2026-09-09,2
simba-uw-tf-dev,1.61.8,HK,2026-09-09,2
simba-uw-tf-dev,1.61.9,HK,2026-09-09,2
simba-uw-tf-dev,1.62.1,HK,2026-09-09,2
simba-uw-tf-dev,1.62.2,HK,2026-09-09,2
simba-uw-tf-dev,1.62.3,HK,2026-09-09,2
simba-uw-tf-dev,1.62.3,US,2026-09-09,3
simba-uw-tf-dev,1.62.4,HK,2026-09-09,2
simba-uw-tf-dev,1.62.5,HK,2026-09-09,2
simba-uw-tf-dev,1.62.6,HK,2026-09-09,2
simba-uw-tf-dev,1.62.7,HK,2026-09-09,2
simba-uw-tf-dev,1.62.8,HK,2026-09-09,2
simba-uw-tf-dev,1.62.9,HK,2026-09-09,2
simba-uw-tf-dev,1.62.9,US,2026-09-09,3
simba-uw-tf-dev,1.63.1,HK,2026-09-09,2
simba-uw-tf-dev,1.63.2,HK,2026-09-09,2
simba-uw-tf-dev,1.63.3,HK,2026-09-09,2
simba-uw-tf-dev,1.63.4,HK,2026-09-09,2
simba-uw-tf-dev,1.63.4,US,2026-09-09,3
simba-uw-tf-dev,1.63.5,HK,2026-09-09,2
simba-uw-tf-dev,1.63.6,HK,2026-09-09,2
simba-uw-tf-dev,1.63.6,US,2026-09-09,3
simba-uw-tf-dev,1.63.7,HK,2026-09-09,2
simba-uw-tf-dev,1.63.8,HK,2026-09-09,2
simba-uw-tf-dev,1.63.9,HK,2026-09-09,2
simba-uw-tf-dev,1.64.1,HK,2026-09-09,2
simba-uw-tf-dev,1.64.2,HK,2026-09-09,2
simba-uw-tf-dev,1.64.3,HK,2026-09-09,2
simba-uw-tf-dev,1.64.4,HK,2026-09-09,2
simba-uw-tf-dev,1.64.5,HK,2026-09-09,2
simba-uw-tf-dev,1.64.6,HK,2026-09-09,2
simba-uw-tf-dev,1.64.7,HK,2026-09-09,2
simba-uw-tf-dev,1.64.8,HK,2026-09-09,2
simba-uw-tf-dev,1.64.9,HK,2026-09-09,2
simba-uw-tf-dev,1.65.1,HK,2026-09-09,2
simba-uw-tf-dev,1.65.1,US,2026-09-09,3
simba-uw-tf-dev,1.65.2,HK,2026-09-09,2
simba-uw-tf-dev,1.65.3,HK,2026-09-09,2
simba-uw-tf-dev,1.65.3,US,2026-09-09,3
simba-uw-tf-dev,1.65.4,HK,2026-09-09,2
simba-uw-tf-dev,1.65.5,HK,2026-09-09,2
simba-uw-tf-dev,1.65.6,HK,2026-09-09,2
simba-uw-tf-dev,1.65.7,HK,2026-09-09,2
simba-uw-tf-dev,1.65.8,HK,2026-09-09,2
simba-uw-tf-dev,1.65.9,HK,2026-09-09,2
simba-uw-tf-dev,1.70.1,HK,2026-09-09,2
simba-uw-tf-dev,1.70.2,HK,2026-09-09,2
simba-uw-tf-dev,1.70.2,US,2026-09-09,3
simba-uw-tf-dev,1.70.3,HK,2026-09-09,2
simba-uw-tf-dev,1.70.4,HK,2026-09-09,2
simba-uw-tf-dev,1.70.5,HK,2026-09-09,2
simba-uw-tf-dev,1.70.6,HK,2026-09-09,2
simba-uw-tf-dev,1.70.7,HK,2026-09-09,2
simba-uw-tf-dev,1.70.8,HK,2026-09-09,2
simba-uw-tf-dev,1.70.9,HK,2026-09-09,2
simba-uw-tf-dev,1.71.1,HK,2026-09-09,2
simba-uw-tf-dev,1.71.2,HK,2026-09-09,2
simba-uw-tf-dev,1.71.3,HK,2026-09-09,2
simba-uw-tf-dev,1.71.4,HK,2026-09-09,2
simba-uw-tf-dev,1.71.5,HK,2026-09-09,2
simba-uw-tf-dev,1.71.5,US,2026-09-09,3
simba-uw-tf-dev,1.71.6,HK,2026-09-09,2
simba-uw-tf-dev,1.71.7,HK,2026-09-09,2
simba-uw-tf-dev,1.71.7,US,2026-09-09,3
simba-uw-tf-dev,1.71.8,HK,2026-09-09,2
simba-uw-tf-dev,1.71.9,HK,2026-09-09,2
simba-uw-tf-dev,1.72.1,HK,2026-09-09,2
simba-uw-tf-dev,1.72.1,US,2026-09-09,3
simba-uw-tf-dev,1.72.2,HK,2026-09-09,2
simba-uw-tf-dev,1.72.3,HK,2026-09-09,2
simba-uw-tf-dev,1.72.4,HK,2026-09-09,2
simba-uw-tf-dev,1.72.5,HK,2026-09-09,2
simba-uw-tf-dev,1.72.6,HK,2026-09-09,2
simba-uw-tf-dev,1.72.7,HK,2026-09-09,2
simba-uw-tf-dev,1.72.7,US,2026-09-09,4
simba-uw-tf-dev,1.72.8,HK,2026-09-09,2
simba-uw-tf-dev,1.73.1,HK,2026-09-09,2
simba-uw-tf-dev,1.73.2,HK,2026-09-09,2
simba-uw-tf-dev,1.73.3,HK,2026-09-09,2
simba-uw-tf-dev,1.73.5,HK,2026-09-09,2
simba-uw-tf-dev,1.73.6,HK,2026-09-09,2
simba-uw-tf-dev,1.73.7,HK,2026-09-09,2
simba-uw-tf-dev,1.73.8,HK,2026-09-09,2
simba-uw-tf-dev,1.73.9,HK,2026-09-09,2
simba-uw-tf-dev,1.74.1,HK,2026-09-09,2
simba-uw-tf-dev,1.74.1,US,2026-09-09,3
simba-uw-tf-dev,1.74.2,HK,2026-09-09,2
simba-uw-tf-dev,1.74.3,HK,2026-09-09,2
simba-uw-tf-dev,1.74.4,HK,2026-09-09,2
simba-uw-tf-dev,1.74.5,HK,2026-09-09,2
simba-uw-tf-dev,1.74.6,HK,2026-09-09,2
simba-uw-tf-dev,1.74.7,HK,2026-09-09,2
simba-uw-tf-dev,1.74.8,HK,2026-09-09,2
simba-uw-tf-dev,1.74.8,US,2026-09-09,4
simba-uw-tf-dev,1.74.9,HK,2026-09-09,2
simba-uw-tf-dev,1.75.1,HK,2026-09-09,2
simba-uw-tf-dev,1.75.2,HK,2026-09-09,2
simba-uw-tf-dev,1.75.3,HK,2026-09-09,2
simba-uw-tf-dev,1.75.4,HK,2026-09-09,2
simba-uw-tf-dev,1.75.5,HK,2026-09-09,2
simba-uw-tf-dev,1.75.6,HK,2026-09-09,2
simba-uw-tf-dev,1.75.6,US,2026-09-09,4
simba-uw-tf-dev,1.75.7,HK,2026-09-09,2
simba-uw-tf-dev,1.75.8,HK,2026-09-09,2
simba-uw-tf-dev,1.75.9,HK,2026-09-09,2
simba-uw-tf-dev,1.76.1,HK,2026-09-09,2
simba-uw-tf-dev,1.76.2,HK,2026-09-09,2
simba-uw-tf-dev,1.76.3,HK,2026-09-09,2
simba-uw-tf-dev,1.76.4,HK,2026-09-09,2
simba-uw-tf-dev,1.76.4,US,2026-09-09,4
simba-uw-tf-dev,1.76.5,HK,2026-09-09,2
simba-uw-tf-dev,1.76.6,HK,2026-09-09,2
simba-uw-tf-dev,1.76.7,HK,2026-09-09,2
simba-uw-tf-dev,1.76.8,HK,2026-09-09,2
simba-uw-tf-dev,1.76.9,HK,2026-09-09,2
simba-uw-tf-dev,1.77.1,HK,2026-09-09,2
simba-uw-tf-dev,1.77.2,HK,2026-09-09,2
simba-uw-tf-dev,1.77.2,US,2026-09-09,4
simba-uw-tf-dev,1.77.3,HK,2026-09-09,2
simba-uw-tf-dev,1.77.4,HK,2026-09-09,2
simba-uw-tf-dev,1.77.5,HK,2026-09-09,2
simba-uw-tf-dev,1.77.6,HK,2026-09-09,2
simba-uw-tf-dev,1.77.7,HK,2026-09-09,2
simba-uw-tf-dev,1.77.8,HK,2026-09-09,2
simba-uw-tf-dev,1.77.9,HK,2026-09-09,2
simba-uw-tf-dev,1.77.9,US,2026-09-09,4
simba-uw-tf-dev,1.78.1,HK,2026-09-09,2
simba-uw-tf-dev,1.78.2,HK,2026-09-09,2
simba-uw-tf-dev,1.78.3,HK,2026-09-09,2
simba-uw-tf-dev,1.78.4,HK,2026-09-09,2
simba-uw-tf-dev,1.78.5,HK,2026-09-09,2
simba-uw-tf-dev,1.78.6,HK,2026-09-09,2
simba-uw-tf-dev,1.78.6,US,2026-09-09,4
simba-uw-tf-dev,1.78.7,HK,2026-09-09,2
simba-uw-tf-dev,1.78.8,HK,2026-09-09,2
simba-uw-tf-dev,1.78.9,HK,2026-09-09,2
simba-uw-tf-dev,1.79.1,HK,2026-09-09,2
simba-uw-tf-dev,1.79.2,HK,2026-09-09,2
simba-uw-tf-dev,1.79.2,US,2026-09-09,4
simba-uw-tf-dev,1.79.3,HK,2026-09-09,2
simba-uw-tf-dev,1.79.4,HK,2026-09-09,2
simba-uw-tf-dev,1.79.5,HK,2026-09-09,2
simba-uw-tf-dev,1.79.6,HK,2026-09-09,2
simba-uw-tf-dev,1.79.7,HK,2026-09-09,2
simba-uw-tf-dev,1.79.8,HK,2026-09-09,2
simba-uw-tf-dev,1.79.8,US,2026-09-09,4
simba-uw-tf-dev,1.79.9,HK,2026-09-09,2
simba-uw-tf-dev,1.80.1,HK,2026-09-09,2
simba-uw-tf-dev,1.80.2,HK,2026-09-09,2
simba-uw-tf-dev,1.80.3,HK,2026-09-09,2
simba-uw-tf-dev,1.80.4,HK,2026-09-09,2
simba-uw-tf-dev,1.80.5,HK,2026-09-09,2
simba-uw-tf-dev,1.80.5,US,2026-09-09,4
simba-uw-tf-dev,1.80.6,HK,2026-09-09,2
simba-uw-tf-dev,1.80.7,HK,2026-09-09,2
simba-uw-tf-dev,1.80.8,HK,2026-09-09,2
simba-uw-tf-dev,1.80.9,HK,2026-09-09,2
simba-uw-tf-dev,1.81.1,HK,2026-09-09,2
simba-uw-tf-dev,1.81.1,US,2026-09-09,4
simba-uw-tf-dev,1.81.2,HK,2026-09-09,2
simba-uw-tf-dev,1.81.3,HK,2026-09-09,2
simba-uw-tf-dev,1.81.4,HK,2026-09-09,2
simba-uw-tf-dev,1.81.5,HK,2026-09-09,2
simba-uw-tf-dev,1.81.5,US,2026-09-09,4
simba-uw-tf-dev,1.81.6,HK,2026-09-09,2
simba-uw-tf-dev,1.81.7,HK,2026-09-09,2
simba-uw-tf-dev,1.81.8,HK,2026-09-09,2
simba-uw-tf-dev,1.81.8,US,2026-09-09,4
simba-uw-tf-dev,1.81.9,HK,2026-09-09,2
simba-uw-tf-dev,1.82.1,HK,2026-09-09,2
simba-uw-tf-dev,1.82.1,US,2026-09-09,4
simba-uw-tf-dev,1.82.3,HK,2026-09-09,2
simba-uw-tf-dev,1.83.1,HK,2026-09-09,2
simba-uw-tf-dev,1.83.2,HK,2026-09-09,2
simba-uw-tf-dev,1.83.3,HK,2026-09-09,2
simba-uw-tf-dev,1.83.4,HK,2026-09-09,2
simba-uw-tf-dev,1.83.5,HK,2026-09-09,2
simba-uw-tf-dev,1.83.6,HK,2026-09-09,2
simba-uw-tf-dev,1.83.7,HK,2026-09-09,2
simba-uw-tf-dev,1.83.8,HK,2026-09-09,2
simba-uw-tf-dev,1.83.9,HK,2026-09-09,2
simba-uw-tf-dev,1.84.1,HK,2026-09-09,2
simba-uw-tf-dev,1.84.3,HK,2026-09-09,2
simba-uw-tf-dev,1.84.4,HK,2026-09-09,2
simba-uw-tf-dev,1.84.4,US,2026-09-09,1
simba-uw-tf-dev,1.84.5,HK,2026-09-09,2
simba-uw-tf-dev,1.84.6,HK,2026-09-09,2
simba-uw-tf-dev,1.84.7,HK,2026-09-09,2
simba-uw-tf-dev,1.84.8,HK,2026-09-09,2
simba-uw-tf-dev,1.84.9,HK,2026-09-09,2
simba-uw-tf-dev,1.85.1,HK,2026-09-09,2
simba-uw-tf-dev,1.85.2,HK,2026-09-09,2
simba-uw-tf-dev,1.85.3,HK,2026-09-09,2
simba-uw-tf-dev,1.85.4,HK,2026-09-09,2
simba-uw-tf-dev,1.85.5,HK,2026-09-09,2
simba-uw-tf-dev,1.85.6,HK,2026-09-09,2
simba-uw-tf-dev,1.85.7,HK,2026-09-09,2
simba-uw-tf-dev,1.85.8,HK,2026-09-09,2
simba-uw-tf-dev,1.85.9,HK,2026-09-09,2
simba-uw-tf-dev,1.86.1,HK,2026-09-09,2
simba-uw-tf-dev,1.86.2,HK,2026-09-09,2
simba-uw-tf-dev,1.86.3,HK,2026-09-09,2
simba-uw-tf-dev,1.86.4,HK,2026-09-09,2
simba-uw-tf-dev,1.86.6,HK,2026-09-09,2
simba-uw-tf-dev,1.86.7,HK,2026-09-09,2
simba-uw-tf-dev,1.87.1,HK,2026-09-09,2
simba-uw-tf-dev,1.87.2,HK,2026-09-09,2
simba-uw-tf-dev,1.87.3,HK,2026-09-09,2
simba-uw-tf-dev,1.87.4,HK,2026-09-09,2
simba-uw-tf-dev,1.87.5,HK,2026-09-09,2
simba-uw-tf-dev,1.87.6,HK,2026-09-09,2
simba-uw-tf-dev,1.87.7,HK,2026-09-09,2
simba-uw-tf-dev,1.87.8,HK,2026-09-09,2
simba-uw-tf-dev,1.87.9,HK,2026-09-09,2
simba-uw-tf-dev,1.88.1,HK,2026-09-09,2
simba-uw-tf-dev,1.88.2,HK,2026-09-09,2
simba-uw-tf-dev,1.88.3,HK,2026-09-09,2
simba-uw-tf-dev,1.88.4,HK,2026-09-09,2
simba-uw-tf-dev,1.88.5,HK,2026-09-09,2
simba-uw-tf-dev,1.88.6,HK,2026-09-09,2
simba-uw-tf-dev,1.88.7,HK,2026-09-09,2
simba-uw-tf-dev,1.88.8,HK,2026-09-09,2
simba-uw-tf-dev,1.88.9,HK,2026-09-09,2
simba-uw-tf-dev,1.89.1,HK,2026-09-09,2
simba-uw-tf-dev,1.89.2,HK,2026-09-09,2
simba-uw-tf-dev,1.89.3,HK,2026-09-09,2
simba-uw-tf-dev,1.89.4,HK,2026-09-09,2
simba-uw-tf-dev,1.89.5,HK,2026-09-09,2
simba-uw-tf-dev,1.89.6,HK,2026-09-09,2
simba-uw-tf-dev,1.89.7,HK,2026-09-09,2
simba-uw-tf-dev,1.89.8,HK,2026-09-09,2
simba-uw-tf-dev,1.89.9,HK,2026-09-09,2
simba-uw-tf-dev,1.90.1,HK,2026-09-09,2
simba-uw-tf-dev,1.90.2,HK,2026-09-09,2
simba-uw-tf-dev,1.90.3,HK,2026-09-09,2
simba-uw-tf-dev,1.90.4,HK,2026-09-09,2
simba-uw-tf-dev,1.90.5,HK,2026-09-09,2
simba-uw-tf-dev,1.90.6,HK,2026-09-09,2
simba-uw-tf-dev,1.90.7,HK,2026-09-09,2
simba-uw-tf-dev,1.90.8,HK,2026-09-09,2
simba-uw-tf-dev,1.90.9,HK,2026-09-09,2
simba-uw-tf-dev,1.91.1,HK,2026-09-09,2
simba-uw-tf-dev,1.91.2,HK,2026-09-09,2
simba-uw-tf-dev,1.91.3,HK,2026-09-09,2
simba-uw-tf-dev,1.91.4,HK,2026-09-09,2
simba-uw-tf-dev,1.91.5,HK,2026-09-09,2
simba-uw-tf-dev,1.91.6,HK,2026-09-09,2
simba-uw-tf-dev,1.91.7,HK,2026-09-09,2
simba-uw-tf-dev,1.91.8,HK,2026-09-09,2
simba-uw-tf-dev,1.91.9,HK,2026-09-09,2
simba-uw-tf-dev,1.92.1,HK,2026-09-09,2
simba-uw-tf-dev,1.92.2,HK,2026-09-09,2
simba-uw-tf-dev,1.92.3,HK,2026-09-09,2
simba-uw-tf-dev,1.92.4,HK,2026-09-09,2
simba-uw-tf-dev,1.92.5,HK,2026-09-09,2
simba-uw-tf-dev,1.92.7,HK,2026-09-09,2
simba-uw-tf-dev,1.92.8,HK,2026-09-09,2
simba-uw-tf-dev,1.92.9,HK,2026-09-09,2
simba-uw-tf-dev,1.93.1,HK,2026-09-09,2
simba-uw-tf-dev,1.93.2,HK,2026-09-09,2
simba-uw-tf-dev,1.93.3,HK,2026-09-09,2
simba-uw-tf-dev,1.93.4,HK,2026-09-09,2
simba-uw-tf-dev,1.93.5,HK,2026-09-09,2
simba-uw-tf-dev,1.93.6,HK,2026-09-09,2
simba-uw-tf-dev,1.93.7,HK,2026-09-09,2
simba-uw-tf-dev,1.93.8,HK,2026-09-09,2
simba-uw-tf-dev,1.93.9,HK,2026-09-09,2
simba-uw-tf-dev,1.94.1,HK,2026-09-09,2
simba-uw-tf-dev,1.94.2,HK,2026-09-09,2
simba-uw-tf-dev,1.94.3,HK,2026-09-09,2
simba-uw-tf-dev,1.94.4,HK,2026-09-09,2
simba-uw-tf-dev,1.94.5,HK,2026-09-09,2
simba-uw-tf-dev,1.94.6,HK,2026-09-09,2
simba-uw-tf-dev,1.94.7,HK,2026-09-09,2
simba-uw-tf-dev,1.94.8,HK,2026-09-09,2
simba-uw-tf-dev,1.94.9,HK,2026-09-09,2
simba-uw-tf-dev,1.95.1,HK,2026-09-09,2
simba-uw-tf-dev,1.95.2,HK,2026-09-09,2
simba-uw-tf-dev,1.95.3,HK,2026-09-09,1
simba-uw-tf-dev,1.95.3,TW,2026-09-09,1
simba-uw-tf-dev,1.95.3,US,2026-09-09,1
simba-uw-tf-dev,1.95.4,HK,2026-09-09,2
simba-uw-tf-dev,1.95.5,HK,2026-09-09,2
simba-uw-tf-dev,1.95.6,HK,2026-09-09,2
simba-uw-tf-dev,1.95.7,HK,2026-09-09,2
simba-uw-tf-dev,1.95.8,HK,2026-09-09,2
simba-uw-tf-dev,1.95.9,HK,2026-09-09,2
simba-uw-tf-dev,1.96.1,HK,2026-09-09,2
simba-uw-tf-dev,1.96.2,HK,2026-09-09,2
simba-uw-tf-dev,1.96.3,HK,2026-09-09,2
simba-uw-tf-dev,1.96.4,HK,2026-09-09,2
simba-uw-tf-dev,1.96.5,HK,2026-09-09,2
simba-uw-tf-dev,1.96.6,HK,2026-09-09,2
simba-uw-tf-dev,1.96.7,HK,2026-09-09,2
simba-uw-tf-dev,1.96.8,HK,2026-09-09,2
simba-uw-tf-dev,1.96.9,HK,2026-09-09,2
simba-uw-tf-dev,1.97.1,HK,2026-09-09,2
simba-uw-tf-dev,1.97.2,HK,2026-09-09,2
simba-uw-tf-dev,1.97.3,HK,2026-09-09,2
simba-uw-tf-dev,1.97.4,HK,2026-09-09,2
simba-uw-tf-dev,1.97.5,HK,2026-09-09,2
simba-uw-tf-dev,1.97.6,HK,2026-09-09,2
simba-uw-tf-dev,1.97.7,HK,2026-09-09,2
simba-uw-tf-dev,1.97.9,HK,2026-09-09,2
simba-uw-tf-dev,1.98.1,HK,2026-09-09,2
simba-uw-tf-dev,1.98.2,HK,2026-09-09,2
simba-uw-tf-dev,1.98.3,HK,2026-09-09,2
simba-uw-tf-dev,1.98.4,HK,2026-09-09,2
simba-uw-tf-dev,1.98.5,HK,2026-09-09,2
simba-uw-tf-dev,1.98.6,HK,2026-09-09,2
simba-uw-tf-dev,1.98.7,HK,2026-09-09,2
simba-uw-tf-dev,1.98.8,HK,2026-09-09,2
simba-uw-tf-dev,1.98.9,HK,2026-09-09,2
simba-uw-tf-dev,1.99.1,HK,2026-09-09,2
simba-uw-tf-dev,1.99.2,HK,2026-09-09,2
simba-uw-tf-dev,1.99.3,HK,2026-09-09,2
simba-uw-tf-dev,1.99.4,HK,2026-09-09,2
simba-uw-tf-dev,1.99.5,HK,2026-09-09,2
simba-uw-tf-dev,1.99.6,HK,2026-09-09,2
simba-uw-tf-dev,1.99.7,HK,2026-09-09,2
simba-uw-tf-dev,1.99.8,HK,2026-09-09,2
simba-uw-tf-dev,1.99.9,HK,2026-09-09,2
simba-uw-tf-dev,2.0.1,HK,2026-09-09,2
simba-uw-tf-dev,2.0.2,HK,2026-09-09,2
simba-uw-tf-dev,2.0.3,HK,2026-09-09,2
simba-uw-tf-dev,2.0.4,HK,2026-09-09,2
simba-uw-tf-dev,2.0.5,HK,2026-09-09,2
simba-uw-tf-dev,2.0.6,HK,2026-09-09,2
simba-uw-tf-dev,2.0.7,HK,2026-09-09,2
simba-uw-tf-dev,2.0.8,HK,2026-09-09,2
simba-uw-tf-dev,2.0.9,HK,2026-09-09,2
simba-uw-tf-dev,2.1.1,HK,2026-09-09,2
simba-uw-tf-dev,2.1.2,HK,2026-09-09,2
simba-uw-tf-dev,2.1.3,HK,2026-09-09,2
simba-uw-tf-dev,2.1.4,HK,2026-09-09,2
simba-uw-tf-dev,2.1.4,US,2026-09-09,1
simba-uw-tf-dev,2.1.5,HK,2026-09-09,2
simba-uw-tf-dev,2.1.6,HK,2026-09-09,2
simba-uw-tf-dev,2.1.7,HK,2026-09-09,2
simba-uw-tf-dev,2.1.8,HK,2026-09-09,2
simba-uw-tf-dev,2.1.9,HK,2026-09-09,2
simba-uw-tf-dev,2.2.1,HK,2026-09-09,2
simba-uw-tf-dev,2.2.2,HK,2026-09-09,2
simba-uw-tf-dev,2.2.3,HK,2026-09-09,2
simba-uw-tf-dev,2.2.3,US,2026-09-09,4
simba-uw-tf-dev,2.2.4,HK,2026-09-09,2
simba-uw-tf-dev,2.2.4,US,2026-09-09,4
simba-uw-tf-dev,2.2.7,HK,2026-09-09,2
simba-uw-tf-dev,2.2.8,HK,2026-09-09,2
simba-uw-tf-dev,2.2.9,HK,2026-09-09,2
simba-uw-tf-dev,2.3.1,HK,2026-09-09,2
simba-uw-tf-dev,2.3.2,HK,2026-09-09,2
simba-uw-tf-dev,2.3.3,HK,2026-09-09,2
simba-uw-tf-dev,2.3.4,HK,2026-09-09,2
simba-uw-tf-dev,2.3.5,HK,2026-09-09,2
simba-uw-tf-dev,2.3.5,US,2026-09-09,4
simba-uw-tf-dev,2.3.6,HK,2026-09-09,2
simba-uw-tf-dev,2.3.7,HK,2026-09-09,2
simba-uw-tf-dev,2.3.8,HK,2026-09-09,2
simba-uw-tf-dev,2.3.9,HK,2026-09-09,2
simba-uw-tf-dev,2.4.1,HK,2026-09-09,2
simba-uw-tf-dev,2.4.2,HK,2026-09-09,2
simba-uw-tf-dev,2.4.3,HK,2026-09-09,2
simba-uw-tf-dev,2.4.3,US,2026-09-09,4
simba-uw-tf-dev,2.4.4,HK,2026-09-09,2
simba-uw-tf-dev,2.4.4,US,2026-09-09,4
simba-uw-tf-dev,2.4.5,HK,2026-09-09,2
simba-uw-tf-dev,2.4.6,HK,2026-09-09,2
simba-uw-tf-dev,2.4.7,HK,2026-09-09,2
simba-uw-tf-dev,2.4.8,HK,2026-09-09,2
simba-uw-tf-dev,2.4.9,HK,2026-09-09,2
simba-uw-tf-dev,2.5.1,HK,2026-09-09,2
simba-uw-tf-dev,2.5.2,HK,2026-09-09,2
simba-uw-tf-dev,2.5.3,HK,2026-09-09,2
simba-uw-tf-dev,2.5.4,HK,2026-09-09,2
simba-uw-tf-dev,2.5.5,HK,2026-09-09,2
simba-uw-tf-dev,2.5.6,HK,2026-09-09,2
simba-uw-tf-dev,2.5.7,HK,2026-09-09,2
simba-uw-tf-dev,2.5.8,HK,2026-09-09,2
simba-uw-tf-dev,2.5.9,HK,2026-09-09,2
simba-uw-tf-dev,2.6.1,HK,2026-09-09,2
simba-uw-tf-dev,2.6.2,HK,2026-09-09,2
simba-uw-tf-dev,2.6.3,HK,2026-09-09,2
simba-uw-tf-dev,2.6.4,HK,2026-09-09,2
simba-uw-tf-dev,2.6.5,HK,2026-09-09,2
simba-uw-tf-dev,2.6.6,HK,2026-09-09,2
simba-uw-tf-dev,2.6.7,HK,2026-09-09,2
simba-uw-tf-dev,2.6.8,HK,2026-09-09,2
simba-uw-tf-dev,2.6.9,HK,2026-09-09,2
simba-uw-tf-dev,2.7.1,HK,2026-09-09,2
simba-uw-tf-dev,2.7.2,HK,2026-09-09,2
simba-uw-tf-dev,2.7.2,US,2026-09-09,4
simba-uw-tf-dev,2.7.3,HK,2026-09-09,2
simba-uw-tf-dev,2.7.4,HK,2026-09-09,2
simba-uw-tf-dev,2.7.5,HK,2026-09-09,2
simba-uw-tf-dev,2.7.6,HK,2026-09-09,2
simba-uw-tf-dev,2.7.7,HK,2026-09-09,2
simba-uw-tf-dev,2.7.8,HK,2026-09-09,2
simba-uw-tf-dev,2.7.9,HK,2026-09-09,2
simba-uw-tf-dev,2.8.1,HK,2026-09-09,2
simba-uw-tf-dev,2.8.2,HK,2026-09-09,2
simba-uw-tf-dev,2.8.3,HK,2026-09-09,2
simba-uw-tf-dev,2.8.4,HK,2026-09-09,2
simba-uw-tf-dev,2.8.5,HK,2026-09-09,2
simba-uw-tf-dev,2.8.6,HK,2026-09-09,2
simba-uw-tf-dev,2.8.7,HK,2026-09-09,2
simba-uw-tf-dev,2.8.8,HK,2026-09-09,2
simba-uw-tf-dev,2.8.9,HK,2026-09-09,2
simba-uw-tf-dev,2.9.1,HK,2026-09-09,2
simba-uw-tf-dev,2.9.2,HK,2026-09-09,2
simba-uw-tf-dev,2.9.3,HK,2026-09-09,2
simba-uw-tf-dev,2.9.4,HK,2026-09-09,2
simba-uw-tf-dev,2.9.5,HK,2026-09-09,2
simba-uw-tf-dev,2.9.6,HK,2026-09-09,2
simba-uw-tf-dev,2.9.7,HK,2026-09-09,2
simba-uw-tf-dev,2.9.8,HK,2026-09-09,2
simba-uw-tf-dev,2.9.9,HK,2026-09-09,2
simba-uw-tf-dev,3.0.1,HK,2026-09-09,2
simba-uw-tf-dev,3.0.2,HK,2026-09-09,2
simba-uw-tf-dev,3.0.3,HK,2026-09-09,2
simba-uw-tf-dev,3.0.3,US,2026-09-09,4
simba-uw-tf-dev,3.0.4,HK,2026-09-09,2
simba-uw-tf-dev,3.0.5,HK,2026-09-09,2
simba-uw-tf-dev,3.0.6,HK,2026-09-09,2
simba-uw-tf-dev,3.0.7,HK,2026-09-09,2
simba-uw-tf-dev,3.0.8,HK,2026-09-09,2
simba-uw-tf-dev,3.0.9,HK,2026-09-09,2
simba-uw-tf-dev,3.1.1,HK,2026-09-09,2
simba-uw-tf-dev,3.1.2,HK,2026-09-09,2
simba-uw-tf-dev,3.1.3,HK,2026-09-09,2
simba-uw-tf-dev,3.1.4,HK,2026-09-09,2
simba-uw-tf-dev,3.1.5,HK,2026-09-09,2
simba-uw-tf-dev,3.1.6,HK,2026-09-09,2
simba-uw-tf-dev,3.1.7,HK,2026-09-09,2
simba-uw-tf-dev,3.1.8,HK,2026-09-09,2
simba-uw-tf-dev,3.1.9,HK,2026-09-09,2
simba-uw-tf-dev,3.2.1,HK,2026-09-09,2
simba-uw-tf-dev,3.2.2,HK,2026-09-09,2
simba-uw-tf-dev,3.2.3,HK,2026-09-09,2
simba-uw-tf-dev,3.2.4,HK,2026-09-09,2
simba-uw-tf-dev,3.2.5,HK,2026-09-09,2
simba-uw-tf-dev,3.2.6,HK,2026-09-09,2
simba-uw-tf-dev,3.2.7,HK,2026-09-09,2
simba-uw-tf-dev,3.2.8,HK,2026-09-09,2
simba-uw-tf-dev,3.2.9,HK,2026-09-09,2
simba-uw-tf-dev,3.3.1,HK,2026-09-09,2
simba-uw-tf-dev,3.3.2,HK,2026-09-09,2
simba-uw-tf-dev,3.3.3,HK,2026-09-09,2
simba-uw-tf-dev,3.3.6,HK,2026-09-09,2
simba-uw-tf-dev,3.3.7,HK,2026-09-09,2
simba-uw-tf-dev,3.3.8,HK,2026-09-09,2
simba-uw-tf-dev,3.3.9,HK,2026-09-09,2
simba-uw-tf-dev,3.4.1,HK,2026-09-09,2
simba-uw-tf-dev,3.4.2,HK,2026-09-09,2
simba-uw-tf-dev,3.4.3,HK,2026-09-09,2
simba-uw-tf-dev,3.4.4,HK,2026-09-09,2
simba-uw-tf-dev,3.4.5,HK,2026-09-09,2
simba-uw-tf-dev,3.4.6,HK,2026-09-09,2
simba-uw-tf-dev,3.4.7,HK,2026-09-09,2
simba-uw-tf-dev,3.4.8,HK,2026-09-09,2
simba-uw-tf-dev,3.4.9,HK,2026-09-09,2
simba-uw-tf-dev,3.5.1,HK,2026-09-09,2
simba-uw-tf-dev,3.5.2,HK,2026-09-09,2
simba-uw-tf-dev,3.5.4,HK,2026-09-09,2
simba-uw-tf-dev,3.5.5,HK,2026-09-09,2
simba-uw-tf-dev,3.5.6,HK,2026-09-09,2
simba-uw-tf-dev,3.5.7,HK,2026-09-09,2
simba-uw-tf-dev,3.5.8,HK,2026-09-09,2
simba-uw-tf-dev,3.5.9,HK,2026-09-09,2
simba-uw-tf-dev,3.6.1,HK,2026-09-09,2
simba-uw-tf-dev,3.6.2,HK,2026-09-09,2
simba-uw-tf-dev,3.6.3,HK,2026-09-09,2
simba-uw-tf-dev,3.6.4,HK,2026-09-09,2
simba-uw-tf-dev,3.6.5,HK,2026-09-09,2
simba-uw-tf-dev,3.6.6,HK,2026-09-09,2
simba-uw-tf-dev,3.6.7,HK,2026-09-09,2
simba-uw-tf-dev,3.6.8,HK,2026-09-09,2
simba-uw-tf-dev,3.6.9,HK,2026-09-09,2
simba-uw-tf-dev,3.7.1,HK,2026-09-09,2
simba-uw-tf-dev,3.7.2,HK,2026-09-09,2
simba-uw-tf-dev,3.7.3,HK,2026-09-09,2
simba-uw-tf-dev,3.7.4,HK,2026-09-09,2
simba-uw-tf-dev,3.7.5,HK,2026-09-09,2
simba-uw-tf-dev,3.7.6,HK,2026-09-09,2
simba-uw-tf-dev,3.7.7,HK,2026-09-09,2
simba-uw-tf-dev,3.7.8,HK,2026-09-09,2
simba-uw-tf-dev,3.7.9,HK,2026-09-09,2
simba-uw-tf-dev,3.8.1,HK,2026-09-09,2
simba-uw-tf-dev,3.8.2,HK,2026-09-09,2
simba-uw-tf-dev,3.8.3,HK,2026-09-09,2
simba-uw-tf-dev,3.8.4,HK,2026-09-09,2
simba-uw-tf-dev,3.8.5,HK,2026-09-09,2
simba-uw-tf-dev,3.8.6,HK,2026-09-09,2
simba-uw-tf-dev,3.8.7,HK,2026-09-09,2
simba-uw-tf-dev,3.8.8,HK,2026-09-09,2
simba-uw-tf-dev,3.8.9,HK,2026-09-09,2
simba-uw-tf-dev,3.9.2,HK,2026-09-09,2
simba-uw-tf-dev,3.9.3,HK,2026-09-09,2
simba-uw-tf-dev,3.9.4,HK,2026-09-09,2
simba-uw-tf-dev,3.9.5,HK,2026-09-09,2
simba-uw-tf-dev,3.9.6,HK,2026-09-09,2
simba-uw-tf-dev,3.9.7,HK,2026-09-09,2
simba-uw-tf-dev,3.9.8,HK,2026-09-09,2
simba-uw-tf-dev,3.9.9,HK,2026-09-09,2
simba-uw-tf-dev,4.0.1,HK,2026-09-09,2
simba-uw-tf-dev,4.0.2,HK,2026-09-09,2
simba-uw-tf-dev,4.0.3,HK,2026-09-09,2
simba-uw-tf-dev,4.0.4,HK,2026-09-09,2
simba-uw-tf-dev,4.0.5,HK,2026-09-09,2
simba-uw-tf-dev,4.0.6,HK,2026-09-09,2
simba-uw-tf-dev,4.0.7,HK,2026-09-09,2
simba-uw-tf-dev,4.0.9,HK,2026-09-09,2
simba-uw-tf-dev,4.1.1,HK,2026-09-09,2
simba-uw-tf-dev,4.1.2,HK,2026-09-09,2
simba-uw-tf-dev,4.1.3,HK,2026-09-09,2
simba-uw-tf-dev,4.1.4,HK,2026-09-09,2
simba-uw-tf-dev,4.1.5,HK,2026-09-09,2
simba-uw-tf-dev,4.1.6,HK,2026-09-09,2
simba-uw-tf-dev,4.1.7,HK,2026-09-09,2
simba-uw-tf-dev,4.1.8,HK,2026-09-09,2
simba-uw-tf-dev,4.1.9,HK,2026-09-09,2
simba-uw-tf-dev,4.2.1,HK,2026-09-09,2
simba-uw-tf-dev,4.2.2,HK,2026-09-09,2
simba-uw-tf-dev,4.7.2,US,2026-09-09,1
simba-uw-tf-dev,5.1.6,DE,2026-09-09,1
simba-uw-tf-dev,5.2.9,AE,2026-09-09,1
simba-uw-tf-dev,5.2.9,AT,2026-09-09,2
simba-uw-tf-dev,5.3.1,AT,2026-09-09,2
simba-uw-tf-dev,5.3.2,AT,2026-09-09,2
simba-uw-tf-dev,5.3.9,AE,2026-09-09,1
simba-uw-tf-dev,5.4.4,US,2026-09-09,1
simba-uw-tf-dev,5.4.7,CN,2026-09-09,1
simba-uw-tf-dev,5.4.8,CN,2026-09-09,1
simba-uw-tf-dev,5.4.9,AE,2026-09-09,2
simba-uw-tf-dev,5.4.9,CN,2026-09-09,1
simba-uw-tf-dev,5.5.1,CN,2026-09-09,1
simba-uw-tf-dev,5.5.1,SG,2026-09-09,6
simba-uw-tf-dev,5.5.2,CN,2026-09-09,1
simba-uw-tf-dev,5.5.2,SG,2026-09-09,6
simba-uw-tf-dev,5.5.3,CN,2026-09-09,1
simba-uw-tf-dev,5.5.3,SG,2026-09-09,6
simba-uw-tf-dev,5.5.4,CN,2026-09-09,1
simba-uw-tf-dev,5.5.4,SG,2026-09-09,6
simba-uw-tf-dev,5.5.5,CH,2026-09-09,2
simba-uw-tf-dev,5.5.5,FR,2026-09-09,2
simba-uw-tf-dev,5.5.5,US,2026-09-09,6
simba-uw-tf-dev,5.5.6,AE,2026-09-09,1
simba-uw-tf-dev,5.5.6,AT,2026-09-09,2
simba-uw-tf-dev,5.5.6,AU,2026-09-09,1
simba-uw-tf-dev,5.5.6,FR,2026-09-09,2
simba-uw-tf-dev,5.5.6,HK,2026-09-09,2
simba-uw-tf-dev,5.5.6,IR,2026-09-09,1
simba-uw-tf-dev,5.5.6,NL,2026-09-09,1
simba-uw-tf-dev,5.5.6,US,2026-09-09,12
simba-uw-tf-dev,0.0.1,CN,2026-09-08,2
simba-uw-tf-dev,0.0.1,US,2026-09-08,2
simba-uw-tf-dev,0.4,CN,2026-09-08,2
simba-uw-tf-dev,0.4,US,2026-09-08,2
simba-uw-tf-dev,0.46,AU,2026-09-08,1
simba-uw-tf-dev,0.70,CN,2026-09-08,2
simba-uw-tf-dev,0.70,US,2026-09-08,2
simba-uw-tf-dev,0.71,CN,2026-09-08,2
simba-uw-tf-dev,0.71,US,2026-09-08,2
simba-uw-tf-dev,0.72,CN,2026-09-08,2
simba-uw-tf-dev,0.72,US,2026-09-08,2
simba-uw-tf-dev,0.73,CN,2026-09-08,2
simba-uw-tf-dev,0.73,US,2026-09-08,2
simba-uw-tf-dev,0.76.1,CN,2026-09-08,2
simba-uw-tf-dev,0.76.1,US,2026-09-08,2
simba-uw-tf-dev,0.76.2,CN,2026-09-08,2
simba-uw-tf-dev,0.76.2,US,2026-09-08,2
simba-uw-tf-dev,0.76.3,CN,2026-09-08,2
simba-uw-tf-dev,0.76.3,US,2026-09-08,2
simba-uw-tf-dev,0.76.4,CN,2026-09-08,2
simba-uw-tf-dev,0.76.4,US,2026-09-08,2
simba-uw-tf-dev,0.76.5,CN,2026-09-08,2
simba-uw-tf-dev,0.76.5,US,2026-09-08,2
simba-uw-tf-dev,0.76.6,CN,2026-09-08,2
simba-uw-tf-dev,0.76.6,US,2026-09-08,2
simba-uw-tf-dev,0.76.8,CN,2026-09-08,2
simba-uw-tf-dev,0.76.8,US,2026-09-08,2
simba-uw-tf-dev,0.76.9,CN,2026-09-08,2
simba-uw-tf-dev,0.76.9,US,2026-09-08,2
simba-uw-tf-dev,0.77,CN,2026-09-08,2
simba-uw-tf-dev,0.77,US,2026-09-08,2
simba-uw-tf-dev,0.85.9,SG,2026-09-08,1
simba-uw-tf-dev,0.94.4,FR,2026-09-08,1
simba-uw-tf-dev,1.31.4,US,2026-09-08,1
simba-uw-tf-dev,1.33.9,US,2026-09-08,1
simba-uw-tf-dev,1.40.0,CN,2026-09-08,2
simba-uw-tf-dev,1.40.0,US,2026-09-08,3
simba-uw-tf-dev,1.40.1,CN,2026-09-08,2
simba-uw-tf-dev,1.40.1,US,2026-09-08,2
simba-uw-tf-dev,1.40.2,CN,2026-09-08,2
simba-uw-tf-dev,1.40.2,US,2026-09-08,2
simba-uw-tf-dev,1.40.4,CN,2026-09-08,2
simba-uw-tf-dev,1.40.4,US,2026-09-08,2
simba-uw-tf-dev,1.40.5,CN,2026-09-08,2
simba-uw-tf-dev,1.40.5,US,2026-09-08,2
simba-uw-tf-dev,1.40.6,CN,2026-09-08,2
simba-uw-tf-dev,1.40.6,US,2026-09-08,4
simba-uw-tf-dev,1.40.7,CN,2026-09-08,2
simba-uw-tf-dev,1.40.7,US,2026-09-08,2
simba-uw-tf-dev,1.40.8,CN,2026-09-08,2
simba-uw-tf-dev,1.40.8,US,2026-09-08,2
simba-uw-tf-dev,1.40.9,CN,2026-09-08,2
simba-uw-tf-dev,1.40.9,US,2026-09-08,2
simba-uw-tf-dev,1.50.1,CN,2026-09-08,2
simba-uw-tf-dev,1.50.1,US,2026-09-08,2
simba-uw-tf-dev,1.50.2,CN,2026-09-08,2
simba-uw-tf-dev,1.50.2,US,2026-09-08,2
simba-uw-tf-dev,1.50.3,CN,2026-09-08,2
simba-uw-tf-dev,1.50.3,US,2026-09-08,2
simba-uw-tf-dev,1.50.4,CN,2026-09-08,2
simba-uw-tf-dev,1.50.4,US,2026-09-08,2
simba-uw-tf-dev,1.50.5,CN,2026-09-08,2
simba-uw-tf-dev,1.50.5,US,2026-09-08,2
simba-uw-tf-dev,1.50.6,CN,2026-09-08,2
simba-uw-tf-dev,1.50.6,US,2026-09-08,2
simba-uw-tf-dev,1.50.7,CN,2026-09-08,2
simba-uw-tf-dev,1.50.7,US,2026-09-08,2
simba-uw-tf-dev,1.50.8,CN,2026-09-08,2
simba-uw-tf-dev,1.50.8,US,2026-09-08,2
simba-uw-tf-dev,1.50.9,CN,2026-09-08,2
simba-uw-tf-dev,1.50.9,US,2026-09-08,2
simba-uw-tf-dev,1.51.1,CN,2026-09-08,2
simba-uw-tf-dev,1.51.1,US,2026-09-08,2
simba-uw-tf-dev,1.51.2,CN,2026-09-08,2
simba-uw-tf-dev,1.51.2,US,2026-09-08,2
simba-uw-tf-dev,1.51.3,CN,2026-09-08,2
simba-uw-tf-dev,1.51.3,US,2026-09-08,2
simba-uw-tf-dev,1.51.4,CN,2026-09-08,2
simba-uw-tf-dev,1.51.4,US,2026-09-08,2
simba-uw-tf-dev,1.51.5,CN,2026-09-08,2
simba-uw-tf-dev,1.51.5,US,2026-09-08,2
simba-uw-tf-dev,1.51.6,CN,2026-09-08,2
simba-uw-tf-dev,1.51.6,US,2026-09-08,2
simba-uw-tf-dev,1.51.7,CN,2026-09-08,2
simba-uw-tf-dev,1.51.7,US,2026-09-08,2
simba-uw-tf-dev,1.51.8,CN,2026-09-08,2
simba-uw-tf-dev,1.51.8,US,2026-09-08,2
simba-uw-tf-dev,1.51.9,CN,2026-09-08,2
simba-uw-tf-dev,1.51.9,US,2026-09-08,2
simba-uw-tf-dev,1.52.1,CN,2026-09-08,2
simba-uw-tf-dev,1.52.1,US,2026-09-08,2
simba-uw-tf-dev,1.52.2,CN,2026-09-08,2
simba-uw-tf-dev,1.52.2,US,2026-09-08,2
simba-uw-tf-dev,1.52.3,CN,2026-09-08,2
simba-uw-tf-dev,1.52.3,US,2026-09-08,2
simba-uw-tf-dev,1.52.4,CN,2026-09-08,2
simba-uw-tf-dev,1.52.4,US,2026-09-08,2
simba-uw-tf-dev,1.52.9,CN,2026-09-08,2
simba-uw-tf-dev,1.52.9,HK,2026-09-08,2
simba-uw-tf-dev,1.52.9,US,2026-09-08,2
simba-uw-tf-dev,1.52.91,CN,2026-09-08,2
simba-uw-tf-dev,1.52.91,US,2026-09-08,2
simba-uw-tf-dev,1.52.92,CN,2026-09-08,2
simba-uw-tf-dev,1.52.92,US,2026-09-08,2
simba-uw-tf-dev,1.53.1,CN,2026-09-08,2
simba-uw-tf-dev,1.53.1,US,2026-09-08,2
simba-uw-tf-dev,1.53.2,CN,2026-09-08,2
simba-uw-tf-dev,1.53.2,US,2026-09-08,2
simba-uw-tf-dev,1.53.3,CN,2026-09-08,2
simba-uw-tf-dev,1.53.3,US,2026-09-08,2
simba-uw-tf-dev,1.53.4,CN,2026-09-08,2
simba-uw-tf-dev,1.53.4,US,2026-09-08,2
simba-uw-tf-dev,1.53.5,CN,2026-09-08,2
simba-uw-tf-dev,1.53.5,US,2026-09-08,2
simba-uw-tf-dev,1.53.6,CN,2026-09-08,2
simba-uw-tf-dev,1.53.6,US,2026-09-08,2
simba-uw-tf-dev,1.53.7,CN,2026-09-08,2
simba-uw-tf-dev,1.53.7,US,2026-09-08,2
simba-uw-tf-dev,1.53.8,CN,2026-09-08,2
simba-uw-tf-dev,1.53.8,US,2026-09-08,2
simba-uw-tf-dev,1.53.9,CN,2026-09-08,2
simba-uw-tf-dev,1.53.9,US,2026-09-08,2
simba-uw-tf-dev,1.54.1,CN,2026-09-08,2
simba-uw-tf-dev,1.54.1,US,2026-09-08,4
simba-uw-tf-dev,1.54.2,CN,2026-09-08,2
simba-uw-tf-dev,1.54.2,US,2026-09-08,2
simba-uw-tf-dev,1.54.3,CN,2026-09-08,2
simba-uw-tf-dev,1.54.3,US,2026-09-08,2
simba-uw-tf-dev,1.54.4,CN,2026-09-08,2
simba-uw-tf-dev,1.54.4,US,2026-09-08,2
simba-uw-tf-dev,1.54.5,CN,2026-09-08,2
simba-uw-tf-dev,1.54.5,US,2026-09-08,2
simba-uw-tf-dev,1.54.6,CN,2026-09-08,2
simba-uw-tf-dev,1.54.6,US,2026-09-08,2
simba-uw-tf-dev,1.54.7,CN,2026-09-08,2
simba-uw-tf-dev,1.54.7,US,2026-09-08,2
simba-uw-tf-dev,1.54.8,CN,2026-09-08,2
simba-uw-tf-dev,1.54.8,US,2026-09-08,2
simba-uw-tf-dev,1.54.9,CN,2026-09-08,2
simba-uw-tf-dev,1.54.9,US,2026-09-08,2
simba-uw-tf-dev,1.55.1,CN,2026-09-08,2
simba-uw-tf-dev,1.55.1,US,2026-09-08,2
simba-uw-tf-dev,1.55.2,CN,2026-09-08,2
simba-uw-tf-dev,1.55.2,US,2026-09-08,2
simba-uw-tf-dev,1.55.3,CN,2026-09-08,2
simba-uw-tf-dev,1.55.3,US,2026-09-08,2
simba-uw-tf-dev,1.55.4,CN,2026-09-08,2
simba-uw-tf-dev,1.55.4,US,2026-09-08,2
simba-uw-tf-dev,1.55.5,CN,2026-09-08,2
simba-uw-tf-dev,1.55.5,TW,2026-09-08,1
simba-uw-tf-dev,1.55.5,US,2026-09-08,3
simba-uw-tf-dev,1.55.6,CN,2026-09-08,2
simba-uw-tf-dev,1.55.6,US,2026-09-08,2
simba-uw-tf-dev,1.55.7,CN,2026-09-08,2
simba-uw-tf-dev,1.55.7,US,2026-09-08,2
simba-uw-tf-dev,1.55.8,CN,2026-09-08,2
simba-uw-tf-dev,1.55.8,US,2026-09-08,2
simba-uw-tf-dev,1.55.9,CN,2026-09-08,2
simba-uw-tf-dev,1.55.9,US,2026-09-08,2
simba-uw-tf-dev,1.56.1,CN,2026-09-08,2
simba-uw-tf-dev,1.56.1,US,2026-09-08,2
simba-uw-tf-dev,1.56.2,CN,2026-09-08,2
simba-uw-tf-dev,1.56.2,US,2026-09-08,2
simba-uw-tf-dev,1.56.3,CN,2026-09-08,2
simba-uw-tf-dev,1.56.3,US,2026-09-08,2
simba-uw-tf-dev,1.56.4,CN,2026-09-08,2
simba-uw-tf-dev,1.56.4,US,2026-09-08,2
simba-uw-tf-dev,1.56.5,CN,2026-09-08,2
simba-uw-tf-dev,1.56.5,US,2026-09-08,2
simba-uw-tf-dev,1.56.7,CN,2026-09-08,2
simba-uw-tf-dev,1.56.7,US,2026-09-08,2
simba-uw-tf-dev,1.56.8,CN,2026-09-08,2
simba-uw-tf-dev,1.56.8,US,2026-09-08,2
simba-uw-tf-dev,1.56.9,CN,2026-09-08,2
simba-uw-tf-dev,1.56.9,US,2026-09-08,2
simba-uw-tf-dev,1.57.2,CN,2026-09-08,2
simba-uw-tf-dev,1.57.2,US,2026-09-08,2
simba-uw-tf-dev,1.57.3,CN,2026-09-08,2
simba-uw-tf-dev,1.57.3,US,2026-09-08,2
simba-uw-tf-dev,1.57.4,CN,2026-09-08,2
simba-uw-tf-dev,1.57.4,US,2026-09-08,2
simba-uw-tf-dev,1.57.5,CN,2026-09-08,2
simba-uw-tf-dev,1.57.5,US,2026-09-08,2
simba-uw-tf-dev,1.57.6,CN,2026-09-08,2
simba-uw-tf-dev,1.57.6,US,2026-09-08,2
simba-uw-tf-dev,1.57.8,CN,2026-09-08,2
simba-uw-tf-dev,1.57.8,US,2026-09-08,2
simba-uw-tf-dev,1.57.9,CN,2026-09-08,2
simba-uw-tf-dev,1.57.9,US,2026-09-08,2
simba-uw-tf-dev,1.58.1,CN,2026-09-08,2
simba-uw-tf-dev,1.58.1,US,2026-09-08,2
simba-uw-tf-dev,1.58.2,CN,2026-09-08,2
simba-uw-tf-dev,1.58.2,US,2026-09-08,2
simba-uw-tf-dev,1.58.3,CN,2026-09-08,2
simba-uw-tf-dev,1.58.3,US,2026-09-08,2
simba-uw-tf-dev,1.58.4,CN,2026-09-08,2
simba-uw-tf-dev,1.58.4,US,2026-09-08,2
simba-uw-tf-dev,1.58.5,CN,2026-09-08,2
simba-uw-tf-dev,1.58.5,US,2026-09-08,2
simba-uw-tf-dev,1.58.6,CN,2026-09-08,2
simba-uw-tf-dev,1.58.6,US,2026-09-08,2
simba-uw-tf-dev,1.58.7,CN,2026-09-08,2
simba-uw-tf-dev,1.58.7,US,2026-09-08,2
simba-uw-tf-dev,1.58.8,CN,2026-09-08,2
simba-uw-tf-dev,1.58.8,US,2026-09-08,2
simba-uw-tf-dev,1.58.9,CN,2026-09-08,2
simba-uw-tf-dev,1.58.9,US,2026-09-08,2
simba-uw-tf-dev,1.59.1,CN,2026-09-08,2
simba-uw-tf-dev,1.59.1,US,2026-09-08,2
simba-uw-tf-dev,1.59.2,CN,2026-09-08,2
simba-uw-tf-dev,1.59.2,US,2026-09-08,2
simba-uw-tf-dev,1.59.3,CN,2026-09-08,2
simba-uw-tf-dev,1.59.3,US,2026-09-08,2
simba-uw-tf-dev,1.59.4,CN,2026-09-08,2
simba-uw-tf-dev,1.59.4,US,2026-09-08,2
simba-uw-tf-dev,1.60.1,CN,2026-09-08,2
simba-uw-tf-dev,1.60.1,US,2026-09-08,2
simba-uw-tf-dev,1.60.2,CN,2026-09-08,2
simba-uw-tf-dev,1.60.2,US,2026-09-08,2
simba-uw-tf-dev,1.60.3,CN,2026-09-08,2
simba-uw-tf-dev,1.60.3,US,2026-09-08,2
simba-uw-tf-dev,1.60.4,CN,2026-09-08,2
simba-uw-tf-dev,1.60.4,US,2026-09-08,2
simba-uw-tf-dev,1.60.5,CN,2026-09-08,2
simba-uw-tf-dev,1.60.5,US,2026-09-08,2
simba-uw-tf-dev,1.60.6,CN,2026-09-08,2
simba-uw-tf-dev,1.60.6,US,2026-09-08,2
simba-uw-tf-dev,1.60.7,CN,2026-09-08,2
simba-uw-tf-dev,1.60.7,US,2026-09-08,3
simba-uw-tf-dev,1.60.9,CN,2026-09-08,2
simba-uw-tf-dev,1.60.9,US,2026-09-08,2
simba-uw-tf-dev,1.61.1,CN,2026-09-08,2
simba-uw-tf-dev,1.61.1,US,2026-09-08,2
simba-uw-tf-dev,1.61.2,CN,2026-09-08,2
simba-uw-tf-dev,1.61.2,US,2026-09-08,2
simba-uw-tf-dev,1.61.3,CN,2026-09-08,2
simba-uw-tf-dev,1.61.3,US,2026-09-08,2
simba-uw-tf-dev,1.61.4,CN,2026-09-08,2
simba-uw-tf-dev,1.61.4,US,2026-09-08,2
simba-uw-tf-dev,1.61.5,CN,2026-09-08,2
simba-uw-tf-dev,1.61.5,US,2026-09-08,2
simba-uw-tf-dev,1.61.6,CN,2026-09-08,2
simba-uw-tf-dev,1.61.6,US,2026-09-08,2
simba-uw-tf-dev,1.61.7,CN,2026-09-08,2
simba-uw-tf-dev,1.61.7,US,2026-09-08,2
simba-uw-tf-dev,1.61.8,CN,2026-09-08,2
simba-uw-tf-dev,1.61.8,US,2026-09-08,2
simba-uw-tf-dev,1.61.9,CN,2026-09-08,2
simba-uw-tf-dev,1.61.9,US,2026-09-08,2
simba-uw-tf-dev,1.62.1,CN,2026-09-08,2
simba-uw-tf-dev,1.62.1,US,2026-09-08,2
simba-uw-tf-dev,1.62.2,CN,2026-09-08,2
simba-uw-tf-dev,1.62.2,US,2026-09-08,2
simba-uw-tf-dev,1.62.3,CN,2026-09-08,2
simba-uw-tf-dev,1.62.3,US,2026-09-08,3
simba-uw-tf-dev,1.62.4,CN,2026-09-08,2
simba-uw-tf-dev,1.62.4,US,2026-09-08,2
simba-uw-tf-dev,1.62.5,CN,2026-09-08,2
simba-uw-tf-dev,1.62.5,US,2026-09-08,2
simba-uw-tf-dev,1.62.6,CN,2026-09-08,2
simba-uw-tf-dev,1.62.6,US,2026-09-08,2
simba-uw-tf-dev,1.62.7,CN,2026-09-08,2
simba-uw-tf-dev,1.62.7,US,2026-09-08,2
simba-uw-tf-dev,1.62.8,CN,2026-09-08,2
simba-uw-tf-dev,1.62.8,US,2026-09-08,2
simba-uw-tf-dev,1.62.9,CN,2026-09-08,2
simba-uw-tf-dev,1.62.9,US,2026-09-08,2
simba-uw-tf-dev,1.63.1,CN,2026-09-08,2
simba-uw-tf-dev,1.63.1,US,2026-09-08,2
simba-uw-tf-dev,1.63.2,CN,2026-09-08,2
simba-uw-tf-dev,1.63.2,US,2026-09-08,2
simba-uw-tf-dev,1.63.3,CN,2026-09-08,2
simba-uw-tf-dev,1.63.3,US,2026-09-08,5
simba-uw-tf-dev,1.63.4,CN,2026-09-08,2
simba-uw-tf-dev,1.63.4,US,2026-09-08,2
simba-uw-tf-dev,1.63.5,CN,2026-09-08,2
simba-uw-tf-dev,1.63.5,US,2026-09-08,2
simba-uw-tf-dev,1.63.6,CN,2026-09-08,2
simba-uw-tf-dev,1.63.6,US,2026-09-08,2
simba-uw-tf-dev,1.63.7,CN,2026-09-08,2
simba-uw-tf-dev,1.63.7,US,2026-09-08,2
simba-uw-tf-dev,1.63.8,CN,2026-09-08,2
simba-uw-tf-dev,1.63.8,US,2026-09-08,2
simba-uw-tf-dev,1.63.9,CN,2026-09-08,2
simba-uw-tf-dev,1.63.9,US,2026-09-08,2
simba-uw-tf-dev,1.64.1,CN,2026-09-08,2
simba-uw-tf-dev,1.64.1,US,2026-09-08,2
simba-uw-tf-dev,1.64.2,CN,2026-09-08,2
simba-uw-tf-dev,1.64.2,US,2026-09-08,2
simba-uw-tf-dev,1.64.3,CN,2026-09-08,2
simba-uw-tf-dev,1.64.3,US,2026-09-08,2
simba-uw-tf-dev,1.64.4,CN,2026-09-08,2
simba-uw-tf-dev,1.64.4,US,2026-09-08,2
simba-uw-tf-dev,1.64.5,CN,2026-09-08,2
simba-uw-tf-dev,1.64.5,US,2026-09-08,2
simba-uw-tf-dev,1.64.6,CN,2026-09-08,2
simba-uw-tf-dev,1.64.6,US,2026-09-08,2
simba-uw-tf-dev,1.64.7,CN,2026-09-08,2
simba-uw-tf-dev,1.64.7,US,2026-09-08,2
simba-uw-tf-dev,1.64.8,CN,2026-09-08,2
simba-uw-tf-dev,1.64.8,US,2026-09-08,2
simba-uw-tf-dev,1.64.9,CN,2026-09-08,2
simba-uw-tf-dev,1.64.9,US,2026-09-08,2
simba-uw-tf-dev,1.65.1,CN,2026-09-08,2
simba-uw-tf-dev,1.65.1,US,2026-09-08,2
simba-uw-tf-dev,1.65.2,CN,2026-09-08,2
simba-uw-tf-dev,1.65.2,US,2026-09-08,2
simba-uw-tf-dev,1.65.3,CN,2026-09-08,2
simba-uw-tf-dev,1.65.3,US,2026-09-08,2
simba-uw-tf-dev,1.65.4,CN,2026-09-08,2
simba-uw-tf-dev,1.65.4,US,2026-09-08,4
simba-uw-tf-dev,1.65.5,CN,2026-09-08,2
simba-uw-tf-dev,1.65.5,US,2026-09-08,2
simba-uw-tf-dev,1.65.6,CN,2026-09-08,2
simba-uw-tf-dev,1.65.6,US,2026-09-08,2
simba-uw-tf-dev,1.65.7,CN,2026-09-08,2
simba-uw-tf-dev,1.65.7,US,2026-09-08,2
simba-uw-tf-dev,1.65.8,CN,2026-09-08,2
simba-uw-tf-dev,1.65.8,US,2026-09-08,2
simba-uw-tf-dev,1.65.9,CN,2026-09-08,2
simba-uw-tf-dev,1.65.9,US,2026-09-08,2
simba-uw-tf-dev,1.70.1,CN,2026-09-08,2
simba-uw-tf-dev,1.70.1,US,2026-09-08,2
simba-uw-tf-dev,1.70.2,CN,2026-09-08,2
simba-uw-tf-dev,1.70.2,US,2026-09-08,2
simba-uw-tf-dev,1.70.3,CN,2026-09-08,2
simba-uw-tf-dev,1.70.3,US,2026-09-08,2
simba-uw-tf-dev,1.70.4,CN,2026-09-08,2
simba-uw-tf-dev,1.70.4,US,2026-09-08,2
simba-uw-tf-dev,1.70.5,CN,2026-09-08,2
simba-uw-tf-dev,1.70.5,US,2026-09-08,2
simba-uw-tf-dev,1.70.6,CN,2026-09-08,2
simba-uw-tf-dev,1.70.6,US,2026-09-08,2
simba-uw-tf-dev,1.70.7,CN,2026-09-08,2
simba-uw-tf-dev,1.70.7,US,2026-09-08,2
simba-uw-tf-dev,1.70.8,CN,2026-09-08,2
simba-uw-tf-dev,1.70.8,US,2026-09-08,2
simba-uw-tf-dev,1.70.9,CN,2026-09-08,2
simba-uw-tf-dev,1.70.9,US,2026-09-08,2
simba-uw-tf-dev,1.71.1,CN,2026-09-08,2
simba-uw-tf-dev,1.71.1,US,2026-09-08,2
simba-uw-tf-dev,1.71.2,CN,2026-09-08,2
simba-uw-tf-dev,1.71.2,US,2026-09-08,2
simba-uw-tf-dev,1.71.3,CN,2026-09-08,2
simba-uw-tf-dev,1.71.3,US,2026-09-08,2
simba-uw-tf-dev,1.71.4,CN,2026-09-08,2
simba-uw-tf-dev,1.71.4,US,2026-09-08,2
simba-uw-tf-dev,1.71.5,CN,2026-09-08,2
simba-uw-tf-dev,1.71.5,US,2026-09-08,2
simba-uw-tf-dev,1.71.6,CN,2026-09-08,2
simba-uw-tf-dev,1.71.6,US,2026-09-08,2
simba-uw-tf-dev,1.71.7,CN,2026-09-08,2
simba-uw-tf-dev,1.71.7,US,2026-09-08,4
simba-uw-tf-dev,1.71.8,CN,2026-09-08,2
simba-uw-tf-dev,1.71.8,US,2026-09-08,2
simba-uw-tf-dev,1.71.9,CN,2026-09-08,2
simba-uw-tf-dev,1.71.9,US,2026-09-08,2
simba-uw-tf-dev,1.72.1,CN,2026-09-08,2
simba-uw-tf-dev,1.72.1,US,2026-09-08,2
simba-uw-tf-dev,1.72.2,CN,2026-09-08,2
simba-uw-tf-dev,1.72.2,US,2026-09-08,2
simba-uw-tf-dev,1.72.3,CN,2026-09-08,2
simba-uw-tf-dev,1.72.3,US,2026-09-08,2
simba-uw-tf-dev,1.72.4,CN,2026-09-08,2
simba-uw-tf-dev,1.72.4,US,2026-09-08,2
simba-uw-tf-dev,1.72.5,CN,2026-09-08,2
simba-uw-tf-dev,1.72.5,US,2026-09-08,2
simba-uw-tf-dev,1.72.6,CN,2026-09-08,2
simba-uw-tf-dev,1.72.6,US,2026-09-08,2
simba-uw-tf-dev,1.72.7,CN,2026-09-08,2
simba-uw-tf-dev,1.72.7,US,2026-09-08,2
simba-uw-tf-dev,1.72.8,CN,2026-09-08,2
simba-uw-tf-dev,1.72.8,US,2026-09-08,2
simba-uw-tf-dev,1.73.1,CN,2026-09-08,2
simba-uw-tf-dev,1.73.1,US,2026-09-08,2
simba-uw-tf-dev,1.73.2,CN,2026-09-08,2
simba-uw-tf-dev,1.73.2,US,2026-09-08,2
simba-uw-tf-dev,1.73.3,CN,2026-09-08,2
simba-uw-tf-dev,1.73.3,US,2026-09-08,2
simba-uw-tf-dev,1.73.5,CN,2026-09-08,2
simba-uw-tf-dev,1.73.5,US,2026-09-08,2
simba-uw-tf-dev,1.73.6,CN,2026-09-08,2
simba-uw-tf-dev,1.73.6,US,2026-09-08,2
simba-uw-tf-dev,1.73.7,CN,2026-09-08,2
simba-uw-tf-dev,1.73.7,US,2026-09-08,2
simba-uw-tf-dev,1.73.8,CN,2026-09-08,2
simba-uw-tf-dev,1.73.8,US,2026-09-08,2
simba-uw-tf-dev,1.73.9,CN,2026-09-08,2
simba-uw-tf-dev,1.73.9,US,2026-09-08,2
simba-uw-tf-dev,1.74.1,CN,2026-09-08,2
simba-uw-tf-dev,1.74.1,US,2026-09-08,2
simba-uw-tf-dev,1.74.2,CN,2026-09-08,2
simba-uw-tf-dev,1.74.2,US,2026-09-08,2
simba-uw-tf-dev,1.74.3,CN,2026-09-08,2
simba-uw-tf-dev,1.74.3,US,2026-09-08,2
simba-uw-tf-dev,1.74.4,CN,2026-09-08,2
simba-uw-tf-dev,1.74.4,US,2026-09-08,2
simba-uw-tf-dev,1.74.5,CN,2026-09-08,2
simba-uw-tf-dev,1.74.5,US,2026-09-08,2
simba-uw-tf-dev,1.74.6,CN,2026-09-08,2
simba-uw-tf-dev,1.74.6,HK,2026-09-08,1
simba-uw-tf-dev,1.74.6,US,2026-09-08,3
simba-uw-tf-dev,1.74.7,CN,2026-09-08,2
simba-uw-tf-dev,1.74.7,US,2026-09-08,2
simba-uw-tf-dev,1.74.8,CN,2026-09-08,2
simba-uw-tf-dev,1.74.8,US,2026-09-08,2
simba-uw-tf-dev,1.74.9,CN,2026-09-08,2
simba-uw-tf-dev,1.74.9,US,2026-09-08,2
simba-uw-tf-dev,1.75.1,CN,2026-09-08,2
simba-uw-tf-dev,1.75.1,US,2026-09-08,2
simba-uw-tf-dev,1.75.2,CN,2026-09-08,2
simba-uw-tf-dev,1.75.2,US,2026-09-08,2
simba-uw-tf-dev,1.75.3,CN,2026-09-08,2
simba-uw-tf-dev,1.75.3,US,2026-09-08,2
simba-uw-tf-dev,1.75.4,CN,2026-09-08,2
simba-uw-tf-dev,1.75.4,US,2026-09-08,2
simba-uw-tf-dev,1.75.5,CN,2026-09-08,2
simba-uw-tf-dev,1.75.5,US,2026-09-08,2
simba-uw-tf-dev,1.75.6,CN,2026-09-08,2
simba-uw-tf-dev,1.75.6,US,2026-09-08,2
simba-uw-tf-dev,1.75.7,CN,2026-09-08,2
simba-uw-tf-dev,1.75.7,US,2026-09-08,2
simba-uw-tf-dev,1.75.8,CN,2026-09-08,2
simba-uw-tf-dev,1.75.8,US,2026-09-08,2
simba-uw-tf-dev,1.75.9,CN,2026-09-08,2
simba-uw-tf-dev,1.75.9,US,2026-09-08,2
simba-uw-tf-dev,1.76.1,CN,2026-09-08,2
simba-uw-tf-dev,1.76.1,US,2026-09-08,2
simba-uw-tf-dev,1.76.2,CN,2026-09-08,2
simba-uw-tf-dev,1.76.2,US,2026-09-08,2
simba-uw-tf-dev,1.76.3,CN,2026-09-08,2
simba-uw-tf-dev,1.76.3,US,2026-09-08,2
simba-uw-tf-dev,1.76.4,CN,2026-09-08,2
simba-uw-tf-dev,1.76.4,US,2026-09-08,2
simba-uw-tf-dev,1.76.5,CN,2026-09-08,2
simba-uw-tf-dev,1.76.5,US,2026-09-08,2
simba-uw-tf-dev,1.76.6,CN,2026-09-08,2
simba-uw-tf-dev,1.76.6,US,2026-09-08,2
simba-uw-tf-dev,1.76.7,CN,2026-09-08,2
simba-uw-tf-dev,1.76.7,US,2026-09-08,2
simba-uw-tf-dev,1.76.8,CN,2026-09-08,2
simba-uw-tf-dev,1.76.8,US,2026-09-08,2
simba-uw-tf-dev,1.76.9,CN,2026-09-08,2
simba-uw-tf-dev,1.76.9,US,2026-09-08,2
simba-uw-tf-dev,1.77.1,CN,2026-09-08,2
simba-uw-tf-dev,1.77.1,US,2026-09-08,2
simba-uw-tf-dev,1.77.2,CN,2026-09-08,2
simba-uw-tf-dev,1.77.2,US,2026-09-08,2
simba-uw-tf-dev,1.77.3,CN,2026-09-08,2
simba-uw-tf-dev,1.77.3,US,2026-09-08,2
simba-uw-tf-dev,1.77.4,CN,2026-09-08,2
simba-uw-tf-dev,1.77.4,US,2026-09-08,2
simba-uw-tf-dev,1.77.5,CN,2026-09-08,2
simba-uw-tf-dev,1.77.5,US,2026-09-08,2
simba-uw-tf-dev,1.77.6,CN,2026-09-08,2
simba-uw-tf-dev,1.77.6,US,2026-09-08,2
simba-uw-tf-dev,1.77.7,CN,2026-09-08,2
simba-uw-tf-dev,1.77.7,US,2026-09-08,2
simba-uw-tf-dev,1.77.8,CN,2026-09-08,2
simba-uw-tf-dev,1.77.8,US,2026-09-08,2
simba-uw-tf-dev,1.77.9,CN,2026-09-08,2
simba-uw-tf-dev,1.77.9,US,2026-09-08,2
simba-uw-tf-dev,1.78.1,CN,2026-09-08,2
simba-uw-tf-dev,1.78.1,US,2026-09-08,2
simba-uw-tf-dev,1.78.2,CN,2026-09-08,2
simba-uw-tf-dev,1.78.2,US,2026-09-08,2
simba-uw-tf-dev,1.78.3,CN,2026-09-08,2
simba-uw-tf-dev,1.78.3,US,2026-09-08,2
simba-uw-tf-dev,1.78.4,CN,2026-09-08,2
simba-uw-tf-dev,1.78.4,US,2026-09-08,2
simba-uw-tf-dev,1.78.5,CN,2026-09-08,2
simba-uw-tf-dev,1.78.5,US,2026-09-08,2
simba-uw-tf-dev,1.78.6,CN,2026-09-08,2
simba-uw-tf-dev,1.78.6,US,2026-09-08,2
simba-uw-tf-dev,1.78.7,CN,2026-09-08,2
simba-uw-tf-dev,1.78.7,US,2026-09-08,2
simba-uw-tf-dev,1.78.8,CN,2026-09-08,2
simba-uw-tf-dev,1.78.8,US,2026-09-08,2
simba-uw-tf-dev,1.78.9,CN,2026-09-08,2
simba-uw-tf-dev,1.78.9,US,2026-09-08,2
simba-uw-tf-dev,1.79.1,CN,2026-09-08,2
simba-uw-tf-dev,1.79.1,US,2026-09-08,2
simba-uw-tf-dev,1.79.2,CN,2026-09-08,2
simba-uw-tf-dev,1.79.2,US,2026-09-08,2
simba-uw-tf-dev,1.79.3,CN,2026-09-08,2
simba-uw-tf-dev,1.79.3,US,2026-09-08,2
simba-uw-tf-dev,1.79.4,CN,2026-09-08,2
simba-uw-tf-dev,1.79.4,US,2026-09-08,2
simba-uw-tf-dev,1.79.5,CN,2026-09-08,2
simba-uw-tf-dev,1.79.5,US,2026-09-08,2
simba-uw-tf-dev,1.79.6,CN,2026-09-08,2
simba-uw-tf-dev,1.79.6,US,2026-09-08,2
simba-uw-tf-dev,1.79.7,CN,2026-09-08,2
simba-uw-tf-dev,1.79.7,US,2026-09-08,2
simba-uw-tf-dev,1.79.8,CN,2026-09-08,2
simba-uw-tf-dev,1.79.8,US,2026-09-08,2
simba-uw-tf-dev,1.79.9,CN,2026-09-08,2
simba-uw-tf-dev,1.79.9,US,2026-09-08,2
simba-uw-tf-dev,1.80.1,CN,2026-09-08,2
simba-uw-tf-dev,1.80.1,US,2026-09-08,2
simba-uw-tf-dev,1.80.2,CN,2026-09-08,2
simba-uw-tf-dev,1.80.2,US,2026-09-08,2
simba-uw-tf-dev,1.80.3,CN,2026-09-08,2
simba-uw-tf-dev,1.80.3,US,2026-09-08,2
simba-uw-tf-dev,1.80.4,CN,2026-09-08,2
simba-uw-tf-dev,1.80.4,US,2026-09-08,2
simba-uw-tf-dev,1.80.5,CN,2026-09-08,2
simba-uw-tf-dev,1.80.5,US,2026-09-08,2
simba-uw-tf-dev,1.80.6,CN,2026-09-08,2
simba-uw-tf-dev,1.80.6,US,2026-09-08,2
simba-uw-tf-dev,1.80.7,CN,2026-09-08,2
simba-uw-tf-dev,1.80.7,US,2026-09-08,2
simba-uw-tf-dev,1.80.8,CN,2026-09-08,2
simba-uw-tf-dev,1.80.8,US,2026-09-08,2
simba-uw-tf-dev,1.80.9,CN,2026-09-08,2
simba-uw-tf-dev,1.80.9,US,2026-09-08,2
simba-uw-tf-dev,1.81.1,CN,2026-09-08,2
simba-uw-tf-dev,1.81.1,US,2026-09-08,2
simba-uw-tf-dev,1.81.2,CN,2026-09-08,2
simba-uw-tf-dev,1.81.2,US,2026-09-08,2
simba-uw-tf-dev,1.81.3,CN,2026-09-08,2
simba-uw-tf-dev,1.81.3,US,2026-09-08,2
simba-uw-tf-dev,1.81.4,CN,2026-09-08,2
simba-uw-tf-dev,1.81.4,US,2026-09-08,2
simba-uw-tf-dev,1.81.5,CN,2026-09-08,2
simba-uw-tf-dev,1.81.5,US,2026-09-08,2
simba-uw-tf-dev,1.81.6,CN,2026-09-08,2
simba-uw-tf-dev,1.81.6,US,2026-09-08,2
simba-uw-tf-dev,1.81.7,CN,2026-09-08,2
simba-uw-tf-dev,1.81.7,US,2026-09-08,3
simba-uw-tf-dev,1.81.8,CN,2026-09-08,2
simba-uw-tf-dev,1.81.8,US,2026-09-08,3
simba-uw-tf-dev,1.81.9,CN,2026-09-08,2
simba-uw-tf-dev,1.81.9,US,2026-09-08,2
simba-uw-tf-dev,1.82.1,CN,2026-09-08,2
simba-uw-tf-dev,1.82.1,US,2026-09-08,2
simba-uw-tf-dev,1.82.3,CN,2026-09-08,2
simba-uw-tf-dev,1.82.3,US,2026-09-08,2
simba-uw-tf-dev,1.83.1,CN,2026-09-08,2
simba-uw-tf-dev,1.83.1,US,2026-09-08,2
simba-uw-tf-dev,1.83.2,CN,2026-09-08,2
simba-uw-tf-dev,1.83.2,US,2026-09-08,2
simba-uw-tf-dev,1.83.3,CN,2026-09-08,2
simba-uw-tf-dev,1.83.3,US,2026-09-08,2
simba-uw-tf-dev,1.83.4,CN,2026-09-08,2
simba-uw-tf-dev,1.83.4,US,2026-09-08,2
simba-uw-tf-dev,1.83.5,CN,2026-09-08,2
simba-uw-tf-dev,1.83.5,US,2026-09-08,2
simba-uw-tf-dev,1.83.6,CN,2026-09-08,2
simba-uw-tf-dev,1.83.6,US,2026-09-08,2
simba-uw-tf-dev,1.83.7,CN,2026-09-08,2
simba-uw-tf-dev,1.83.7,US,2026-09-08,2
simba-uw-tf-dev,1.83.8,CN,2026-09-08,2
simba-uw-tf-dev,1.83.8,US,2026-09-08,2
simba-uw-tf-dev,1.83.9,CN,2026-09-08,2
simba-uw-tf-dev,1.83.9,US,2026-09-08,2
simba-uw-tf-dev,1.84.1,CN,2026-09-08,2
simba-uw-tf-dev,1.84.1,US,2026-09-08,2
simba-uw-tf-dev,1.84.3,CN,2026-09-08,2
simba-uw-tf-dev,1.84.3,US,2026-09-08,2
simba-uw-tf-dev,1.84.4,CN,2026-09-08,2
simba-uw-tf-dev,1.84.4,US,2026-09-08,2
simba-uw-tf-dev,1.84.5,CN,2026-09-08,2
simba-uw-tf-dev,1.84.5,US,2026-09-08,2
simba-uw-tf-dev,1.84.6,CN,2026-09-08,2
simba-uw-tf-dev,1.84.6,US,2026-09-08,2
simba-uw-tf-dev,1.84.7,CN,2026-09-08,2
simba-uw-tf-dev,1.84.7,US,2026-09-08,2
simba-uw-tf-dev,1.84.8,CN,2026-09-08,2
simba-uw-tf-dev,1.84.8,US,2026-09-08,2
simba-uw-tf-dev,1.84.9,CN,2026-09-08,2
simba-uw-tf-dev,1.84.9,US,2026-09-08,2
simba-uw-tf-dev,1.85.1,CN,2026-09-08,2
simba-uw-tf-dev,1.85.1,US,2026-09-08,2
simba-uw-tf-dev,1.85.2,CN,2026-09-08,2
simba-uw-tf-dev,1.85.2,US,2026-09-08,2
simba-uw-tf-dev,1.85.3,CN,2026-09-08,2
simba-uw-tf-dev,1.85.3,US,2026-09-08,4
simba-uw-tf-dev,1.85.4,CN,2026-09-08,2
simba-uw-tf-dev,1.85.4,US,2026-09-08,2
simba-uw-tf-dev,1.85.5,CN,2026-09-08,2
simba-uw-tf-dev,1.85.5,US,2026-09-08,2
simba-uw-tf-dev,1.85.6,CN,2026-09-08,2
simba-uw-tf-dev,1.85.6,US,2026-09-08,2
simba-uw-tf-dev,1.85.7,CN,2026-09-08,2
simba-uw-tf-dev,1.85.7,US,2026-09-08,2
simba-uw-tf-dev,1.85.8,CN,2026-09-08,2
simba-uw-tf-dev,1.85.8,US,2026-09-08,2
simba-uw-tf-dev,1.85.9,CN,2026-09-08,2
simba-uw-tf-dev,1.85.9,US,2026-09-08,2
simba-uw-tf-dev,1.86.1,CN,2026-09-08,2
simba-uw-tf-dev,1.86.1,US,2026-09-08,2
simba-uw-tf-dev,1.86.2,CN,2026-09-08,2
simba-uw-tf-dev,1.86.2,US,2026-09-08,2
simba-uw-tf-dev,1.86.3,CN,2026-09-08,2
simba-uw-tf-dev,1.86.3,US,2026-09-08,2
simba-uw-tf-dev,1.86.4,CN,2026-09-08,2
simba-uw-tf-dev,1.86.4,US,2026-09-08,3
simba-uw-tf-dev,1.86.6,CN,2026-09-08,2
simba-uw-tf-dev,1.86.6,US,2026-09-08,2
simba-uw-tf-dev,1.86.7,CN,2026-09-08,2
simba-uw-tf-dev,1.86.7,US,2026-09-08,2
simba-uw-tf-dev,1.87.1,CN,2026-09-08,2
simba-uw-tf-dev,1.87.1,US,2026-09-08,2
simba-uw-tf-dev,1.87.2,CN,2026-09-08,2
simba-uw-tf-dev,1.87.2,US,2026-09-08,2
simba-uw-tf-dev,1.87.3,CN,2026-09-08,2
simba-uw-tf-dev,1.87.3,US,2026-09-08,2
simba-uw-tf-dev,1.87.4,CN,2026-09-08,2
simba-uw-tf-dev,1.87.4,US,2026-09-08,2
simba-uw-tf-dev,1.87.5,CN,2026-09-08,2
simba-uw-tf-dev,1.87.5,US,2026-09-08,2
simba-uw-tf-dev,1.87.6,CN,2026-09-08,2
simba-uw-tf-dev,1.87.6,US,2026-09-08,2
simba-uw-tf-dev,1.87.7,CN,2026-09-08,2
simba-uw-tf-dev,1.87.7,US,2026-09-08,2
simba-uw-tf-dev,1.87.8,CN,2026-09-08,2
simba-uw-tf-dev,1.87.8,US,2026-09-08,2
simba-uw-tf-dev,1.87.9,CN,2026-09-08,2
simba-uw-tf-dev,1.87.9,US,2026-09-08,2
simba-uw-tf-dev,1.88.1,CN,2026-09-08,2
simba-uw-tf-dev,1.88.1,US,2026-09-08,2
simba-uw-tf-dev,1.88.2,CN,2026-09-08,2
simba-uw-tf-dev,1.88.2,TW,2026-09-08,1
simba-uw-tf-dev,1.88.2,US,2026-09-08,3
simba-uw-tf-dev,1.88.3,CN,2026-09-08,2
simba-uw-tf-dev,1.88.3,US,2026-09-08,2
simba-uw-tf-dev,1.88.4,CN,2026-09-08,2
simba-uw-tf-dev,1.88.4,US,2026-09-08,2
simba-uw-tf-dev,1.88.5,CN,2026-09-08,2
simba-uw-tf-dev,1.88.5,US,2026-09-08,2
simba-uw-tf-dev,1.88.6,CN,2026-09-08,2
simba-uw-tf-dev,1.88.6,US,2026-09-08,2
simba-uw-tf-dev,1.88.7,CN,2026-09-08,2
simba-uw-tf-dev,1.88.7,US,2026-09-08,2
simba-uw-tf-dev,1.88.8,CN,2026-09-08,2
simba-uw-tf-dev,1.88.8,US,2026-09-08,2
simba-uw-tf-dev,1.88.9,CN,2026-09-08,2
simba-uw-tf-dev,1.88.9,US,2026-09-08,2
simba-uw-tf-dev,1.89.1,CN,2026-09-08,2
simba-uw-tf-dev,1.89.1,US,2026-09-08,2
simba-uw-tf-dev,1.89.2,CN,2026-09-08,2
simba-uw-tf-dev,1.89.2,US,2026-09-08,2
simba-uw-tf-dev,1.89.3,CN,2026-09-08,2
simba-uw-tf-dev,1.89.3,US,2026-09-08,2
simba-uw-tf-dev,1.89.4,CN,2026-09-08,2
simba-uw-tf-dev,1.89.4,US,2026-09-08,2
simba-uw-tf-dev,1.89.5,CN,2026-09-08,2
simba-uw-tf-dev,1.89.5,US,2026-09-08,2
simba-uw-tf-dev,1.89.6,CN,2026-09-08,2
simba-uw-tf-dev,1.89.6,US,2026-09-08,2
simba-uw-tf-dev,1.89.7,CN,2026-09-08,2
simba-uw-tf-dev,1.89.7,US,2026-09-08,2
simba-uw-tf-dev,1.89.8,CN,2026-09-08,2
simba-uw-tf-dev,1.89.8,US,2026-09-08,2
simba-uw-tf-dev,1.89.9,CN,2026-09-08,2
simba-uw-tf-dev,1.89.9,US,2026-09-08,2
simba-uw-tf-dev,1.90.1,CN,2026-09-08,2
simba-uw-tf-dev,1.90.1,US,2026-09-08,3
simba-uw-tf-dev,1.90.2,CN,2026-09-08,2
simba-uw-tf-dev,1.90.2,US,2026-09-08,2
simba-uw-tf-dev,1.90.3,CN,2026-09-08,2
simba-uw-tf-dev,1.90.3,US,2026-09-08,2
simba-uw-tf-dev,1.90.4,CN,2026-09-08,2
simba-uw-tf-dev,1.90.4,US,2026-09-08,2
simba-uw-tf-dev,1.90.5,CN,2026-09-08,2
simba-uw-tf-dev,1.90.5,US,2026-09-08,2
simba-uw-tf-dev,1.90.6,CN,2026-09-08,2
simba-uw-tf-dev,1.90.6,US,2026-09-08,2
simba-uw-tf-dev,1.90.7,CN,2026-09-08,2
simba-uw-tf-dev,1.90.7,US,2026-09-08,2
simba-uw-tf-dev,1.90.8,CN,2026-09-08,2
simba-uw-tf-dev,1.90.8,US,2026-09-08,2
simba-uw-tf-dev,1.90.9,CN,2026-09-08,2
simba-uw-tf-dev,1.90.9,US,2026-09-08,2
simba-uw-tf-dev,1.91.1,CN,2026-09-08,2
simba-uw-tf-dev,1.91.1,US,2026-09-08,2
simba-uw-tf-dev,1.91.2,CN,2026-09-08,2
simba-uw-tf-dev,1.91.2,US,2026-09-08,2
simba-uw-tf-dev,1.91.3,CN,2026-09-08,2
simba-uw-tf-dev,1.91.3,US,2026-09-08,2
simba-uw-tf-dev,1.91.4,CN,2026-09-08,2
simba-uw-tf-dev,1.91.4,US,2026-09-08,2
simba-uw-tf-dev,1.91.5,CN,2026-09-08,2
simba-uw-tf-dev,1.91.5,US,2026-09-08,2
simba-uw-tf-dev,1.91.6,CN,2026-09-08,2
simba-uw-tf-dev,1.91.6,US,2026-09-08,2
simba-uw-tf-dev,1.91.7,CN,2026-09-08,2
simba-uw-tf-dev,1.91.7,US,2026-09-08,2
simba-uw-tf-dev,1.91.8,CN,2026-09-08,2
simba-uw-tf-dev,1.91.8,US,2026-09-08,2
simba-uw-tf-dev,1.91.9,CN,2026-09-08,2
simba-uw-tf-dev,1.91.9,US,2026-09-08,2
simba-uw-tf-dev,1.92.1,CN,2026-09-08,2
simba-uw-tf-dev,1.92.1,US,2026-09-08,2
simba-uw-tf-dev,1.92.2,CN,2026-09-08,2
simba-uw-tf-dev,1.92.2,US,2026-09-08,2
simba-uw-tf-dev,1.92.3,CN,2026-09-08,2
simba-uw-tf-dev,1.92.3,US,2026-09-08,2
simba-uw-tf-dev,1.92.4,CN,2026-09-08,2
simba-uw-tf-dev,1.92.4,US,2026-09-08,2
simba-uw-tf-dev,1.92.5,CN,2026-09-08,2
simba-uw-tf-dev,1.92.5,US,2026-09-08,2
simba-uw-tf-dev,1.92.7,CN,2026-09-08,2
simba-uw-tf-dev,1.92.7,US,2026-09-08,2
simba-uw-tf-dev,1.92.8,CN,2026-09-08,2
simba-uw-tf-dev,1.92.8,US,2026-09-08,2
simba-uw-tf-dev,1.92.9,CN,2026-09-08,2
simba-uw-tf-dev,1.92.9,US,2026-09-08,2
simba-uw-tf-dev,1.93.1,CN,2026-09-08,2
simba-uw-tf-dev,1.93.1,US,2026-09-08,2
simba-uw-tf-dev,1.93.2,CN,2026-09-08,2
simba-uw-tf-dev,1.93.2,US,2026-09-08,2
simba-uw-tf-dev,1.93.3,CN,2026-09-08,2
simba-uw-tf-dev,1.93.3,US,2026-09-08,2
simba-uw-tf-dev,1.93.4,CN,2026-09-08,2
simba-uw-tf-dev,1.93.4,US,2026-09-08,2
simba-uw-tf-dev,1.93.5,CN,2026-09-08,2
simba-uw-tf-dev,1.93.5,US,2026-09-08,2
simba-uw-tf-dev,1.93.6,CN,2026-09-08,2
simba-uw-tf-dev,1.93.6,US,2026-09-08,2
simba-uw-tf-dev,1.93.7,CN,2026-09-08,2
simba-uw-tf-dev,1.93.7,US,2026-09-08,2
simba-uw-tf-dev,1.93.8,CN,2026-09-08,2
simba-uw-tf-dev,1.93.8,US,2026-09-08,2
simba-uw-tf-dev,1.93.9,CN,2026-09-08,2
simba-uw-tf-dev,1.93.9,US,2026-09-08,2
simba-uw-tf-dev,1.94.1,CN,2026-09-08,2
simba-uw-tf-dev,1.94.1,US,2026-09-08,2
simba-uw-tf-dev,1.94.2,CN,2026-09-08,2
simba-uw-tf-dev,1.94.2,US,2026-09-08,2
simba-uw-tf-dev,1.94.3,CN,2026-09-08,2
simba-uw-tf-dev,1.94.3,US,2026-09-08,2
simba-uw-tf-dev,1.94.4,CN,2026-09-08,2
simba-uw-tf-dev,1.94.4,US,2026-09-08,2
simba-uw-tf-dev,1.94.5,CN,2026-09-08,2
simba-uw-tf-dev,1.94.5,US,2026-09-08,2
simba-uw-tf-dev,1.94.6,CN,2026-09-08,2
simba-uw-tf-dev,1.94.6,US,2026-09-08,2
simba-uw-tf-dev,1.94.7,CN,2026-09-08,2
simba-uw-tf-dev,1.94.7,US,2026-09-08,2
simba-uw-tf-dev,1.94.8,CN,2026-09-08,2
simba-uw-tf-dev,1.94.8,US,2026-09-08,2
simba-uw-tf-dev,1.94.9,CN,2026-09-08,2
simba-uw-tf-dev,1.94.9,US,2026-09-08,2
simba-uw-tf-dev,1.95.1,CN,2026-09-08,2
simba-uw-tf-dev,1.95.1,US,2026-09-08,2
simba-uw-tf-dev,1.95.2,CN,2026-09-08,2
simba-uw-tf-dev,1.95.2,US,2026-09-08,2
simba-uw-tf-dev,1.95.3,CN,2026-09-08,1
simba-uw-tf-dev,1.95.3,US,2026-09-08,1
simba-uw-tf-dev,1.95.4,CN,2026-09-08,2
simba-uw-tf-dev,1.95.4,US,2026-09-08,2
simba-uw-tf-dev,1.95.5,CN,2026-09-08,2
simba-uw-tf-dev,1.95.5,US,2026-09-08,2
simba-uw-tf-dev,1.95.6,CN,2026-09-08,2
simba-uw-tf-dev,1.95.6,US,2026-09-08,2
simba-uw-tf-dev,1.95.7,CN,2026-09-08,2
simba-uw-tf-dev,1.95.7,DE,2026-09-08,2
simba-uw-tf-dev,1.95.7,US,2026-09-08,2
simba-uw-tf-dev,1.95.8,CN,2026-09-08,2
simba-uw-tf-dev,1.95.8,US,2026-09-08,2
simba-uw-tf-dev,1.95.9,CN,2026-09-08,2
simba-uw-tf-dev,1.95.9,US,2026-09-08,2
simba-uw-tf-dev,1.96.1,CN,2026-09-08,2
simba-uw-tf-dev,1.96.1,US,2026-09-08,2
simba-uw-tf-dev,1.96.2,CN,2026-09-08,2
simba-uw-tf-dev,1.96.2,US,2026-09-08,2
simba-uw-tf-dev,1.96.3,CN,2026-09-08,2
simba-uw-tf-dev,1.96.3,US,2026-09-08,2
simba-uw-tf-dev,1.96.4,CN,2026-09-08,2
simba-uw-tf-dev,1.96.4,US,2026-09-08,2
simba-uw-tf-dev,1.96.5,CN,2026-09-08,2
simba-uw-tf-dev,1.96.5,US,2026-09-08,2
simba-uw-tf-dev,1.96.6,CN,2026-09-08,2
simba-uw-tf-dev,1.96.6,US,2026-09-08,2
simba-uw-tf-dev,1.96.7,CN,2026-09-08,2
simba-uw-tf-dev,1.96.7,US,2026-09-08,2
simba-uw-tf-dev,1.96.8,CN,2026-09-08,2
simba-uw-tf-dev,1.96.8,US,2026-09-08,2
simba-uw-tf-dev,1.96.9,CN,2026-09-08,2
simba-uw-tf-dev,1.96.9,US,2026-09-08,2
simba-uw-tf-dev,1.97.1,CN,2026-09-08,2
simba-uw-tf-dev,1.97.1,US,2026-09-08,2
simba-uw-tf-dev,1.97.2,CN,2026-09-08,2
simba-uw-tf-dev,1.97.2,US,2026-09-08,2
simba-uw-tf-dev,1.97.3,CN,2026-09-08,2
simba-uw-tf-dev,1.97.3,US,2026-09-08,2
simba-uw-tf-dev,1.97.4,CN,2026-09-08,2
simba-uw-tf-dev,1.97.4,US,2026-09-08,2
simba-uw-tf-dev,1.97.5,CN,2026-09-08,2
simba-uw-tf-dev,1.97.5,US,2026-09-08,2
simba-uw-tf-dev,1.97.6,CN,2026-09-08,2
simba-uw-tf-dev,1.97.6,US,2026-09-08,2
simba-uw-tf-dev,1.97.7,CN,2026-09-08,2
simba-uw-tf-dev,1.97.7,US,2026-09-08,2
simba-uw-tf-dev,1.97.9,CN,2026-09-08,2
simba-uw-tf-dev,1.97.9,US,2026-09-08,2
simba-uw-tf-dev,1.98.1,CN,2026-09-08,2
simba-uw-tf-dev,1.98.1,US,2026-09-08,2
simba-uw-tf-dev,1.98.2,CN,2026-09-08,2
simba-uw-tf-dev,1.98.2,US,2026-09-08,2
simba-uw-tf-dev,1.98.3,CN,2026-09-08,2
simba-uw-tf-dev,1.98.3,US,2026-09-08,2
simba-uw-tf-dev,1.98.4,CN,2026-09-08,2
simba-uw-tf-dev,1.98.4,US,2026-09-08,2
simba-uw-tf-dev,1.98.5,CN,2026-09-08,2
simba-uw-tf-dev,1.98.5,US,2026-09-08,2
simba-uw-tf-dev,1.98.6,CN,2026-09-08,2
simba-uw-tf-dev,1.98.6,US,2026-09-08,2
simba-uw-tf-dev,1.98.7,CN,2026-09-08,2
simba-uw-tf-dev,1.98.7,US,2026-09-08,2
simba-uw-tf-dev,1.98.8,CN,2026-09-08,2
simba-uw-tf-dev,1.98.8,US,2026-09-08,2
simba-uw-tf-dev,1.98.9,CN,2026-09-08,2
simba-uw-tf-dev,1.98.9,US,2026-09-08,2
simba-uw-tf-dev,1.99.1,CN,2026-09-08,2
simba-uw-tf-dev,1.99.1,US,2026-09-08,2
simba-uw-tf-dev,1.99.2,CN,2026-09-08,2
simba-uw-tf-dev,1.99.2,US,2026-09-08,2
simba-uw-tf-dev,1.99.3,CN,2026-09-08,2
simba-uw-tf-dev,1.99.3,US,2026-09-08,2
simba-uw-tf-dev,1.99.4,CN,2026-09-08,2
simba-uw-tf-dev,1.99.4,US,2026-09-08,4
simba-uw-tf-dev,1.99.5,CN,2026-09-08,2
simba-uw-tf-dev,1.99.5,US,2026-09-08,2
simba-uw-tf-dev,1.99.6,CN,2026-09-08,2
simba-uw-tf-dev,1.99.6,US,2026-09-08,2
simba-uw-tf-dev,1.99.7,CN,2026-09-08,2
simba-uw-tf-dev,1.99.7,US,2026-09-08,2
simba-uw-tf-dev,1.99.8,CN,2026-09-08,2
simba-uw-tf-dev,1.99.8,US,2026-09-08,2
simba-uw-tf-dev,1.99.9,CN,2026-09-08,2
simba-uw-tf-dev,1.99.9,US,2026-09-08,2
simba-uw-tf-dev,2.0.1,CN,2026-09-08,2
simba-uw-tf-dev,2.0.1,US,2026-09-08,2
simba-uw-tf-dev,2.0.2,CN,2026-09-08,2
simba-uw-tf-dev,2.0.2,US,2026-09-08,3
simba-uw-tf-dev,2.0.3,CN,2026-09-08,2
simba-uw-tf-dev,2.0.3,US,2026-09-08,2
simba-uw-tf-dev,2.0.4,CN,2026-09-08,2
simba-uw-tf-dev,2.0.4,US,2026-09-08,2
simba-uw-tf-dev,2.0.5,CN,2026-09-08,2
simba-uw-tf-dev,2.0.5,US,2026-09-08,2
simba-uw-tf-dev,2.0.6,CN,2026-09-08,2
simba-uw-tf-dev,2.0.6,US,2026-09-08,2
simba-uw-tf-dev,2.0.7,CN,2026-09-08,2
simba-uw-tf-dev,2.0.7,US,2026-09-08,2
simba-uw-tf-dev,2.0.8,CN,2026-09-08,2
simba-uw-tf-dev,2.0.8,US,2026-09-08,2
simba-uw-tf-dev,2.0.9,CN,2026-09-08,2
simba-uw-tf-dev,2.0.9,US,2026-09-08,2
simba-uw-tf-dev,2.1.1,CN,2026-09-08,2
simba-uw-tf-dev,2.1.1,US,2026-09-08,2
simba-uw-tf-dev,2.1.2,CN,2026-09-08,2
simba-uw-tf-dev,2.1.2,US,2026-09-08,2
simba-uw-tf-dev,2.1.3,CN,2026-09-08,2
simba-uw-tf-dev,2.1.3,US,2026-09-08,2
simba-uw-tf-dev,2.1.4,CN,2026-09-08,2
simba-uw-tf-dev,2.1.4,US,2026-09-08,2
simba-uw-tf-dev,2.1.5,CN,2026-09-08,2
simba-uw-tf-dev,2.1.5,US,2026-09-08,2
simba-uw-tf-dev,2.1.6,CN,2026-09-08,2
simba-uw-tf-dev,2.1.6,US,2026-09-08,2
simba-uw-tf-dev,2.1.7,CN,2026-09-08,2
simba-uw-tf-dev,2.1.7,US,2026-09-08,2
simba-uw-tf-dev,2.1.8,CN,2026-09-08,2
simba-uw-tf-dev,2.1.8,US,2026-09-08,2
simba-uw-tf-dev,2.1.9,CN,2026-09-08,2
simba-uw-tf-dev,2.1.9,US,2026-09-08,2
simba-uw-tf-dev,2.2.1,CN,2026-09-08,2
simba-uw-tf-dev,2.2.1,US,2026-09-08,2
simba-uw-tf-dev,2.2.2,CN,2026-09-08,2
simba-uw-tf-dev,2.2.2,US,2026-09-08,2
simba-uw-tf-dev,2.2.3,CN,2026-09-08,2
simba-uw-tf-dev,2.2.3,US,2026-09-08,2
simba-uw-tf-dev,2.2.4,CN,2026-09-08,2
simba-uw-tf-dev,2.2.4,US,2026-09-08,2
simba-uw-tf-dev,2.2.7,CN,2026-09-08,2
simba-uw-tf-dev,2.2.7,US,2026-09-08,4
simba-uw-tf-dev,2.2.8,CN,2026-09-08,2
simba-uw-tf-dev,2.2.8,US,2026-09-08,2
simba-uw-tf-dev,2.2.9,CN,2026-09-08,2
simba-uw-tf-dev,2.2.9,US,2026-09-08,2
simba-uw-tf-dev,2.3.1,CN,2026-09-08,2
simba-uw-tf-dev,2.3.1,US,2026-09-08,2
simba-uw-tf-dev,2.3.2,CN,2026-09-08,2
simba-uw-tf-dev,2.3.2,US,2026-09-08,2
simba-uw-tf-dev,2.3.3,CN,2026-09-08,2
simba-uw-tf-dev,2.3.3,US,2026-09-08,2
simba-uw-tf-dev,2.3.4,CN,2026-09-08,2
simba-uw-tf-dev,2.3.4,US,2026-09-08,2
simba-uw-tf-dev,2.3.5,CN,2026-09-08,2
simba-uw-tf-dev,2.3.5,US,2026-09-08,2
simba-uw-tf-dev,2.3.6,CN,2026-09-08,2
simba-uw-tf-dev,2.3.6,US,2026-09-08,2
simba-uw-tf-dev,2.3.7,CN,2026-09-08,2
simba-uw-tf-dev,2.3.7,US,2026-09-08,2
simba-uw-tf-dev,2.3.8,CN,2026-09-08,2
simba-uw-tf-dev,2.3.8,US,2026-09-08,2
simba-uw-tf-dev,2.3.9,CN,2026-09-08,2
simba-uw-tf-dev,2.3.9,US,2026-09-08,2
simba-uw-tf-dev,2.4.1,CN,2026-09-08,2
simba-uw-tf-dev,2.4.1,US,2026-09-08,2
simba-uw-tf-dev,2.4.2,CN,2026-09-08,2
simba-uw-tf-dev,2.4.2,US,2026-09-08,2
simba-uw-tf-dev,2.4.3,CN,2026-09-08,2
simba-uw-tf-dev,2.4.3,US,2026-09-08,2
simba-uw-tf-dev,2.4.4,CN,2026-09-08,2
simba-uw-tf-dev,2.4.4,US,2026-09-08,2
simba-uw-tf-dev,2.4.5,CN,2026-09-08,2
simba-uw-tf-dev,2.4.5,US,2026-09-08,2
simba-uw-tf-dev,2.4.6,CN,2026-09-08,2
simba-uw-tf-dev,2.4.6,US,2026-09-08,2
simba-uw-tf-dev,2.4.7,CN,2026-09-08,2
simba-uw-tf-dev,2.4.7,US,2026-09-08,2
simba-uw-tf-dev,2.4.8,CN,2026-09-08,2
simba-uw-tf-dev,2.4.8,US,2026-09-08,2
simba-uw-tf-dev,2.4.9,CN,2026-09-08,2
simba-uw-tf-dev,2.4.9,US,2026-09-08,2
simba-uw-tf-dev,2.5.1,CN,2026-09-08,2
simba-uw-tf-dev,2.5.1,US,2026-09-08,2
simba-uw-tf-dev,2.5.2,CN,2026-09-08,2
simba-uw-tf-dev,2.5.2,US,2026-09-08,2
simba-uw-tf-dev,2.5.3,CN,2026-09-08,2
simba-uw-tf-dev,2.5.3,US,2026-09-08,2
simba-uw-tf-dev,2.5.4,CN,2026-09-08,2
simba-uw-tf-dev,2.5.4,US,2026-09-08,2
simba-uw-tf-dev,2.5.5,CN,2026-09-08,2
simba-uw-tf-dev,2.5.5,US,2026-09-08,1
simba-uw-tf-dev,2.5.6,CN,2026-09-08,2
simba-uw-tf-dev,2.5.6,US,2026-09-08,2
simba-uw-tf-dev,2.5.7,CN,2026-09-08,2
simba-uw-tf-dev,2.5.7,US,2026-09-08,2
simba-uw-tf-dev,2.5.8,CN,2026-09-08,2
simba-uw-tf-dev,2.5.8,US,2026-09-08,2
simba-uw-tf-dev,2.5.9,CN,2026-09-08,2
simba-uw-tf-dev,2.5.9,US,2026-09-08,2
simba-uw-tf-dev,2.6.1,CN,2026-09-08,2
simba-uw-tf-dev,2.6.1,US,2026-09-08,2
simba-uw-tf-dev,2.6.2,CN,2026-09-08,2
simba-uw-tf-dev,2.6.2,US,2026-09-08,2
simba-uw-tf-dev,2.6.3,CN,2026-09-08,2
simba-uw-tf-dev,2.6.3,US,2026-09-08,2
simba-uw-tf-dev,2.6.4,CN,2026-09-08,2
simba-uw-tf-dev,2.6.4,US,2026-09-08,2
simba-uw-tf-dev,2.6.5,CN,2026-09-08,2
simba-uw-tf-dev,2.6.5,GB,2026-09-08,1
simba-uw-tf-dev,2.6.5,US,2026-09-08,3
simba-uw-tf-dev,2.6.6,CN,2026-09-08,2
simba-uw-tf-dev,2.6.6,US,2026-09-08,2
simba-uw-tf-dev,2.6.7,CN,2026-09-08,2
simba-uw-tf-dev,2.6.7,US,2026-09-08,2
simba-uw-tf-dev,2.6.8,CN,2026-09-08,2
simba-uw-tf-dev,2.6.8,US,2026-09-08,2
simba-uw-tf-dev,2.6.9,CN,2026-09-08,2
simba-uw-tf-dev,2.6.9,US,2026-09-08,2
simba-uw-tf-dev,2.7.1,CN,2026-09-08,2
simba-uw-tf-dev,2.7.1,US,2026-09-08,2
simba-uw-tf-dev,2.7.2,CN,2026-09-08,2
simba-uw-tf-dev,2.7.2,US,2026-09-08,2
simba-uw-tf-dev,2.7.3,CN,2026-09-08,2
simba-uw-tf-dev,2.7.3,US,2026-09-08,2
simba-uw-tf-dev,2.7.4,CN,2026-09-08,2
simba-uw-tf-dev,2.7.4,US,2026-09-08,2
simba-uw-tf-dev,2.7.5,CN,2026-09-08,2
simba-uw-tf-dev,2.7.5,US,2026-09-08,2
simba-uw-tf-dev,2.7.6,CN,2026-09-08,2
simba-uw-tf-dev,2.7.6,US,2026-09-08,2
simba-uw-tf-dev,2.7.7,CN,2026-09-08,2
simba-uw-tf-dev,2.7.7,US,2026-09-08,2
simba-uw-tf-dev,2.7.8,CN,2026-09-08,2
simba-uw-tf-dev,2.7.8,US,2026-09-08,2
simba-uw-tf-dev,2.7.9,CN,2026-09-08,2
simba-uw-tf-dev,2.7.9,US,2026-09-08,2
simba-uw-tf-dev,2.8.1,CN,2026-09-08,2
simba-uw-tf-dev,2.8.1,US,2026-09-08,2
simba-uw-tf-dev,2.8.2,CN,2026-09-08,2
simba-uw-tf-dev,2.8.2,US,2026-09-08,2
simba-uw-tf-dev,2.8.3,CN,2026-09-08,2
simba-uw-tf-dev,2.8.3,US,2026-09-08,2
simba-uw-tf-dev,2.8.4,CN,2026-09-08,2
simba-uw-tf-dev,2.8.4,US,2026-09-08,2
simba-uw-tf-dev,2.8.5,CN,2026-09-08,2
simba-uw-tf-dev,2.8.5,US,2026-09-08,2
simba-uw-tf-dev,2.8.6,CN,2026-09-08,2
simba-uw-tf-dev,2.8.6,US,2026-09-08,2
simba-uw-tf-dev,2.8.7,CN,2026-09-08,2
simba-uw-tf-dev,2.8.7,US,2026-09-08,2
simba-uw-tf-dev,2.8.8,CN,2026-09-08,2
simba-uw-tf-dev,2.8.8,US,2026-09-08,2
simba-uw-tf-dev,2.8.9,CN,2026-09-08,2
simba-uw-tf-dev,2.8.9,US,2026-09-08,2
simba-uw-tf-dev,2.9.1,CN,2026-09-08,2
simba-uw-tf-dev,2.9.1,US,2026-09-08,2
simba-uw-tf-dev,2.9.2,CN,2026-09-08,2
simba-uw-tf-dev,2.9.2,US,2026-09-08,2
simba-uw-tf-dev,2.9.3,CN,2026-09-08,2
simba-uw-tf-dev,2.9.3,US,2026-09-08,2
simba-uw-tf-dev,2.9.4,CN,2026-09-08,2
simba-uw-tf-dev,2.9.4,US,2026-09-08,2
simba-uw-tf-dev,2.9.5,CN,2026-09-08,2
simba-uw-tf-dev,2.9.5,US,2026-09-08,2
simba-uw-tf-dev,2.9.6,CN,2026-09-08,2
simba-uw-tf-dev,2.9.6,US,2026-09-08,2
simba-uw-tf-dev,2.9.7,CN,2026-09-08,2
simba-uw-tf-dev,2.9.7,US,2026-09-08,2
simba-uw-tf-dev,2.9.8,CN,2026-09-08,2
simba-uw-tf-dev,2.9.8,US,2026-09-08,2
simba-uw-tf-dev,2.9.9,CN,2026-09-08,2
simba-uw-tf-dev,2.9.9,US,2026-09-08,2
simba-uw-tf-dev,3.0.1,CN,2026-09-08,2
simba-uw-tf-dev,3.0.1,US,2026-09-08,2
simba-uw-tf-dev,3.0.2,CN,2026-09-08,2
simba-uw-tf-dev,3.0.2,US,2026-09-08,2
simba-uw-tf-dev,3.0.3,CN,2026-09-08,2
simba-uw-tf-dev,3.0.3,US,2026-09-08,2
simba-uw-tf-dev,3.0.4,CN,2026-09-08,2
simba-uw-tf-dev,3.0.4,US,2026-09-08,2
simba-uw-tf-dev,3.0.5,CN,2026-09-08,2
simba-uw-tf-dev,3.0.5,US,2026-09-08,2
simba-uw-tf-dev,3.0.6,CN,2026-09-08,2
simba-uw-tf-dev,3.0.6,US,2026-09-08,2
simba-uw-tf-dev,3.0.7,CN,2026-09-08,2
simba-uw-tf-dev,3.0.7,US,2026-09-08,2
simba-uw-tf-dev,3.0.8,CN,2026-09-08,2
simba-uw-tf-dev,3.0.8,US,2026-09-08,2
simba-uw-tf-dev,3.0.9,CN,2026-09-08,2
simba-uw-tf-dev,3.0.9,US,2026-09-08,2
simba-uw-tf-dev,3.1.1,CN,2026-09-08,2
simba-uw-tf-dev,3.1.1,US,2026-09-08,2
simba-uw-tf-dev,3.1.2,CN,2026-09-08,2
simba-uw-tf-dev,3.1.2,US,2026-09-08,2
simba-uw-tf-dev,3.1.3,CN,2026-09-08,2
simba-uw-tf-dev,3.1.3,US,2026-09-08,2
simba-uw-tf-dev,3.1.4,CN,2026-09-08,2
simba-uw-tf-dev,3.1.4,US,2026-09-08,2
simba-uw-tf-dev,3.1.5,CN,2026-09-08,2
simba-uw-tf-dev,3.1.5,US,2026-09-08,2
simba-uw-tf-dev,3.1.6,CN,2026-09-08,2
simba-uw-tf-dev,3.1.6,US,2026-09-08,2
simba-uw-tf-dev,3.1.7,CN,2026-09-08,2
simba-uw-tf-dev,3.1.7,US,2026-09-08,2
simba-uw-tf-dev,3.1.8,CN,2026-09-08,2
simba-uw-tf-dev,3.1.8,US,2026-09-08,2
simba-uw-tf-dev,3.1.9,CN,2026-09-08,2
simba-uw-tf-dev,3.1.9,US,2026-09-08,2
simba-uw-tf-dev,3.2.1,CN,2026-09-08,2
simba-uw-tf-dev,3.2.1,US,2026-09-08,2
simba-uw-tf-dev,3.2.2,CN,2026-09-08,2
simba-uw-tf-dev,3.2.2,US,2026-09-08,2
simba-uw-tf-dev,3.2.3,CN,2026-09-08,2
simba-uw-tf-dev,3.2.3,US,2026-09-08,2
simba-uw-tf-dev,3.2.4,CN,2026-09-08,2
simba-uw-tf-dev,3.2.4,US,2026-09-08,2
simba-uw-tf-dev,3.2.5,CN,2026-09-08,2
simba-uw-tf-dev,3.2.5,US,2026-09-08,2
simba-uw-tf-dev,3.2.6,CN,2026-09-08,2
simba-uw-tf-dev,3.2.6,US,2026-09-08,2
simba-uw-tf-dev,3.2.7,CN,2026-09-08,2
simba-uw-tf-dev,3.2.7,US,2026-09-08,2
simba-uw-tf-dev,3.2.8,CN,2026-09-08,2
simba-uw-tf-dev,3.2.8,US,2026-09-08,2
simba-uw-tf-dev,3.2.9,CN,2026-09-08,2
simba-uw-tf-dev,3.2.9,TW,2026-09-08,1
simba-uw-tf-dev,3.2.9,US,2026-09-08,3
simba-uw-tf-dev,3.3.1,CN,2026-09-08,2
simba-uw-tf-dev,3.3.1,US,2026-09-08,2
simba-uw-tf-dev,3.3.2,CN,2026-09-08,2
simba-uw-tf-dev,3.3.2,US,2026-09-08,2
simba-uw-tf-dev,3.3.3,CN,2026-09-08,2
simba-uw-tf-dev,3.3.3,US,2026-09-08,2
simba-uw-tf-dev,3.3.6,CN,2026-09-08,2
simba-uw-tf-dev,3.3.6,US,2026-09-08,2
simba-uw-tf-dev,3.3.7,CN,2026-09-08,2
simba-uw-tf-dev,3.3.7,US,2026-09-08,2
simba-uw-tf-dev,3.3.8,CN,2026-09-08,2
simba-uw-tf-dev,3.3.8,US,2026-09-08,2
simba-uw-tf-dev,3.3.9,CN,2026-09-08,2
simba-uw-tf-dev,3.3.9,US,2026-09-08,2
simba-uw-tf-dev,3.4.1,CN,2026-09-08,2
simba-uw-tf-dev,3.4.1,US,2026-09-08,2
simba-uw-tf-dev,3.4.2,CN,2026-09-08,2
simba-uw-tf-dev,3.4.2,US,2026-09-08,2
simba-uw-tf-dev,3.4.3,CN,2026-09-08,2
simba-uw-tf-dev,3.4.3,US,2026-09-08,2
simba-uw-tf-dev,3.4.4,CN,2026-09-08,2
simba-uw-tf-dev,3.4.4,US,2026-09-08,2
simba-uw-tf-dev,3.4.5,CN,2026-09-08,2
simba-uw-tf-dev,3.4.5,US,2026-09-08,2
simba-uw-tf-dev,3.4.6,CN,2026-09-08,2
simba-uw-tf-dev,3.4.6,US,2026-09-08,2
simba-uw-tf-dev,3.4.7,CN,2026-09-08,2
simba-uw-tf-dev,3.4.7,US,2026-09-08,2
simba-uw-tf-dev,3.4.8,CN,2026-09-08,2
simba-uw-tf-dev,3.4.8,US,2026-09-08,2
simba-uw-tf-dev,3.4.9,CN,2026-09-08,2
simba-uw-tf-dev,3.4.9,US,2026-09-08,2
simba-uw-tf-dev,3.5.1,CN,2026-09-08,2
simba-uw-tf-dev,3.5.1,US,2026-09-08,2
simba-uw-tf-dev,3.5.2,CN,2026-09-08,2
simba-uw-tf-dev,3.5.2,US,2026-09-08,2
simba-uw-tf-dev,3.5.4,CN,2026-09-08,2
simba-uw-tf-dev,3.5.4,US,2026-09-08,2
simba-uw-tf-dev,3.5.5,CN,2026-09-08,2
simba-uw-tf-dev,3.5.5,US,2026-09-08,2
simba-uw-tf-dev,3.5.6,CN,2026-09-08,2
simba-uw-tf-dev,3.5.6,US,2026-09-08,2
simba-uw-tf-dev,3.5.7,CN,2026-09-08,2
simba-uw-tf-dev,3.5.7,US,2026-09-08,2
simba-uw-tf-dev,3.5.8,CN,2026-09-08,2
simba-uw-tf-dev,3.5.8,US,2026-09-08,2
simba-uw-tf-dev,3.5.9,CN,2026-09-08,2
simba-uw-tf-dev,3.5.9,US,2026-09-08,2
simba-uw-tf-dev,3.6.1,CN,2026-09-08,2
simba-uw-tf-dev,3.6.1,US,2026-09-08,2
simba-uw-tf-dev,3.6.2,CN,2026-09-08,2
simba-uw-tf-dev,3.6.2,US,2026-09-08,2
simba-uw-tf-dev,3.6.3,CN,2026-09-08,2
simba-uw-tf-dev,3.6.3,US,2026-09-08,2
simba-uw-tf-dev,3.6.4,CN,2026-09-08,2
simba-uw-tf-dev,3.6.4,US,2026-09-08,2
simba-uw-tf-dev,3.6.5,CN,2026-09-08,2
simba-uw-tf-dev,3.6.5,US,2026-09-08,2
simba-uw-tf-dev,3.6.6,CN,2026-09-08,2
simba-uw-tf-dev,3.6.6,US,2026-09-08,2
simba-uw-tf-dev,3.6.7,CN,2026-09-08,2
simba-uw-tf-dev,3.6.7,US,2026-09-08,2
simba-uw-tf-dev,3.6.8,CN,2026-09-08,2
simba-uw-tf-dev,3.6.8,US,2026-09-08,2
simba-uw-tf-dev,3.6.9,CN,2026-09-08,2
simba-uw-tf-dev,3.6.9,US,2026-09-08,2
simba-uw-tf-dev,3.7.1,CN,2026-09-08,2
simba-uw-tf-dev,3.7.1,US,2026-09-08,2
simba-uw-tf-dev,3.7.2,CN,2026-09-08,2
simba-uw-tf-dev,3.7.2,US,2026-09-08,2
simba-uw-tf-dev,3.7.3,CN,2026-09-08,2
simba-uw-tf-dev,3.7.3,US,2026-09-08,2
simba-uw-tf-dev,3.7.4,CN,2026-09-08,2
simba-uw-tf-dev,3.7.4,US,2026-09-08,2
simba-uw-tf-dev,3.7.5,CN,2026-09-08,2
simba-uw-tf-dev,3.7.5,US,2026-09-08,2
simba-uw-tf-dev,3.7.6,CN,2026-09-08,2
simba-uw-tf-dev,3.7.6,US,2026-09-08,2
simba-uw-tf-dev,3.7.7,CN,2026-09-08,2
simba-uw-tf-dev,3.7.7,US,2026-09-08,2
simba-uw-tf-dev,3.7.8,CN,2026-09-08,2
simba-uw-tf-dev,3.7.8,US,2026-09-08,2
simba-uw-tf-dev,3.7.9,CN,2026-09-08,2
simba-uw-tf-dev,3.7.9,US,2026-09-08,2
simba-uw-tf-dev,3.8.1,CN,2026-09-08,2
simba-uw-tf-dev,3.8.1,US,2026-09-08,2
simba-uw-tf-dev,3.8.2,CN,2026-09-08,2
simba-uw-tf-dev,3.8.2,US,2026-09-08,2
simba-uw-tf-dev,3.8.3,CN,2026-09-08,2
simba-uw-tf-dev,3.8.3,US,2026-09-08,2
simba-uw-tf-dev,3.8.4,CN,2026-09-08,2
simba-uw-tf-dev,3.8.4,US,2026-09-08,2
simba-uw-tf-dev,3.8.5,CN,2026-09-08,2
simba-uw-tf-dev,3.8.5,US,2026-09-08,2
simba-uw-tf-dev,3.8.6,CN,2026-09-08,2
simba-uw-tf-dev,3.8.6,US,2026-09-08,2
simba-uw-tf-dev,3.8.7,CN,2026-09-08,2
simba-uw-tf-dev,3.8.7,US,2026-09-08,2
simba-uw-tf-dev,3.8.8,CN,2026-09-08,2
simba-uw-tf-dev,3.8.8,US,2026-09-08,2
simba-uw-tf-dev,3.8.9,CN,2026-09-08,2
simba-uw-tf-dev,3.8.9,US,2026-09-08,2
simba-uw-tf-dev,3.9.2,CN,2026-09-08,2
simba-uw-tf-dev,3.9.2,US,2026-09-08,2
simba-uw-tf-dev,3.9.3,CN,2026-09-08,2
simba-uw-tf-dev,3.9.3,US,2026-09-08,2
simba-uw-tf-dev,3.9.4,CN,2026-09-08,2
simba-uw-tf-dev,3.9.4,US,2026-09-08,2
simba-uw-tf-dev,3.9.5,CN,2026-09-08,2
simba-uw-tf-dev,3.9.5,US,2026-09-08,2
simba-uw-tf-dev,3.9.6,CN,2026-09-08,2
simba-uw-tf-dev,3.9.6,US,2026-09-08,2
simba-uw-tf-dev,3.9.7,CN,2026-09-08,2
simba-uw-tf-dev,3.9.7,US,2026-09-08,2
simba-uw-tf-dev,3.9.8,CN,2026-09-08,2
simba-uw-tf-dev,3.9.8,US,2026-09-08,2
simba-uw-tf-dev,3.9.9,CN,2026-09-08,2
simba-uw-tf-dev,3.9.9,US,2026-09-08,2
simba-uw-tf-dev,4.0.1,CN,2026-09-08,2
simba-uw-tf-dev,4.0.1,US,2026-09-08,2
simba-uw-tf-dev,4.0.2,CN,2026-09-08,2
simba-uw-tf-dev,4.0.2,US,2026-09-08,2
simba-uw-tf-dev,4.0.3,CN,2026-09-08,2
simba-uw-tf-dev,4.0.3,US,2026-09-08,2
simba-uw-tf-dev,4.0.4,CN,2026-09-08,2
simba-uw-tf-dev,4.0.4,US,2026-09-08,2
simba-uw-tf-dev,4.0.5,CN,2026-09-08,2
simba-uw-tf-dev,4.0.5,US,2026-09-08,2
simba-uw-tf-dev,4.0.6,CN,2026-09-08,2
simba-uw-tf-dev,4.0.6,US,2026-09-08,2
simba-uw-tf-dev,4.0.7,CN,2026-09-08,2
simba-uw-tf-dev,4.0.7,US,2026-09-08,2
simba-uw-tf-dev,4.0.9,CN,2026-09-08,2
simba-uw-tf-dev,4.0.9,US,2026-09-08,2
simba-uw-tf-dev,4.1.1,CN,2026-09-08,2
simba-uw-tf-dev,4.1.1,US,2026-09-08,2
simba-uw-tf-dev,4.1.2,CN,2026-09-08,2
simba-uw-tf-dev,4.1.2,US,2026-09-08,2
simba-uw-tf-dev,4.1.3,CN,2026-09-08,2
simba-uw-tf-dev,4.1.3,US,2026-09-08,2
simba-uw-tf-dev,4.1.4,CN,2026-09-08,2
simba-uw-tf-dev,4.1.4,US,2026-09-08,2
simba-uw-tf-dev,4.1.5,CN,2026-09-08,2
simba-uw-tf-dev,4.1.5,US,2026-09-08,2
simba-uw-tf-dev,4.1.6,CN,2026-09-08,2
simba-uw-tf-dev,4.1.6,US,2026-09-08,2
simba-uw-tf-dev,4.1.7,CN,2026-09-08,2
simba-uw-tf-dev,4.1.7,US,2026-09-08,2
simba-uw-tf-dev,4.1.8,CN,2026-09-08,2
simba-uw-tf-dev,4.1.8,US,2026-09-08,2
simba-uw-tf-dev,4.1.9,CN,2026-09-08,2
simba-uw-tf-dev,4.1.9,US,2026-09-08,2
simba-uw-tf-dev,4.2.1,CN,2026-09-08,2
simba-uw-tf-dev,4.2.1,US,2026-09-08,2
simba-uw-tf-dev,4.2.2,CN,2026-09-08,2
simba-uw-tf-dev,4.2.2,US,2026-09-08,2
simba-uw-tf-dev,4.2.3,CN,2026-09-08,2
simba-uw-tf-dev,4.2.3,US,2026-09-08,2
simba-uw-tf-dev,4.2.4,CN,2026-09-08,2
simba-uw-tf-dev,4.2.4,US,2026-09-08,2
simba-uw-tf-dev,4.2.5,CN,2026-09-08,2
simba-uw-tf-dev,4.2.5,US,2026-09-08,2
simba-uw-tf-dev,4.2.6,CN,2026-09-08,2
simba-uw-tf-dev,4.2.6,US,2026-09-08,2
simba-uw-tf-dev,4.2.7,CN,2026-09-08,2
simba-uw-tf-dev,4.2.7,US,2026-09-08,2
simba-uw-tf-dev,4.2.8,CN,2026-09-08,2
simba-uw-tf-dev,4.2.8,US,2026-09-08,2
simba-uw-tf-dev,4.2.9,CN,2026-09-08,2
simba-uw-tf-dev,4.2.9,US,2026-09-08,2
simba-uw-tf-dev,4.3.1,CN,2026-09-08,2
simba-uw-tf-dev,4.3.1,US,2026-09-08,2
simba-uw-tf-dev,4.3.3,CN,2026-09-08,2
simba-uw-tf-dev,4.3.3,US,2026-09-08,2
simba-uw-tf-dev,4.3.4,CN,2026-09-08,2
simba-uw-tf-dev,4.3.4,US,2026-09-08,2
simba-uw-tf-dev,4.3.5,CN,2026-09-08,2
simba-uw-tf-dev,4.3.5,US,2026-09-08,2
simba-uw-tf-dev,4.3.6,CN,2026-09-08,2
simba-uw-tf-dev,4.3.6,US,2026-09-08,2
simba-uw-tf-dev,4.3.7,CN,2026-09-08,2
simba-uw-tf-dev,4.3.7,US,2026-09-08,2
simba-uw-tf-dev,4.3.8,CN,2026-09-08,2
simba-uw-tf-dev,4.3.8,US,2026-09-08,2
simba-uw-tf-dev,4.3.9,CN,2026-09-08,2
simba-uw-tf-dev,4.3.9,US,2026-09-08,2
simba-uw-tf-dev,4.4.1,CN,2026-09-08,2
simba-uw-tf-dev,4.4.1,TW,2026-09-08,1
simba-uw-tf-dev,4.4.1,US,2026-09-08,3
simba-uw-tf-dev,4.4.2,CN,2026-09-08,2
simba-uw-tf-dev,4.4.2,US,2026-09-08,2
simba-uw-tf-dev,4.4.3,CN,2026-09-08,2
simba-uw-tf-dev,4.4.3,US,2026-09-08,2
simba-uw-tf-dev,4.4.4,CN,2026-09-08,2
simba-uw-tf-dev,4.4.4,US,2026-09-08,2
simba-uw-tf-dev,4.4.5,CN,2026-09-08,2
simba-uw-tf-dev,4.4.5,US,2026-09-08,2
simba-uw-tf-dev,4.4.6,CN,2026-09-08,2
simba-uw-tf-dev,4.4.6,US,2026-09-08,2
simba-uw-tf-dev,4.4.7,CN,2026-09-08,2
simba-uw-tf-dev,4.4.7,US,2026-09-08,2
simba-uw-tf-dev,4.4.8,CN,2026-09-08,2
simba-uw-tf-dev,4.4.8,US,2026-09-08,2
simba-uw-tf-dev,4.4.9,CN,2026-09-08,2
simba-uw-tf-dev,4.4.9,US,2026-09-08,2
simba-uw-tf-dev,4.5.1,CN,2026-09-08,2
simba-uw-tf-dev,4.5.1,US,2026-09-08,2
simba-uw-tf-dev,4.5.2,CN,2026-09-08,2
simba-uw-tf-dev,4.5.2,US,2026-09-08,2
simba-uw-tf-dev,4.5.3,CN,2026-09-08,2
simba-uw-tf-dev,4.5.3,US,2026-09-08,2
simba-uw-tf-dev,4.5.4,CN,2026-09-08,2
simba-uw-tf-dev,4.5.4,US,2026-09-08,2
simba-uw-tf-dev,4.5.5,CN,2026-09-08,2
simba-uw-tf-dev,4.5.5,US,2026-09-08,2
simba-uw-tf-dev,4.5.6,CN,2026-09-08,2
simba-uw-tf-dev,4.5.6,US,2026-09-08,2
simba-uw-tf-dev,4.5.7,CN,2026-09-08,2
simba-uw-tf-dev,4.5.7,US,2026-09-08,2
simba-uw-tf-dev,4.5.8,CN,2026-09-08,2
simba-uw-tf-dev,4.5.8,US,2026-09-08,2
simba-uw-tf-dev,4.5.9,CN,2026-09-08,2
simba-uw-tf-dev,4.5.9,US,2026-09-08,2
simba-uw-tf-dev,4.6.1,CN,2026-09-08,2
simba-uw-tf-dev,4.6.1,US,2026-09-08,2
simba-uw-tf-dev,4.6.2,CN,2026-09-08,2
simba-uw-tf-dev,4.6.2,US,2026-09-08,2
simba-uw-tf-dev,4.6.3,CN,2026-09-08,2
simba-uw-tf-dev,4.6.3,US,2026-09-08,2
simba-uw-tf-dev,4.6.4,CN,2026-09-08,2
simba-uw-tf-dev,4.6.4,US,2026-09-08,2
simba-uw-tf-dev,4.6.6,CN,2026-09-08,2
simba-uw-tf-dev,4.6.6,US,2026-09-08,2
simba-uw-tf-dev,4.6.7,CN,2026-09-08,2
simba-uw-tf-dev,4.6.7,US,2026-09-08,2
simba-uw-tf-dev,4.6.8,CN,2026-09-08,2
simba-uw-tf-dev,4.6.8,US,2026-09-08,2
simba-uw-tf-dev,4.6.9,CN,2026-09-08,2
simba-uw-tf-dev,4.6.9,US,2026-09-08,2
simba-uw-tf-dev,4.7.1,CN,2026-09-08,2
simba-uw-tf-dev,4.7.1,US,2026-09-08,2
simba-uw-tf-dev,4.7.2,CN,2026-09-08,2
simba-uw-tf-dev,4.7.2,US,2026-09-08,2
simba-uw-tf-dev,4.7.3,CN,2026-09-08,2
simba-uw-tf-dev,4.7.3,US,2026-09-08,2
simba-uw-tf-dev,4.7.4,CN,2026-09-08,2
simba-uw-tf-dev,4.7.4,US,2026-09-08,2
simba-uw-tf-dev,4.7.5,CN,2026-09-08,2
simba-uw-tf-dev,4.7.5,US,2026-09-08,2
simba-uw-tf-dev,4.7.6,CN,2026-09-08,2
simba-uw-tf-dev,4.7.6,US,2026-09-08,2
simba-uw-tf-dev,4.7.7,CN,2026-09-08,2
simba-uw-tf-dev,4.7.7,US,2026-09-08,2
simba-uw-tf-dev,4.7.8,CN,2026-09-08,2
simba-uw-tf-dev,4.7.8,US,2026-09-08,2
simba-uw-tf-dev,4.7.9,CN,2026-09-08,2
simba-uw-tf-dev,4.7.9,US,2026-09-08,2
simba-uw-tf-dev,4.8.1,CN,2026-09-08,2
simba-uw-tf-dev,4.8.1,US,2026-09-08,2
simba-uw-tf-dev,4.8.2,CN,2026-09-08,2
simba-uw-tf-dev,4.8.2,US,2026-09-08,2
simba-uw-tf-dev,4.8.3,CN,2026-09-08,2
simba-uw-tf-dev,4.8.3,US,2026-09-08,2
simba-uw-tf-dev,4.8.4,CN,2026-09-08,2
simba-uw-tf-dev,4.8.4,US,2026-09-08,2
simba-uw-tf-dev,4.8.5,CN,2026-09-08,2
simba-uw-tf-dev,4.8.5,US,2026-09-08,2
simba-uw-tf-dev,4.8.6,CN,2026-09-08,2
simba-uw-tf-dev,4.8.6,US,2026-09-08,2
simba-uw-tf-dev,4.8.7,CN,2026-09-08,2
simba-uw-tf-dev,4.8.7,US,2026-09-08,2
simba-uw-tf-dev,4.8.8,CN,2026-09-08,2
simba-uw-tf-dev,4.8.8,US,2026-09-08,2
simba-uw-tf-dev,4.8.9,CN,2026-09-08,2
simba-uw-tf-dev,4.8.9,US,2026-09-08,2
simba-uw-tf-dev,4.9.1,CN,2026-09-08,2
simba-uw-tf-dev,4.9.1,US,2026-09-08,2
simba-uw-tf-dev,4.9.2,CN,2026-09-08,2
simba-uw-tf-dev,4.9.2,US,2026-09-08,2
simba-uw-tf-dev,4.9.3,CN,2026-09-08,2
simba-uw-tf-dev,4.9.3,US,2026-09-08,2
simba-uw-tf-dev,4.9.4,CN,2026-09-08,2
simba-uw-tf-dev,4.9.4,US,2026-09-08,2
simba-uw-tf-dev,4.9.5,CN,2026-09-08,2
simba-uw-tf-dev,4.9.5,US,2026-09-08,2
simba-uw-tf-dev,4.9.6,CN,2026-09-08,2
simba-uw-tf-dev,4.9.6,US,2026-09-08,2
simba-uw-tf-dev,4.9.7,CN,2026-09-08,2
simba-uw-tf-dev,4.9.7,US,2026-09-08,2
simba-uw-tf-dev,4.9.8,CN,2026-09-08,2
simba-uw-tf-dev,4.9.8,US,2026-09-08,2
simba-uw-tf-dev,4.9.9,CN,2026-09-08,2
simba-uw-tf-dev,4.9.9,JP,2026-09-08,1
simba-uw-tf-dev,4.9.9,US,2026-09-08,4
simba-uw-tf-dev,5.1.1,CN,2026-09-08,2
simba-uw-tf-dev,5.1.1,US,2026-09-08,2
simba-uw-tf-dev,5.1.2,CN,2026-09-08,2
simba-uw-tf-dev,5.1.2,US,2026-09-08,2
simba-uw-tf-dev,5.1.3,CN,2026-09-08,2
simba-uw-tf-dev,5.1.3,US,2026-09-08,2
simba-uw-tf-dev,5.1.4,CN,2026-09-08,2
simba-uw-tf-dev,5.1.4,US,2026-09-08,2
simba-uw-tf-dev,5.1.5,CN,2026-09-08,2
simba-uw-tf-dev,5.1.5,US,2026-09-08,2
simba-uw-tf-dev,5.1.6,CN,2026-09-08,2
simba-uw-tf-dev,5.1.6,US,2026-09-08,2
simba-uw-tf-dev,5.1.7,CN,2026-09-08,2
simba-uw-tf-dev,5.1.7,US,2026-09-08,2
simba-uw-tf-dev,5.1.8,CN,2026-09-08,2
simba-uw-tf-dev,5.1.8,US,2026-09-08,2
simba-uw-tf-dev,5.1.9,CN,2026-09-08,2
simba-uw-tf-dev,5.1.9,US,2026-09-08,2
simba-uw-tf-dev,5.2.1,CN,2026-09-08,2
simba-uw-tf-dev,5.2.1,US,2026-09-08,2
simba-uw-tf-dev,5.2.2,CN,2026-09-08,2
simba-uw-tf-dev,5.2.2,US,2026-09-08,2
simba-uw-tf-dev,5.2.3,CN,2026-09-08,2
simba-uw-tf-dev,5.2.3,US,2026-09-08,2
simba-uw-tf-dev,5.2.4,CN,2026-09-08,2
simba-uw-tf-dev,5.2.4,US,2026-09-08,2
simba-uw-tf-dev,5.2.5,CN,2026-09-08,2
simba-uw-tf-dev,5.2.5,US,2026-09-08,2
simba-uw-tf-dev,5.2.6,CN,2026-09-08,2
simba-uw-tf-dev,5.2.6,SG,2026-09-08,1
simba-uw-tf-dev,5.2.6,US,2026-09-08,3
simba-uw-tf-dev,5.2.7,CN,2026-09-08,2
simba-uw-tf-dev,5.2.7,US,2026-09-08,2
simba-uw-tf-dev,5.2.8,CN,2026-09-08,2
simba-uw-tf-dev,5.2.8,US,2026-09-08,2
simba-uw-tf-dev,5.2.9,CN,2026-09-08,2
simba-uw-tf-dev,5.2.9,US,2026-09-08,2
simba-uw-tf-dev,5.3.1,CN,2026-09-08,2
simba-uw-tf-dev,5.3.1,US,2026-09-08,2
simba-uw-tf-dev,5.3.2,CN,2026-09-08,2
simba-uw-tf-dev,5.3.2,US,2026-09-08,2
simba-uw-tf-dev,5.3.3,AT,2026-09-08,1
simba-uw-tf-dev,5.3.3,CN,2026-09-08,1
simba-uw-tf-dev,5.3.3,US,2026-09-08,1
simba-uw-tf-dev,5.3.4,AT,2026-09-08,2
simba-uw-tf-dev,5.3.4,CN,2026-09-08,2
simba-uw-tf-dev,5.3.4,US,2026-09-08,2
simba-uw-tf-dev,5.3.5,CN,2026-09-08,2
simba-uw-tf-dev,5.3.5,US,2026-09-08,2
simba-uw-tf-dev,5.3.6,CN,2026-09-08,2
simba-uw-tf-dev,5.3.6,US,2026-09-08,2
simba-uw-tf-dev,5.3.7,CN,2026-09-08,2
simba-uw-tf-dev,5.3.7,US,2026-09-08,2
simba-uw-tf-dev,5.3.8,CN,2026-09-08,2
simba-uw-tf-dev,5.3.8,US,2026-09-08,2
simba-uw-tf-dev,5.3.9,CN,2026-09-08,2
simba-uw-tf-dev,5.3.9,US,2026-09-08,2
simba-uw-tf-dev,5.4.1,CN,2026-09-08,2
simba-uw-tf-dev,5.4.1,US,2026-09-08,2
simba-uw-tf-dev,5.4.2,CN,2026-09-08,2
simba-uw-tf-dev,5.4.2,US,2026-09-08,2
simba-uw-tf-dev,5.4.3,CN,2026-09-08,2
simba-uw-tf-dev,5.4.3,US,2026-09-08,2
simba-uw-tf-dev,5.4.4,CN,2026-09-08,2
simba-uw-tf-dev,5.4.4,US,2026-09-08,2
simba-uw-tf-dev,5.4.5,CN,2026-09-08,2
simba-uw-tf-dev,5.4.5,US,2026-09-08,2
simba-uw-tf-dev,5.4.6,CN,2026-09-08,2
simba-uw-tf-dev,5.4.6,US,2026-09-08,2
simba-uw-tf-dev,5.4.7,CN,2026-09-08,2
simba-uw-tf-dev,5.4.7,US,2026-09-08,2
simba-uw-tf-dev,5.4.8,CN,2026-09-08,2
simba-uw-tf-dev,5.4.8,US,2026-09-08,2
simba-uw-tf-dev,5.4.9,CN,2026-09-08,2
simba-uw-tf-dev,5.4.9,US,2026-09-08,2
simba-uw-tf-dev,5.5.1,CN,2026-09-08,2
simba-uw-tf-dev,5.5.1,SG,2026-09-08,2
simba-uw-tf-dev,5.5.1,US,2026-09-08,2
simba-uw-tf-dev,5.5.2,CA,2026-09-08,2
simba-uw-tf-dev,5.5.2,CN,2026-09-08,2
simba-uw-tf-dev,5.5.2,SG,2026-09-08,2
simba-uw-tf-dev,5.5.2,US,2026-09-08,2
simba-uw-tf-dev,5.5.3,CA,2026-09-08,3
simba-uw-tf-dev,5.5.3,CN,2026-09-08,2
simba-uw-tf-dev,5.5.3,SG,2026-09-08,2
simba-uw-tf-dev,5.5.3,US,2026-09-08,2
simba-uw-tf-dev,5.5.4,CA,2026-09-08,4
simba-uw-tf-dev,5.5.4,CN,2026-09-08,2
simba-uw-tf-dev,5.5.4,SG,2026-09-08,2
simba-uw-tf-dev,5.5.4,US,2026-09-08,2
simba-uw-tf-dev,5.5.5,CA,2026-09-08,4
simba-uw-tf-dev,5.5.5,CN,2026-09-08,2
simba-uw-tf-dev,5.5.5,NL,2026-09-08,2
simba-uw-tf-dev,5.5.5,SG,2026-09-08,2
simba-uw-tf-dev,5.5.5,US,2026-09-08,4
simba-uw-tf-dev,5.5.6,AE,2026-09-08,2
simba-uw-tf-dev,5.5.6,CA,2026-09-08,3
simba-uw-tf-dev,5.5.6,CN,2026-09-08,2
simba-uw-tf-dev,5.5.6,DE,2026-09-08,2
simba-uw-tf-dev,5.5.6,HK,2026-09-08,1
simba-uw-tf-dev,5.5.6,JP,2026-09-08,1
simba-uw-tf-dev,5.5.6,NL,2026-09-08,2
simba-uw-tf-dev,5.5.6,PH,2026-09-08,1
simba-uw-tf-dev,5.5.6,SG,2026-09-08,2
simba-uw-tf-dev,5.5.6,US,2026-09-08,9
simba-uw-tf-dev,0.47,US,2026-09-07,1
simba-uw-tf-dev,0.58,US,2026-09-07,1
simba-uw-tf-dev,0.76.3,HK,2026-09-07,1
simba-uw-tf-dev,0.76.8,US,2026-09-07,3
simba-uw-tf-dev,0.77,US,2026-09-07,3
simba-uw-tf-dev,0.78.3,US,2026-09-07,3
simba-uw-tf-dev,0.80.3,US,2026-09-07,3
simba-uw-tf-dev,0.81.2,US,2026-09-07,3
simba-uw-tf-dev,0.82.1,US,2026-09-07,1
simba-uw-tf-dev,0.83.3,US,2026-09-07,3
simba-uw-tf-dev,0.84.8,HK,2026-09-07,1
simba-uw-tf-dev,0.85.4,US,2026-09-07,1
simba-uw-tf-dev,0.89.8,US,2026-09-07,1
simba-uw-tf-dev,0.92.0,US,2026-09-07,1
simba-uw-tf-dev,0.92.4,US,2026-09-07,2
simba-uw-tf-dev,0.98.2,US,2026-09-07,1
simba-uw-tf-dev,0.98.5,US,2026-09-07,1
simba-uw-tf-dev,0.99.6,SG,2026-09-07,1
simba-uw-tf-dev,1.0.2,US,2026-09-07,1
simba-uw-tf-dev,1.2.9,US,2026-09-07,1
simba-uw-tf-dev,1.22.4,US,2026-09-07,4
simba-uw-tf-dev,1.2222.22222,US,2026-09-07,4
simba-uw-tf-dev,1.30.4,US,2026-09-07,4
simba-uw-tf-dev,1.31.8,US,2026-09-07,1
simba-uw-tf-dev,1.33.1,US,2026-09-07,4
simba-uw-tf-dev,1.4.0,US,2026-09-07,3
simba-uw-tf-dev,1.40.0,TW,2026-09-07,1
simba-uw-tf-dev,1.40.0,US,2026-09-07,1
simba-uw-tf-dev,1.51.1,US,2026-09-07,4
simba-uw-tf-dev,1.51.6,TW,2026-09-07,1
simba-uw-tf-dev,1.51.6,US,2026-09-07,1
simba-uw-tf-dev,1.53.4,US,2026-09-07,1
simba-uw-tf-dev,1.53.8,US,2026-09-07,1
simba-uw-tf-dev,1.54.4,US,2026-09-07,2
simba-uw-tf-dev,1.54.7,SG,2026-09-07,1
simba-uw-tf-dev,1.54.7,US,2026-09-07,1
simba-uw-tf-dev,1.56.4,HK,2026-09-07,1
simba-uw-tf-dev,1.56.7,SE,2026-09-07,1
simba-uw-tf-dev,1.58.1,US,2026-09-07,2
simba-uw-tf-dev,1.60.1,US,2026-09-07,1
simba-uw-tf-dev,1.61.3,HK,2026-09-07,1
simba-uw-tf-dev,1.61.8,HK,2026-09-07,1
simba-uw-tf-dev,1.61.8,US,2026-09-07,1
simba-uw-tf-dev,1.62.1,US,2026-09-07,3
simba-uw-tf-dev,1.62.6,US,2026-09-07,1
simba-uw-tf-dev,1.63.7,US,2026-09-07,3
simba-uw-tf-dev,1.64.8,US,2026-09-07,2
simba-uw-tf-dev,1.71.2,US,2026-09-07,3
simba-uw-tf-dev,1.72.1,US,2026-09-07,2
simba-uw-tf-dev,1.72.3,US,2026-09-07,3
simba-uw-tf-dev,1.73.3,US,2026-09-07,3
simba-uw-tf-dev,1.75.3,US,2026-09-07,1
simba-uw-tf-dev,1.76.6,US,2026-09-07,4
simba-uw-tf-dev,1.79.7,US,2026-09-07,4
simba-uw-tf-dev,1.80.3,US,2026-09-07,2
simba-uw-tf-dev,1.81.7,US,2026-09-07,6
simba-uw-tf-dev,1.82.3,US,2026-09-07,4
simba-uw-tf-dev,1.82.8,US,2026-09-07,1
simba-uw-tf-dev,1.83.1,SE,2026-09-07,1
simba-uw-tf-dev,1.83.5,US,2026-09-07,1
simba-uw-tf-dev,1.83.6,US,2026-09-07,1
simba-uw-tf-dev,1.84.7,TW,2026-09-07,1
simba-uw-tf-dev,1.84.7,US,2026-09-07,1
simba-uw-tf-dev,1.85.5,TW,2026-09-07,1
simba-uw-tf-dev,1.85.5,US,2026-09-07,1
simba-uw-tf-dev,1.86.6,US,2026-09-07,4
simba-uw-tf-dev,1.88.9,US,2026-09-07,3
simba-uw-tf-dev,1.90.1,US,2026-09-07,2
simba-uw-tf-dev,1.91.5,US,2026-09-07,3
simba-uw-tf-dev,1.93.7,TW,2026-09-07,1
simba-uw-tf-dev,1.93.7,US,2026-09-07,1
simba-uw-tf-dev,1.94.4,US,2026-09-07,3
simba-uw-tf-dev,1.95.5,US,2026-09-07,3
simba-uw-tf-dev,1.96.6,US,2026-09-07,2
simba-uw-tf-dev,1.98.8,US,2026-09-07,2
simba-uw-tf-dev,1.99.2,TW,2026-09-07,1
simba-uw-tf-dev,1.99.2,US,2026-09-07,1
simba-uw-tf-dev,1.99.5,US,2026-09-07,5
simba-uw-tf-dev,2.1.2,US,2026-09-07,4
simba-uw-tf-dev,2.2.1,US,2026-09-07,2
simba-uw-tf-dev,2.2.2,US,2026-09-07,4
simba-uw-tf-dev,2.2.8,US,2026-09-07,4
simba-uw-tf-dev,2.3.5,HK,2026-09-07,1
simba-uw-tf-dev,2.3.5,US,2026-09-07,1
simba-uw-tf-dev,2.3.7,US,2026-09-07,4
simba-uw-tf-dev,2.4.6,US,2026-09-07,2
simba-uw-tf-dev,2.4.8,US,2026-09-07,4
simba-uw-tf-dev,2.7.6,US,2026-09-07,2
simba-uw-tf-dev,2.8.2,US,2026-09-07,2
simba-uw-tf-dev,2.9.8,US,2026-09-07,2
simba-uw-tf-dev,3.1.9,TW,2026-09-07,1
simba-uw-tf-dev,3.1.9,US,2026-09-07,1
simba-uw-tf-dev,3.2.1,US,2026-09-07,3
simba-uw-tf-dev,3.6.2,HK,2026-09-07,1
simba-uw-tf-dev,3.6.2,US,2026-09-07,1
simba-uw-tf-dev,3.6.4,FR,2026-09-07,1
simba-uw-tf-dev,3.6.4,US,2026-09-07,1
simba-uw-tf-dev,3.7.8,DE,2026-09-07,1
simba-uw-tf-dev,3.7.8,US,2026-09-07,1
simba-uw-tf-dev,3.8.4,US,2026-09-07,1
simba-uw-tf-dev,3.8.7,US,2026-09-07,1
simba-uw-tf-dev,3.9.6,US,2026-09-07,2
simba-uw-tf-dev,4.1.7,US,2026-09-07,1
simba-uw-tf-dev,4.2.6,DE,2026-09-07,1
simba-uw-tf-dev,4.2.6,US,2026-09-07,1
simba-uw-tf-dev,4.7.7,US,2026-09-07,2
simba-uw-tf-dev,4.8.2,US,2026-09-07,1
simba-uw-tf-dev,4.9.1,TW,2026-09-07,1
simba-uw-tf-dev,4.9.1,US,2026-09-07,1
simba-uw-tf-dev,5.1.9,US,2026-09-07,2
simba-uw-tf-dev,5.3.2,US,2026-09-07,1
simba-uw-tf-dev,5.3.5,AT,2026-09-07,2
simba-uw-tf-dev,5.3.6,AT,2026-09-07,2
simba-uw-tf-dev,5.4.4,IE,2026-09-07,1
simba-uw-tf-dev,5.4.6,IL,2026-09-07,1
simba-uw-tf-dev,5.4.8,TW,2026-09-07,1
simba-uw-tf-dev,5.4.8,US,2026-09-07,1
simba-uw-tf-dev,5.5.2,TW,2026-09-07,2
simba-uw-tf-dev,5.5.3,TW,2026-09-07,2
simba-uw-tf-dev,5.5.4,TW,2026-09-07,3
simba-uw-tf-dev,5.5.4,US,2026-09-07,1
simba-uw-tf-dev,5.5.5,NL,2026-09-07,1
simba-uw-tf-dev,5.5.5,TW,2026-09-07,2
simba-uw-tf-dev,5.5.5,US,2026-09-07,3
simba-uw-tf-dev,5.5.6,DE,2026-09-07,2
simba-uw-tf-dev,5.5.6,GB,2026-09-07,2
simba-uw-tf-dev,5.5.6,IL,2026-09-07,1
simba-uw-tf-dev,5.5.6,NL,2026-09-07,2
simba-uw-tf-dev,5.5.6,TN,2026-09-07,1
simba-uw-tf-dev,5.5.6,TW,2026-09-07,2
simba-uw-tf-dev,5.5.6,US,2026-09-07,18
simba-uw-tf-dev,0.78.6,US,2026-09-06,1
simba-uw-tf-dev,1.53.6,US,2026-09-06,1
simba-uw-tf-dev,1.60.7,US,2026-09-06,1
simba-uw-tf-dev,1.82.1,US,2026-09-06,1
simba-uw-tf-dev,1.87.4,US,2026-09-06,1
simba-uw-tf-dev,1.87.5,US,2026-09-06,2
simba-uw-tf-dev,1.95.6,DE,2026-09-06,2
simba-uw-tf-dev,4.8.4,US,2026-09-06,1
simba-uw-tf-dev,5.3.7,AT,2026-09-06,2
simba-uw-tf-dev,5.4.5,US,2026-09-06,2
simba-uw-tf-dev,5.4.7,US,2026-09-06,2
simba-uw-tf-dev,5.4.8,KR,2026-09-06,2
simba-uw-tf-dev,5.4.9,KR,2026-09-06,2
simba-uw-tf-dev,5.5.1,KR,2026-09-06,2
simba-uw-tf-dev,5.5.1,US,2026-09-06,2
simba-uw-tf-dev,5.5.2,KR,2026-09-06,2
simba-uw-tf-dev,5.5.3,KR,2026-09-06,2
simba-uw-tf-dev,5.5.3,US,2026-09-06,2
simba-uw-tf-dev,5.5.4,KR,2026-09-06,2
simba-uw-tf-dev,5.5.4,US,2026-09-06,10
simba-uw-tf-dev,5.5.5,KR,2026-09-06,2
simba-uw-tf-dev,5.5.5,US,2026-09-06,4
simba-uw-tf-dev,5.5.6,AU,2026-09-06,1
simba-uw-tf-dev,5.5.6,IT,2026-09-06,1
simba-uw-tf-dev,5.5.6,KR,2026-09-06,2
simba-uw-tf-dev,5.5.6,NO,2026-09-06,2
simba-uw-tf-dev,5.5.6,US,2026-09-06,12
simba-uw-tf-dev,0.85.6,US,2026-09-05,1
simba-uw-tf-dev,0.91.3,US,2026-09-05,1
simba-uw-tf-dev,0.96.1,US,2026-09-05,1
simba-uw-tf-dev,1.72.1,US,2026-09-05,1
simba-uw-tf-dev,1.72.3,US,2026-09-05,2
simba-uw-tf-dev,1.95.3,US,2026-09-05,1
simba-uw-tf-dev,2.6.4,US,2026-09-05,1
simba-uw-tf-dev,3.8.4,US,2026-09-05,1
simba-uw-tf-dev,5.1.7,CN,2026-09-05,2
simba-uw-tf-dev,5.1.8,CN,2026-09-05,2
simba-uw-tf-dev,5.1.9,CN,2026-09-05,2
simba-uw-tf-dev,5.2.1,CN,2026-09-05,2
simba-uw-tf-dev,5.2.2,CN,2026-09-05,2
simba-uw-tf-dev,5.2.3,CN,2026-09-05,2
simba-uw-tf-dev,5.2.4,CN,2026-09-05,2
simba-uw-tf-dev,5.2.5,CN,2026-09-05,2
simba-uw-tf-dev,5.2.6,CN,2026-09-05,2
simba-uw-tf-dev,5.2.7,CN,2026-09-05,2
simba-uw-tf-dev,5.2.8,CN,2026-09-05,2
simba-uw-tf-dev,5.2.9,CN,2026-09-05,2
simba-uw-tf-dev,5.3.1,CN,2026-09-05,2
simba-uw-tf-dev,5.3.2,CN,2026-09-05,2
simba-uw-tf-dev,5.3.3,CN,2026-09-05,1
simba-uw-tf-dev,5.3.4,CN,2026-09-05,2
simba-uw-tf-dev,5.3.5,CN,2026-09-05,2
simba-uw-tf-dev,5.3.6,CN,2026-09-05,2
simba-uw-tf-dev,5.3.7,CN,2026-09-05,2
simba-uw-tf-dev,5.3.8,AT,2026-09-05,2
simba-uw-tf-dev,5.3.8,CN,2026-09-05,2
simba-uw-tf-dev,5.3.9,CN,2026-09-05,2
simba-uw-tf-dev,5.4.1,CN,2026-09-05,2
simba-uw-tf-dev,5.4.2,CN,2026-09-05,2
simba-uw-tf-dev,5.4.2,US,2026-09-05,1
simba-uw-tf-dev,5.4.3,CN,2026-09-05,2
simba-uw-tf-dev,5.4.4,CN,2026-09-05,2
simba-uw-tf-dev,5.4.5,CN,2026-09-05,2
simba-uw-tf-dev,5.4.6,CN,2026-09-05,2
simba-uw-tf-dev,5.4.7,CN,2026-09-05,2
simba-uw-tf-dev,5.4.8,CN,2026-09-05,2
simba-uw-tf-dev,5.4.8,US,2026-09-05,2
simba-uw-tf-dev,5.4.9,CN,2026-09-05,2
simba-uw-tf-dev,5.4.9,US,2026-09-05,2
simba-uw-tf-dev,5.5.1,CN,2026-09-05,2
simba-uw-tf-dev,5.5.2,CN,2026-09-05,2
simba-uw-tf-dev,5.5.2,KR,2026-09-05,2
simba-uw-tf-dev,5.5.2,US,2026-09-05,2
simba-uw-tf-dev,5.5.3,CN,2026-09-05,2
simba-uw-tf-dev,5.5.3,KR,2026-09-05,2
simba-uw-tf-dev,5.5.4,CN,2026-09-05,3
simba-uw-tf-dev,5.5.4,FR,2026-09-05,2
simba-uw-tf-dev,5.5.4,KR,2026-09-05,2
simba-uw-tf-dev,5.5.4,US,2026-09-05,1
simba-uw-tf-dev,5.5.5,CN,2026-09-05,2
simba-uw-tf-dev,5.5.5,DK,2026-09-05,2
simba-uw-tf-dev,5.5.5,FR,2026-09-05,2
simba-uw-tf-dev,5.5.5,HK,2026-09-05,1
simba-uw-tf-dev,5.5.5,JP,2026-09-05,2
simba-uw-tf-dev,5.5.5,KR,2026-09-05,2
simba-uw-tf-dev,5.5.5,NL,2026-09-05,1
simba-uw-tf-dev,5.5.5,NO,2026-09-05,2
simba-uw-tf-dev,5.5.5,SE,2026-09-05,2
simba-uw-tf-dev,5.5.5,US,2026-09-05,5
simba-uw-tf-dev,5.5.6,CN,2026-09-05,2
simba-uw-tf-dev,5.5.6,DK,2026-09-05,2
simba-uw-tf-dev,5.5.6,FR,2026-09-05,2
simba-uw-tf-dev,5.5.6,JP,2026-09-05,2
simba-uw-tf-dev,5.5.6,KR,2026-09-05,2
simba-uw-tf-dev,5.5.6,SE,2026-09-05,2
simba-uw-tf-dev,5.5.6,SG,2026-09-05,1
simba-uw-tf-dev,5.5.6,US,2026-09-05,27
simba-uw-tf-dev,0.87.5,US,2026-09-04,1
simba-uw-tf-dev,1.0.3,US,2026-09-04,1
simba-uw-tf-dev,1.60.7,US,2026-09-04,1
simba-uw-tf-dev,1.83.8,HK,2026-09-04,2
simba-uw-tf-dev,1.83.9,HK,2026-09-04,2
simba-uw-tf-dev,1.84.1,HK,2026-09-04,2
simba-uw-tf-dev,1.84.3,HK,2026-09-04,2
simba-uw-tf-dev,1.84.4,HK,2026-09-04,2
simba-uw-tf-dev,1.84.5,HK,2026-09-04,2
simba-uw-tf-dev,1.84.6,HK,2026-09-04,2
simba-uw-tf-dev,1.84.7,HK,2026-09-04,2
simba-uw-tf-dev,1.84.8,HK,2026-09-04,2
simba-uw-tf-dev,1.84.9,HK,2026-09-04,2
simba-uw-tf-dev,1.84.9,US,2026-09-04,1
simba-uw-tf-dev,1.85.1,HK,2026-09-04,2
simba-uw-tf-dev,1.85.2,HK,2026-09-04,2
simba-uw-tf-dev,1.85.3,HK,2026-09-04,2
simba-uw-tf-dev,1.85.4,HK,2026-09-04,2
simba-uw-tf-dev,1.85.5,HK,2026-09-04,2
simba-uw-tf-dev,1.85.6,HK,2026-09-04,2
simba-uw-tf-dev,1.85.7,HK,2026-09-04,2
simba-uw-tf-dev,1.85.8,HK,2026-09-04,2
simba-uw-tf-dev,1.85.9,HK,2026-09-04,2
simba-uw-tf-dev,1.86.1,HK,2026-09-04,2
simba-uw-tf-dev,1.86.2,HK,2026-09-04,2
simba-uw-tf-dev,1.86.3,HK,2026-09-04,2
simba-uw-tf-dev,1.86.4,HK,2026-09-04,2
simba-uw-tf-dev,1.86.6,HK,2026-09-04,2
simba-uw-tf-dev,1.86.7,HK,2026-09-04,2
simba-uw-tf-dev,1.87.1,HK,2026-09-04,2
simba-uw-tf-dev,1.87.2,HK,2026-09-04,2
simba-uw-tf-dev,1.87.3,HK,2026-09-04,2
simba-uw-tf-dev,1.87.4,HK,2026-09-04,2
simba-uw-tf-dev,1.87.5,HK,2026-09-04,2
simba-uw-tf-dev,1.87.5,US,2026-09-04,2
simba-uw-tf-dev,1.87.6,HK,2026-09-04,2
simba-uw-tf-dev,1.87.7,HK,2026-09-04,2
simba-uw-tf-dev,1.87.8,HK,2026-09-04,2
simba-uw-tf-dev,1.87.9,HK,2026-09-04,2
simba-uw-tf-dev,1.88.1,HK,2026-09-04,2
simba-uw-tf-dev,1.88.1,US,2026-09-04,1
simba-uw-tf-dev,1.88.2,HK,2026-09-04,2
simba-uw-tf-dev,1.88.3,HK,2026-09-04,2
simba-uw-tf-dev,1.88.4,HK,2026-09-04,2
simba-uw-tf-dev,1.88.5,HK,2026-09-04,2
simba-uw-tf-dev,1.88.6,HK,2026-09-04,2
simba-uw-tf-dev,1.88.7,HK,2026-09-04,2
simba-uw-tf-dev,1.88.8,HK,2026-09-04,2
simba-uw-tf-dev,1.88.9,HK,2026-09-04,2
simba-uw-tf-dev,1.89.1,HK,2026-09-04,2
simba-uw-tf-dev,1.89.2,HK,2026-09-04,2
simba-uw-tf-dev,1.89.3,HK,2026-09-04,2
simba-uw-tf-dev,1.89.4,HK,2026-09-04,2
simba-uw-tf-dev,1.89.5,HK,2026-09-04,2
simba-uw-tf-dev,1.89.6,HK,2026-09-04,2
simba-uw-tf-dev,1.89.7,HK,2026-09-04,2
simba-uw-tf-dev,1.89.8,HK,2026-09-04,2
simba-uw-tf-dev,1.89.9,HK,2026-09-04,2
simba-uw-tf-dev,1.90.1,HK,2026-09-04,2
simba-uw-tf-dev,1.90.2,HK,2026-09-04,2
simba-uw-tf-dev,1.90.3,HK,2026-09-04,2
simba-uw-tf-dev,1.90.4,HK,2026-09-04,2
simba-uw-tf-dev,1.90.5,HK,2026-09-04,2
simba-uw-tf-dev,1.90.6,HK,2026-09-04,2
simba-uw-tf-dev,1.90.7,HK,2026-09-04,2
simba-uw-tf-dev,1.90.8,HK,2026-09-04,2
simba-uw-tf-dev,1.90.9,HK,2026-09-04,2
simba-uw-tf-dev,1.91.1,HK,2026-09-04,2
simba-uw-tf-dev,1.91.2,HK,2026-09-04,2
simba-uw-tf-dev,1.91.3,HK,2026-09-04,2
simba-uw-tf-dev,1.91.4,HK,2026-09-04,2
simba-uw-tf-dev,1.91.5,HK,2026-09-04,2
simba-uw-tf-dev,1.91.6,HK,2026-09-04,2
simba-uw-tf-dev,1.91.7,HK,2026-09-04,2
simba-uw-tf-dev,1.91.8,HK,2026-09-04,2
simba-uw-tf-dev,1.91.9,HK,2026-09-04,2
simba-uw-tf-dev,1.92.1,HK,2026-09-04,2
simba-uw-tf-dev,1.92.2,HK,2026-09-04,2
simba-uw-tf-dev,1.92.3,HK,2026-09-04,2
simba-uw-tf-dev,1.92.4,HK,2026-09-04,2
simba-uw-tf-dev,1.92.5,HK,2026-09-04,2
simba-uw-tf-dev,1.92.7,HK,2026-09-04,2
simba-uw-tf-dev,1.92.8,HK,2026-09-04,2
simba-uw-tf-dev,1.92.9,HK,2026-09-04,2
simba-uw-tf-dev,1.93.1,HK,2026-09-04,2
simba-uw-tf-dev,1.93.2,HK,2026-09-04,2
simba-uw-tf-dev,1.93.3,HK,2026-09-04,2
simba-uw-tf-dev,1.93.4,HK,2026-09-04,2
simba-uw-tf-dev,1.93.5,HK,2026-09-04,2
simba-uw-tf-dev,1.93.6,HK,2026-09-04,2
simba-uw-tf-dev,1.93.7,HK,2026-09-04,2
simba-uw-tf-dev,1.93.8,HK,2026-09-04,2
simba-uw-tf-dev,1.93.9,HK,2026-09-04,2
simba-uw-tf-dev,1.94.1,HK,2026-09-04,2
simba-uw-tf-dev,1.94.2,HK,2026-09-04,2
simba-uw-tf-dev,1.94.3,HK,2026-09-04,2
simba-uw-tf-dev,1.94.4,HK,2026-09-04,2
simba-uw-tf-dev,1.94.5,HK,2026-09-04,2
simba-uw-tf-dev,1.94.6,HK,2026-09-04,2
simba-uw-tf-dev,1.94.7,HK,2026-09-04,2
simba-uw-tf-dev,1.94.8,HK,2026-09-04,2
simba-uw-tf-dev,1.94.9,HK,2026-09-04,2
simba-uw-tf-dev,1.95.1,HK,2026-09-04,2
simba-uw-tf-dev,1.95.2,HK,2026-09-04,2
simba-uw-tf-dev,1.95.3,HK,2026-09-04,1
simba-uw-tf-dev,1.95.4,HK,2026-09-04,2
simba-uw-tf-dev,1.95.5,HK,2026-09-04,2
simba-uw-tf-dev,1.95.6,HK,2026-09-04,2
simba-uw-tf-dev,1.95.7,HK,2026-09-04,2
simba-uw-tf-dev,1.95.8,HK,2026-09-04,2
simba-uw-tf-dev,1.95.9,HK,2026-09-04,2
simba-uw-tf-dev,1.96.1,HK,2026-09-04,2
simba-uw-tf-dev,1.96.2,HK,2026-09-04,2
simba-uw-tf-dev,1.96.3,HK,2026-09-04,2
simba-uw-tf-dev,1.96.4,HK,2026-09-04,2
simba-uw-tf-dev,1.96.5,HK,2026-09-04,2
simba-uw-tf-dev,1.96.6,HK,2026-09-04,2
simba-uw-tf-dev,1.96.7,HK,2026-09-04,2
simba-uw-tf-dev,1.96.8,HK,2026-09-04,2
simba-uw-tf-dev,1.96.9,HK,2026-09-04,2
simba-uw-tf-dev,1.97.1,HK,2026-09-04,2
simba-uw-tf-dev,1.97.2,HK,2026-09-04,2
simba-uw-tf-dev,1.97.3,HK,2026-09-04,2
simba-uw-tf-dev,1.97.4,HK,2026-09-04,2
simba-uw-tf-dev,1.97.5,HK,2026-09-04,2
simba-uw-tf-dev,1.97.6,HK,2026-09-04,2
simba-uw-tf-dev,1.97.7,HK,2026-09-04,2
simba-uw-tf-dev,1.97.9,HK,2026-09-04,2
simba-uw-tf-dev,1.98.1,HK,2026-09-04,2
simba-uw-tf-dev,1.98.2,HK,2026-09-04,2
simba-uw-tf-dev,1.98.3,HK,2026-09-04,2
simba-uw-tf-dev,1.98.4,HK,2026-09-04,2
simba-uw-tf-dev,1.98.5,HK,2026-09-04,2
simba-uw-tf-dev,1.98.6,HK,2026-09-04,2
simba-uw-tf-dev,1.98.7,HK,2026-09-04,2
simba-uw-tf-dev,1.98.8,HK,2026-09-04,2
simba-uw-tf-dev,1.98.9,HK,2026-09-04,2
simba-uw-tf-dev,1.99.1,HK,2026-09-04,2
simba-uw-tf-dev,1.99.2,HK,2026-09-04,2
simba-uw-tf-dev,1.99.3,HK,2026-09-04,2
simba-uw-tf-dev,1.99.4,HK,2026-09-04,2
simba-uw-tf-dev,1.99.5,HK,2026-09-04,2
simba-uw-tf-dev,1.99.6,HK,2026-09-04,2
simba-uw-tf-dev,1.99.7,HK,2026-09-04,2
simba-uw-tf-dev,1.99.8,HK,2026-09-04,2
simba-uw-tf-dev,1.99.9,HK,2026-09-04,2
simba-uw-tf-dev,2.0.1,HK,2026-09-04,2
simba-uw-tf-dev,2.0.2,HK,2026-09-04,2
simba-uw-tf-dev,2.0.3,HK,2026-09-04,2
simba-uw-tf-dev,2.0.4,HK,2026-09-04,2
simba-uw-tf-dev,2.0.5,HK,2026-09-04,2
simba-uw-tf-dev,2.0.6,HK,2026-09-04,2
simba-uw-tf-dev,2.0.7,HK,2026-09-04,2
simba-uw-tf-dev,2.0.8,HK,2026-09-04,2
simba-uw-tf-dev,2.0.9,HK,2026-09-04,2
simba-uw-tf-dev,2.1.1,HK,2026-09-04,2
simba-uw-tf-dev,2.1.2,HK,2026-09-04,2
simba-uw-tf-dev,2.1.3,HK,2026-09-04,2
simba-uw-tf-dev,2.1.4,HK,2026-09-04,2
simba-uw-tf-dev,2.1.5,HK,2026-09-04,2
simba-uw-tf-dev,2.1.6,HK,2026-09-04,2
simba-uw-tf-dev,2.1.7,HK,2026-09-04,2
simba-uw-tf-dev,2.1.8,HK,2026-09-04,2
simba-uw-tf-dev,2.1.9,HK,2026-09-04,2
simba-uw-tf-dev,2.2.1,HK,2026-09-04,2
simba-uw-tf-dev,2.2.2,HK,2026-09-04,2
simba-uw-tf-dev,2.2.3,HK,2026-09-04,2
simba-uw-tf-dev,2.2.4,HK,2026-09-04,2
simba-uw-tf-dev,2.2.7,HK,2026-09-04,2
simba-uw-tf-dev,2.2.8,HK,2026-09-04,2
simba-uw-tf-dev,2.2.9,HK,2026-09-04,2
simba-uw-tf-dev,2.3.1,HK,2026-09-04,2
simba-uw-tf-dev,2.3.2,HK,2026-09-04,2
simba-uw-tf-dev,2.3.3,HK,2026-09-04,2
simba-uw-tf-dev,2.3.4,HK,2026-09-04,2
simba-uw-tf-dev,2.3.5,HK,2026-09-04,2
simba-uw-tf-dev,2.3.6,HK,2026-09-04,2
simba-uw-tf-dev,2.3.7,HK,2026-09-04,2
simba-uw-tf-dev,2.3.8,HK,2026-09-04,2
simba-uw-tf-dev,2.3.9,HK,2026-09-04,2
simba-uw-tf-dev,2.4.1,HK,2026-09-04,2
simba-uw-tf-dev,2.4.2,HK,2026-09-04,2
simba-uw-tf-dev,2.4.3,HK,2026-09-04,2
simba-uw-tf-dev,2.4.4,HK,2026-09-04,2
simba-uw-tf-dev,2.4.5,HK,2026-09-04,2
simba-uw-tf-dev,2.4.6,HK,2026-09-04,2
simba-uw-tf-dev,2.4.7,HK,2026-09-04,2
simba-uw-tf-dev,2.4.8,HK,2026-09-04,2
simba-uw-tf-dev,2.4.9,HK,2026-09-04,2
simba-uw-tf-dev,2.5.1,HK,2026-09-04,2
simba-uw-tf-dev,2.5.2,HK,2026-09-04,2
simba-uw-tf-dev,2.5.3,HK,2026-09-04,2
simba-uw-tf-dev,2.5.4,HK,2026-09-04,2
simba-uw-tf-dev,2.5.5,HK,2026-09-04,2
simba-uw-tf-dev,2.5.6,HK,2026-09-04,2
simba-uw-tf-dev,2.5.7,HK,2026-09-04,2
simba-uw-tf-dev,2.5.8,HK,2026-09-04,2
simba-uw-tf-dev,2.5.9,HK,2026-09-04,2
simba-uw-tf-dev,2.6.1,HK,2026-09-04,2
simba-uw-tf-dev,2.6.2,HK,2026-09-04,2
simba-uw-tf-dev,2.6.3,HK,2026-09-04,2
simba-uw-tf-dev,2.6.4,HK,2026-09-04,2
simba-uw-tf-dev,2.6.5,HK,2026-09-04,2
simba-uw-tf-dev,2.6.6,HK,2026-09-04,2
simba-uw-tf-dev,2.6.7,HK,2026-09-04,2
simba-uw-tf-dev,2.6.8,HK,2026-09-04,2
simba-uw-tf-dev,2.6.9,HK,2026-09-04,2
simba-uw-tf-dev,2.7.1,HK,2026-09-04,2
simba-uw-tf-dev,2.7.2,HK,2026-09-04,2
simba-uw-tf-dev,2.7.3,HK,2026-09-04,2
simba-uw-tf-dev,2.7.4,HK,2026-09-04,2
simba-uw-tf-dev,2.7.5,HK,2026-09-04,2
simba-uw-tf-dev,2.7.6,HK,2026-09-04,2
simba-uw-tf-dev,2.7.7,HK,2026-09-04,2
simba-uw-tf-dev,2.7.7,US,2026-09-04,1
simba-uw-tf-dev,2.7.8,HK,2026-09-04,2
simba-uw-tf-dev,2.7.8,US,2026-09-04,1
simba-uw-tf-dev,2.7.9,HK,2026-09-04,2
simba-uw-tf-dev,2.8.1,HK,2026-09-04,2
simba-uw-tf-dev,2.8.1,US,2026-09-04,1
simba-uw-tf-dev,2.8.2,HK,2026-09-04,2
simba-uw-tf-dev,2.8.3,HK,2026-09-04,2
simba-uw-tf-dev,2.8.4,HK,2026-09-04,2
simba-uw-tf-dev,2.8.5,HK,2026-09-04,2
simba-uw-tf-dev,2.8.6,HK,2026-09-04,2
simba-uw-tf-dev,2.8.7,HK,2026-09-04,2
simba-uw-tf-dev,2.8.8,HK,2026-09-04,2
simba-uw-tf-dev,2.8.9,HK,2026-09-04,2
simba-uw-tf-dev,2.9.1,HK,2026-09-04,2
simba-uw-tf-dev,2.9.2,HK,2026-09-04,2
simba-uw-tf-dev,2.9.3,HK,2026-09-04,2
simba-uw-tf-dev,2.9.4,HK,2026-09-04,2
simba-uw-tf-dev,2.9.5,HK,2026-09-04,2
simba-uw-tf-dev,2.9.6,HK,2026-09-04,2
simba-uw-tf-dev,2.9.7,HK,2026-09-04,2
simba-uw-tf-dev,2.9.8,HK,2026-09-04,2
simba-uw-tf-dev,2.9.9,HK,2026-09-04,2
simba-uw-tf-dev,3.0.1,HK,2026-09-04,2
simba-uw-tf-dev,3.0.2,HK,2026-09-04,2
simba-uw-tf-dev,3.0.3,HK,2026-09-04,2
simba-uw-tf-dev,3.0.4,HK,2026-09-04,2
simba-uw-tf-dev,3.0.5,HK,2026-09-04,2
simba-uw-tf-dev,3.0.6,HK,2026-09-04,2
simba-uw-tf-dev,3.0.7,HK,2026-09-04,2
simba-uw-tf-dev,3.0.8,HK,2026-09-04,2
simba-uw-tf-dev,3.0.9,HK,2026-09-04,2
simba-uw-tf-dev,3.1.1,HK,2026-09-04,2
simba-uw-tf-dev,3.1.2,HK,2026-09-04,2
simba-uw-tf-dev,3.1.3,HK,2026-09-04,2
simba-uw-tf-dev,3.1.4,HK,2026-09-04,2
simba-uw-tf-dev,3.1.5,HK,2026-09-04,2
simba-uw-tf-dev,3.1.6,HK,2026-09-04,2
simba-uw-tf-dev,3.1.7,HK,2026-09-04,2
simba-uw-tf-dev,3.1.8,HK,2026-09-04,2
simba-uw-tf-dev,3.1.9,HK,2026-09-04,2
simba-uw-tf-dev,3.2.1,HK,2026-09-04,2
simba-uw-tf-dev,3.2.2,HK,2026-09-04,2
simba-uw-tf-dev,3.2.3,HK,2026-09-04,2
simba-uw-tf-dev,3.2.4,HK,2026-09-04,2
simba-uw-tf-dev,3.2.5,HK,2026-09-04,2
simba-uw-tf-dev,3.2.6,HK,2026-09-04,2
simba-uw-tf-dev,3.2.7,HK,2026-09-04,2
simba-uw-tf-dev,3.2.8,HK,2026-09-04,2
simba-uw-tf-dev,3.2.9,HK,2026-09-04,2
simba-uw-tf-dev,3.3.1,HK,2026-09-04,2
simba-uw-tf-dev,3.3.2,HK,2026-09-04,2
simba-uw-tf-dev,3.3.3,HK,2026-09-04,2
simba-uw-tf-dev,3.3.6,HK,2026-09-04,2
simba-uw-tf-dev,3.3.7,HK,2026-09-04,2
simba-uw-tf-dev,3.3.8,HK,2026-09-04,2
simba-uw-tf-dev,3.3.9,HK,2026-09-04,2
simba-uw-tf-dev,3.4.1,HK,2026-09-04,2
simba-uw-tf-dev,3.4.2,HK,2026-09-04,2
simba-uw-tf-dev,3.4.3,HK,2026-09-04,2
simba-uw-tf-dev,3.4.4,HK,2026-09-04,2
simba-uw-tf-dev,3.4.5,HK,2026-09-04,2
simba-uw-tf-dev,3.4.6,HK,2026-09-04,2
simba-uw-tf-dev,3.4.7,HK,2026-09-04,2
simba-uw-tf-dev,3.4.8,HK,2026-09-04,2
simba-uw-tf-dev,3.4.9,HK,2026-09-04,2
simba-uw-tf-dev,3.5.1,HK,2026-09-04,2
simba-uw-tf-dev,3.5.2,HK,2026-09-04,2
simba-uw-tf-dev,3.5.4,HK,2026-09-04,2
simba-uw-tf-dev,3.5.5,HK,2026-09-04,2
simba-uw-tf-dev,3.5.6,HK,2026-09-04,2
simba-uw-tf-dev,3.5.7,HK,2026-09-04,2
simba-uw-tf-dev,3.5.8,HK,2026-09-04,2
simba-uw-tf-dev,3.5.9,HK,2026-09-04,2
simba-uw-tf-dev,3.6.1,HK,2026-09-04,2
simba-uw-tf-dev,3.6.2,HK,2026-09-04,2
simba-uw-tf-dev,3.6.3,HK,2026-09-04,2
simba-uw-tf-dev,3.6.4,HK,2026-09-04,2
simba-uw-tf-dev,3.6.5,HK,2026-09-04,2
simba-uw-tf-dev,3.6.6,HK,2026-09-04,2
simba-uw-tf-dev,3.6.7,HK,2026-09-04,2
simba-uw-tf-dev,3.6.8,HK,2026-09-04,2
simba-uw-tf-dev,3.6.9,HK,2026-09-04,2
simba-uw-tf-dev,3.7.1,HK,2026-09-04,2
simba-uw-tf-dev,3.7.2,HK,2026-09-04,2
simba-uw-tf-dev,3.7.3,HK,2026-09-04,2
simba-uw-tf-dev,3.7.4,HK,2026-09-04,2
simba-uw-tf-dev,3.7.5,HK,2026-09-04,2
simba-uw-tf-dev,3.7.6,HK,2026-09-04,2
simba-uw-tf-dev,3.7.6,US,2026-09-04,1
simba-uw-tf-dev,3.7.7,HK,2026-09-04,2
simba-uw-tf-dev,3.7.8,HK,2026-09-04,2
simba-uw-tf-dev,3.7.9,HK,2026-09-04,2
simba-uw-tf-dev,3.8.1,HK,2026-09-04,2
simba-uw-tf-dev,3.8.1,US,2026-09-04,1
simba-uw-tf-dev,3.8.2,HK,2026-09-04,2
simba-uw-tf-dev,3.8.3,HK,2026-09-04,2
simba-uw-tf-dev,3.8.4,HK,2026-09-04,2
simba-uw-tf-dev,3.8.5,HK,2026-09-04,2
simba-uw-tf-dev,3.8.6,HK,2026-09-04,2
simba-uw-tf-dev,3.8.7,HK,2026-09-04,2
simba-uw-tf-dev,3.8.8,HK,2026-09-04,2
simba-uw-tf-dev,3.8.9,HK,2026-09-04,2
simba-uw-tf-dev,3.9.2,HK,2026-09-04,2
simba-uw-tf-dev,3.9.3,HK,2026-09-04,2
simba-uw-tf-dev,3.9.4,HK,2026-09-04,2
simba-uw-tf-dev,3.9.5,HK,2026-09-04,2
simba-uw-tf-dev,3.9.6,HK,2026-09-04,2
simba-uw-tf-dev,3.9.7,HK,2026-09-04,2
simba-uw-tf-dev,3.9.8,HK,2026-09-04,2
simba-uw-tf-dev,3.9.9,HK,2026-09-04,2
simba-uw-tf-dev,4.0.1,HK,2026-09-04,2
simba-uw-tf-dev,4.0.2,HK,2026-09-04,2
simba-uw-tf-dev,4.0.3,HK,2026-09-04,2
simba-uw-tf-dev,4.0.4,HK,2026-09-04,2
simba-uw-tf-dev,4.0.5,HK,2026-09-04,2
simba-uw-tf-dev,4.0.6,HK,2026-09-04,2
simba-uw-tf-dev,4.0.7,HK,2026-09-04,2
simba-uw-tf-dev,4.0.9,HK,2026-09-04,2
simba-uw-tf-dev,4.1.1,HK,2026-09-04,2
simba-uw-tf-dev,4.1.2,HK,2026-09-04,2
simba-uw-tf-dev,4.1.3,HK,2026-09-04,2
simba-uw-tf-dev,4.1.4,HK,2026-09-04,2
simba-uw-tf-dev,4.1.4,US,2026-09-04,1
simba-uw-tf-dev,4.1.5,HK,2026-09-04,2
simba-uw-tf-dev,4.1.6,HK,2026-09-04,2
simba-uw-tf-dev,4.1.7,HK,2026-09-04,2
simba-uw-tf-dev,4.1.8,HK,2026-09-04,2
simba-uw-tf-dev,4.1.9,HK,2026-09-04,2
simba-uw-tf-dev,4.2.1,HK,2026-09-04,2
simba-uw-tf-dev,5.3.9,AT,2026-09-04,2
simba-uw-tf-dev,5.4.4,US,2026-09-04,1
simba-uw-tf-dev,5.4.5,IN,2026-09-04,2
simba-uw-tf-dev,5.4.8,DE,2026-09-04,5
simba-uw-tf-dev,5.4.8,HK,2026-09-04,2
simba-uw-tf-dev,5.4.9,DE,2026-09-04,5
simba-uw-tf-dev,5.4.9,HK,2026-09-04,2
simba-uw-tf-dev,5.5.1,HK,2026-09-04,2
simba-uw-tf-dev,5.5.2,HK,2026-09-04,2
simba-uw-tf-dev,5.5.2,US,2026-09-04,4
simba-uw-tf-dev,5.5.3,HK,2026-09-04,2
simba-uw-tf-dev,5.5.3,US,2026-09-04,4
simba-uw-tf-dev,5.5.4,HK,2026-09-04,2
simba-uw-tf-dev,5.5.4,US,2026-09-04,5
simba-uw-tf-dev,5.5.5,CN,2026-09-04,2
simba-uw-tf-dev,5.5.5,JP,2026-09-04,6
simba-uw-tf-dev,5.5.5,RU,2026-09-04,2
simba-uw-tf-dev,5.5.5,US,2026-09-04,14
simba-uw-tf-dev,5.5.6,AU,2026-09-04,2
simba-uw-tf-dev,5.5.6,CA,2026-09-04,2
simba-uw-tf-dev,5.5.6,CN,2026-09-04,5
simba-uw-tf-dev,5.5.6,DE,2026-09-04,2
simba-uw-tf-dev,5.5.6,DK,2026-09-04,2
simba-uw-tf-dev,5.5.6,FR,2026-09-04,3
simba-uw-tf-dev,5.5.6,GB,2026-09-04,2
simba-uw-tf-dev,5.5.6,GR,2026-09-04,1
simba-uw-tf-dev,5.5.6,HK,2026-09-04,5
simba-uw-tf-dev,5.5.6,IN,2026-09-04,1
simba-uw-tf-dev,5.5.6,JP,2026-09-04,6
simba-uw-tf-dev,5.5.6,LT,2026-09-04,1
simba-uw-tf-dev,5.5.6,NL,2026-09-04,2
simba-uw-tf-dev,5.5.6,RU,2026-09-04,2
simba-uw-tf-dev,5.5.6,SE,2026-09-04,1
simba-uw-tf-dev,5.5.6,US,2026-09-04,41
simba-uw-tf-dev,0.0.1,HK,2026-09-03,2
simba-uw-tf-dev,0.4,HK,2026-09-03,2
simba-uw-tf-dev,0.70,HK,2026-09-03,2
simba-uw-tf-dev,0.71,HK,2026-09-03,2
simba-uw-tf-dev,0.72,HK,2026-09-03,2
simba-uw-tf-dev,0.73,HK,2026-09-03,2
simba-uw-tf-dev,0.76.1,HK,2026-09-03,2
simba-uw-tf-dev,0.76.2,HK,2026-09-03,2
simba-uw-tf-dev,0.76.3,HK,2026-09-03,2
simba-uw-tf-dev,0.76.4,HK,2026-09-03,2
simba-uw-tf-dev,0.76.5,HK,2026-09-03,2
simba-uw-tf-dev,0.76.6,HK,2026-09-03,2
simba-uw-tf-dev,0.76.8,HK,2026-09-03,2
simba-uw-tf-dev,0.76.9,HK,2026-09-03,2
simba-uw-tf-dev,0.77,HK,2026-09-03,2
simba-uw-tf-dev,0.88.1,US,2026-09-03,1
simba-uw-tf-dev,0.92.3,US,2026-09-03,1
simba-uw-tf-dev,0.98.6,HK,2026-09-03,2
simba-uw-tf-dev,0.98.7,HK,2026-09-03,2
simba-uw-tf-dev,0.98.7,US,2026-09-03,1
simba-uw-tf-dev,0.98.8,HK,2026-09-03,2
simba-uw-tf-dev,0.98.9,HK,2026-09-03,2
simba-uw-tf-dev,0.99.0,HK,2026-09-03,2
simba-uw-tf-dev,0.99.1,HK,2026-09-03,2
simba-uw-tf-dev,0.99.2,HK,2026-09-03,2
simba-uw-tf-dev,0.99.3,HK,2026-09-03,2
simba-uw-tf-dev,0.99.4,HK,2026-09-03,2
simba-uw-tf-dev,0.99.5,HK,2026-09-03,2
simba-uw-tf-dev,0.99.6,HK,2026-09-03,2
simba-uw-tf-dev,0.99.7,HK,2026-09-03,2
simba-uw-tf-dev,0.99.8,HK,2026-09-03,2
simba-uw-tf-dev,0.99.9,HK,2026-09-03,2
simba-uw-tf-dev,1.0.1,HK,2026-09-03,2
simba-uw-tf-dev,1.0.2,HK,2026-09-03,2
simba-uw-tf-dev,1.0.3,HK,2026-09-03,2
simba-uw-tf-dev,1.0.4,HK,2026-09-03,2
simba-uw-tf-dev,1.0.5,HK,2026-09-03,2
simba-uw-tf-dev,1.0.6,HK,2026-09-03,2
simba-uw-tf-dev,1.0.7,HK,2026-09-03,2
simba-uw-tf-dev,1.0.8,HK,2026-09-03,2
simba-uw-tf-dev,1.0.9,HK,2026-09-03,2
simba-uw-tf-dev,1.1.0,HK,2026-09-03,2
simba-uw-tf-dev,1.1.1,HK,2026-09-03,2
simba-uw-tf-dev,1.1.2,HK,2026-09-03,2
simba-uw-tf-dev,1.1.3,HK,2026-09-03,2
simba-uw-tf-dev,1.1.4,HK,2026-09-03,2
simba-uw-tf-dev,1.1.5,HK,2026-09-03,2
simba-uw-tf-dev,1.1.6,HK,2026-09-03,2
simba-uw-tf-dev,1.1.7,HK,2026-09-03,2
simba-uw-tf-dev,1.1.8,HK,2026-09-03,2
simba-uw-tf-dev,1.1.9,HK,2026-09-03,2
simba-uw-tf-dev,1.2.0,HK,2026-09-03,2
simba-uw-tf-dev,1.2.1,HK,2026-09-03,2
simba-uw-tf-dev,1.2.2,HK,2026-09-03,2
simba-uw-tf-dev,1.2.3,HK,2026-09-03,2
simba-uw-tf-dev,1.2.4,HK,2026-09-03,2
simba-uw-tf-dev,1.2.5,HK,2026-09-03,2
simba-uw-tf-dev,1.2.6,HK,2026-09-03,2
simba-uw-tf-dev,1.2.7,HK,2026-09-03,2
simba-uw-tf-dev,1.2.8,HK,2026-09-03,2
simba-uw-tf-dev,1.2.9,HK,2026-09-03,2
simba-uw-tf-dev,1.21.1,HK,2026-09-03,2
simba-uw-tf-dev,1.21.2,HK,2026-09-03,2
simba-uw-tf-dev,1.21.3,HK,2026-09-03,2
simba-uw-tf-dev,1.21.4,HK,2026-09-03,2
simba-uw-tf-dev,1.21.5,HK,2026-09-03,2
simba-uw-tf-dev,1.21.6,HK,2026-09-03,2
simba-uw-tf-dev,1.21.7,HK,2026-09-03,2
simba-uw-tf-dev,1.21.8,HK,2026-09-03,2
simba-uw-tf-dev,1.22.1,HK,2026-09-03,2
simba-uw-tf-dev,1.22.2,HK,2026-09-03,2
simba-uw-tf-dev,1.22.3,HK,2026-09-03,2
simba-uw-tf-dev,1.22.4,HK,2026-09-03,2
simba-uw-tf-dev,1.22.5,HK,2026-09-03,2
simba-uw-tf-dev,1.22.6,HK,2026-09-03,2
simba-uw-tf-dev,1.22.7,HK,2026-09-03,2
simba-uw-tf-dev,1.22.8,HK,2026-09-03,2
simba-uw-tf-dev,1.22.9,HK,2026-09-03,2
simba-uw-tf-dev,1.30.1,HK,2026-09-03,2
simba-uw-tf-dev,1.30.2,HK,2026-09-03,2
simba-uw-tf-dev,1.30.3,HK,2026-09-03,2
simba-uw-tf-dev,1.30.6,HK,2026-09-03,2
simba-uw-tf-dev,1.30.8,HK,2026-09-03,2
simba-uw-tf-dev,1.30.9,HK,2026-09-03,2
simba-uw-tf-dev,1.32.1,HK,2026-09-03,2
simba-uw-tf-dev,1.32.2,HK,2026-09-03,2
simba-uw-tf-dev,1.32.3,HK,2026-09-03,2
simba-uw-tf-dev,1.32.4,HK,2026-09-03,2
simba-uw-tf-dev,1.32.5,HK,2026-09-03,2
simba-uw-tf-dev,1.32.6,HK,2026-09-03,2
simba-uw-tf-dev,1.32.7,HK,2026-09-03,2
simba-uw-tf-dev,1.32.8,HK,2026-09-03,2
simba-uw-tf-dev,1.32.9,HK,2026-09-03,2
simba-uw-tf-dev,1.33.1,HK,2026-09-03,2
simba-uw-tf-dev,1.33.2,HK,2026-09-03,2
simba-uw-tf-dev,1.33.3,HK,2026-09-03,2
simba-uw-tf-dev,1.33.4,HK,2026-09-03,2
simba-uw-tf-dev,1.33.5,HK,2026-09-03,2
simba-uw-tf-dev,1.33.6,HK,2026-09-03,2
simba-uw-tf-dev,1.33.7,HK,2026-09-03,2
simba-uw-tf-dev,1.33.8,HK,2026-09-03,2
simba-uw-tf-dev,1.33.9,HK,2026-09-03,2
simba-uw-tf-dev,1.33.9,US,2026-09-03,1
simba-uw-tf-dev,1.40.0,HK,2026-09-03,2
simba-uw-tf-dev,1.40.1,HK,2026-09-03,2
simba-uw-tf-dev,1.40.2,HK,2026-09-03,2
simba-uw-tf-dev,1.40.4,HK,2026-09-03,2
simba-uw-tf-dev,1.40.5,HK,2026-09-03,2
simba-uw-tf-dev,1.40.6,HK,2026-09-03,2
simba-uw-tf-dev,1.40.7,HK,2026-09-03,2
simba-uw-tf-dev,1.40.8,HK,2026-09-03,2
simba-uw-tf-dev,1.40.9,HK,2026-09-03,2
simba-uw-tf-dev,1.50.1,HK,2026-09-03,2
simba-uw-tf-dev,1.50.2,HK,2026-09-03,2
simba-uw-tf-dev,1.50.3,HK,2026-09-03,2
simba-uw-tf-dev,1.50.4,HK,2026-09-03,2
simba-uw-tf-dev,1.50.5,HK,2026-09-03,2
simba-uw-tf-dev,1.50.6,HK,2026-09-03,2
simba-uw-tf-dev,1.50.7,HK,2026-09-03,2
simba-uw-tf-dev,1.50.8,HK,2026-09-03,2
simba-uw-tf-dev,1.50.9,HK,2026-09-03,2
simba-uw-tf-dev,1.51.1,HK,2026-09-03,2
simba-uw-tf-dev,1.51.2,HK,2026-09-03,2
simba-uw-tf-dev,1.51.3,HK,2026-09-03,2
simba-uw-tf-dev,1.51.4,HK,2026-09-03,2
simba-uw-tf-dev,1.51.5,HK,2026-09-03,2
simba-uw-tf-dev,1.51.6,HK,2026-09-03,2
simba-uw-tf-dev,1.51.7,HK,2026-09-03,2
simba-uw-tf-dev,1.51.8,HK,2026-09-03,2
simba-uw-tf-dev,1.51.9,HK,2026-09-03,2
simba-uw-tf-dev,1.52.1,HK,2026-09-03,2
simba-uw-tf-dev,1.52.2,HK,2026-09-03,2
simba-uw-tf-dev,1.52.3,HK,2026-09-03,2
simba-uw-tf-dev,1.52.4,HK,2026-09-03,2
simba-uw-tf-dev,1.52.9,HK,2026-09-03,2
simba-uw-tf-dev,1.52.91,HK,2026-09-03,2
simba-uw-tf-dev,1.52.92,HK,2026-09-03,2
simba-uw-tf-dev,1.52.92,US,2026-09-03,1
simba-uw-tf-dev,1.53.1,HK,2026-09-03,2
simba-uw-tf-dev,1.53.2,HK,2026-09-03,2
simba-uw-tf-dev,1.53.3,HK,2026-09-03,2
simba-uw-tf-dev,1.53.4,HK,2026-09-03,2
simba-uw-tf-dev,1.53.5,HK,2026-09-03,2
simba-uw-tf-dev,1.53.6,HK,2026-09-03,2
simba-uw-tf-dev,1.53.7,HK,2026-09-03,2
simba-uw-tf-dev,1.53.8,HK,2026-09-03,2
simba-uw-tf-dev,1.53.9,HK,2026-09-03,2
simba-uw-tf-dev,1.54.1,HK,2026-09-03,2
simba-uw-tf-dev,1.54.2,HK,2026-09-03,2
simba-uw-tf-dev,1.54.3,HK,2026-09-03,2
simba-uw-tf-dev,1.54.4,HK,2026-09-03,2
simba-uw-tf-dev,1.54.5,HK,2026-09-03,2
simba-uw-tf-dev,1.54.6,HK,2026-09-03,2
simba-uw-tf-dev,1.54.7,HK,2026-09-03,2
simba-uw-tf-dev,1.54.8,HK,2026-09-03,2
simba-uw-tf-dev,1.54.9,HK,2026-09-03,2
simba-uw-tf-dev,1.55.1,HK,2026-09-03,2
simba-uw-tf-dev,1.55.2,HK,2026-09-03,2
simba-uw-tf-dev,1.55.3,HK,2026-09-03,2
simba-uw-tf-dev,1.55.4,HK,2026-09-03,2
simba-uw-tf-dev,1.55.5,HK,2026-09-03,2
simba-uw-tf-dev,1.55.6,HK,2026-09-03,2
simba-uw-tf-dev,1.55.7,HK,2026-09-03,2
simba-uw-tf-dev,1.55.8,HK,2026-09-03,2
simba-uw-tf-dev,1.55.9,HK,2026-09-03,2
simba-uw-tf-dev,1.56.1,HK,2026-09-03,2
simba-uw-tf-dev,1.56.2,HK,2026-09-03,2
simba-uw-tf-dev,1.56.3,HK,2026-09-03,2
simba-uw-tf-dev,1.56.4,HK,2026-09-03,2
simba-uw-tf-dev,1.56.5,HK,2026-09-03,2
simba-uw-tf-dev,1.56.7,HK,2026-09-03,2
simba-uw-tf-dev,1.56.8,HK,2026-09-03,2
simba-uw-tf-dev,1.56.9,HK,2026-09-03,2
simba-uw-tf-dev,1.57.2,HK,2026-09-03,2
simba-uw-tf-dev,1.57.3,HK,2026-09-03,2
simba-uw-tf-dev,1.57.4,HK,2026-09-03,2
simba-uw-tf-dev,1.57.5,HK,2026-09-03,2
simba-uw-tf-dev,1.57.6,HK,2026-09-03,2
simba-uw-tf-dev,1.57.8,HK,2026-09-03,2
simba-uw-tf-dev,1.57.9,HK,2026-09-03,2
simba-uw-tf-dev,1.58.1,HK,2026-09-03,2
simba-uw-tf-dev,1.58.2,HK,2026-09-03,2
simba-uw-tf-dev,1.58.3,HK,2026-09-03,2
simba-uw-tf-dev,1.58.4,HK,2026-09-03,2
simba-uw-tf-dev,1.58.5,HK,2026-09-03,2
simba-uw-tf-dev,1.58.6,HK,2026-09-03,2
simba-uw-tf-dev,1.58.7,HK,2026-09-03,2
simba-uw-tf-dev,1.58.8,HK,2026-09-03,2
simba-uw-tf-dev,1.58.9,HK,2026-09-03,2
simba-uw-tf-dev,1.59.1,HK,2026-09-03,2
simba-uw-tf-dev,1.59.2,HK,2026-09-03,2
simba-uw-tf-dev,1.59.3,HK,2026-09-03,2
simba-uw-tf-dev,1.59.4,HK,2026-09-03,2
simba-uw-tf-dev,1.60.1,HK,2026-09-03,2
simba-uw-tf-dev,1.60.2,HK,2026-09-03,2
simba-uw-tf-dev,1.60.3,HK,2026-09-03,2
simba-uw-tf-dev,1.60.4,HK,2026-09-03,2
simba-uw-tf-dev,1.60.5,HK,2026-09-03,2
simba-uw-tf-dev,1.60.6,HK,2026-09-03,2
simba-uw-tf-dev,1.60.7,HK,2026-09-03,2
simba-uw-tf-dev,1.60.9,HK,2026-09-03,2
simba-uw-tf-dev,1.61.1,HK,2026-09-03,2
simba-uw-tf-dev,1.61.2,HK,2026-09-03,2
simba-uw-tf-dev,1.61.3,HK,2026-09-03,2
simba-uw-tf-dev,1.61.4,HK,2026-09-03,2
simba-uw-tf-dev,1.61.5,HK,2026-09-03,2
simba-uw-tf-dev,1.61.6,HK,2026-09-03,2
simba-uw-tf-dev,1.61.7,HK,2026-09-03,2
simba-uw-tf-dev,1.61.8,HK,2026-09-03,2
simba-uw-tf-dev,1.61.9,HK,2026-09-03,2
simba-uw-tf-dev,1.62.1,HK,2026-09-03,2
simba-uw-tf-dev,1.62.2,HK,2026-09-03,2
simba-uw-tf-dev,1.62.3,HK,2026-09-03,2
simba-uw-tf-dev,1.62.4,HK,2026-09-03,2
simba-uw-tf-dev,1.62.5,HK,2026-09-03,2
simba-uw-tf-dev,1.62.6,HK,2026-09-03,2
simba-uw-tf-dev,1.62.7,HK,2026-09-03,2
simba-uw-tf-dev,1.62.8,HK,2026-09-03,2
simba-uw-tf-dev,1.62.9,HK,2026-09-03,2
simba-uw-tf-dev,1.63.1,HK,2026-09-03,2
simba-uw-tf-dev,1.63.2,HK,2026-09-03,2
simba-uw-tf-dev,1.63.3,HK,2026-09-03,2
simba-uw-tf-dev,1.63.4,HK,2026-09-03,2
simba-uw-tf-dev,1.63.5,HK,2026-09-03,2
simba-uw-tf-dev,1.63.6,HK,2026-09-03,2
simba-uw-tf-dev,1.63.7,HK,2026-09-03,2
simba-uw-tf-dev,1.63.8,HK,2026-09-03,2
simba-uw-tf-dev,1.63.9,HK,2026-09-03,2
simba-uw-tf-dev,1.64.1,HK,2026-09-03,2
simba-uw-tf-dev,1.64.2,HK,2026-09-03,2
simba-uw-tf-dev,1.64.3,HK,2026-09-03,2
simba-uw-tf-dev,1.64.4,HK,2026-09-03,2
simba-uw-tf-dev,1.64.5,HK,2026-09-03,2
simba-uw-tf-dev,1.64.6,HK,2026-09-03,2
simba-uw-tf-dev,1.64.7,HK,2026-09-03,2
simba-uw-tf-dev,1.64.8,HK,2026-09-03,2
simba-uw-tf-dev,1.64.9,HK,2026-09-03,2
simba-uw-tf-dev,1.65.1,HK,2026-09-03,2
simba-uw-tf-dev,1.65.2,HK,2026-09-03,2
simba-uw-tf-dev,1.65.3,HK,2026-09-03,2
simba-uw-tf-dev,1.65.4,HK,2026-09-03,2
simba-uw-tf-dev,1.65.5,HK,2026-09-03,2
simba-uw-tf-dev,1.65.6,HK,2026-09-03,2
simba-uw-tf-dev,1.65.7,HK,2026-09-03,2
simba-uw-tf-dev,1.65.8,HK,2026-09-03,2
simba-uw-tf-dev,1.65.9,HK,2026-09-03,2
simba-uw-tf-dev,1.70.1,HK,2026-09-03,2
simba-uw-tf-dev,1.70.2,HK,2026-09-03,2
simba-uw-tf-dev,1.70.3,HK,2026-09-03,2
simba-uw-tf-dev,1.70.4,HK,2026-09-03,2
simba-uw-tf-dev,1.70.5,HK,2026-09-03,2
simba-uw-tf-dev,1.70.6,HK,2026-09-03,2
simba-uw-tf-dev,1.70.7,HK,2026-09-03,2
simba-uw-tf-dev,1.70.8,HK,2026-09-03,2
simba-uw-tf-dev,1.70.9,HK,2026-09-03,2
simba-uw-tf-dev,1.71.1,HK,2026-09-03,2
simba-uw-tf-dev,1.71.2,HK,2026-09-03,2
simba-uw-tf-dev,1.71.3,HK,2026-09-03,2
simba-uw-tf-dev,1.71.4,HK,2026-09-03,2
simba-uw-tf-dev,1.71.5,HK,2026-09-03,2
simba-uw-tf-dev,1.71.6,HK,2026-09-03,2
simba-uw-tf-dev,1.71.7,HK,2026-09-03,2
simba-uw-tf-dev,1.71.8,HK,2026-09-03,2
simba-uw-tf-dev,1.71.9,HK,2026-09-03,2
simba-uw-tf-dev,1.72.1,HK,2026-09-03,2
simba-uw-tf-dev,1.72.2,HK,2026-09-03,2
simba-uw-tf-dev,1.72.3,HK,2026-09-03,2
simba-uw-tf-dev,1.72.4,HK,2026-09-03,2
simba-uw-tf-dev,1.72.5,HK,2026-09-03,2
simba-uw-tf-dev,1.72.6,HK,2026-09-03,2
simba-uw-tf-dev,1.72.7,HK,2026-09-03,2
simba-uw-tf-dev,1.72.8,HK,2026-09-03,2
simba-uw-tf-dev,1.73.1,HK,2026-09-03,2
simba-uw-tf-dev,1.73.1,US,2026-09-03,1
simba-uw-tf-dev,1.73.2,HK,2026-09-03,2
simba-uw-tf-dev,1.73.3,HK,2026-09-03,2
simba-uw-tf-dev,1.73.5,HK,2026-09-03,2
simba-uw-tf-dev,1.73.6,HK,2026-09-03,2
simba-uw-tf-dev,1.73.7,HK,2026-09-03,2
simba-uw-tf-dev,1.73.8,HK,2026-09-03,2
simba-uw-tf-dev,1.73.9,HK,2026-09-03,2
simba-uw-tf-dev,1.74.1,HK,2026-09-03,2
simba-uw-tf-dev,1.74.2,HK,2026-09-03,2
simba-uw-tf-dev,1.74.3,HK,2026-09-03,2
simba-uw-tf-dev,1.74.4,HK,2026-09-03,2
simba-uw-tf-dev,1.74.5,HK,2026-09-03,2
simba-uw-tf-dev,1.74.6,HK,2026-09-03,2
simba-uw-tf-dev,1.74.7,HK,2026-09-03,2
simba-uw-tf-dev,1.74.8,HK,2026-09-03,2
simba-uw-tf-dev,1.74.9,HK,2026-09-03,2
simba-uw-tf-dev,1.75.1,HK,2026-09-03,2
simba-uw-tf-dev,1.75.2,HK,2026-09-03,2
simba-uw-tf-dev,1.75.3,HK,2026-09-03,2
simba-uw-tf-dev,1.75.4,HK,2026-09-03,2
simba-uw-tf-dev,1.75.5,HK,2026-09-03,2
simba-uw-tf-dev,1.75.6,HK,2026-09-03,2
simba-uw-tf-dev,1.75.7,HK,2026-09-03,2
simba-uw-tf-dev,1.75.8,HK,2026-09-03,2
simba-uw-tf-dev,1.75.9,HK,2026-09-03,2
simba-uw-tf-dev,1.76.1,HK,2026-09-03,2
simba-uw-tf-dev,1.76.2,HK,2026-09-03,2
simba-uw-tf-dev,1.76.3,HK,2026-09-03,2
simba-uw-tf-dev,1.76.4,HK,2026-09-03,2
simba-uw-tf-dev,1.76.5,HK,2026-09-03,2
simba-uw-tf-dev,1.76.6,HK,2026-09-03,2
simba-uw-tf-dev,1.76.7,HK,2026-09-03,2
simba-uw-tf-dev,1.76.8,HK,2026-09-03,2
simba-uw-tf-dev,1.76.9,HK,2026-09-03,2
simba-uw-tf-dev,1.77.1,HK,2026-09-03,2
simba-uw-tf-dev,1.77.2,HK,2026-09-03,2
simba-uw-tf-dev,1.77.3,HK,2026-09-03,2
simba-uw-tf-dev,1.77.4,HK,2026-09-03,2
simba-uw-tf-dev,1.77.5,HK,2026-09-03,2
simba-uw-tf-dev,1.77.6,HK,2026-09-03,2
simba-uw-tf-dev,1.77.7,HK,2026-09-03,2
simba-uw-tf-dev,1.77.8,HK,2026-09-03,2
simba-uw-tf-dev,1.77.9,HK,2026-09-03,2
simba-uw-tf-dev,1.78.1,HK,2026-09-03,2
simba-uw-tf-dev,1.78.2,HK,2026-09-03,2
simba-uw-tf-dev,1.78.3,HK,2026-09-03,2
simba-uw-tf-dev,1.78.4,HK,2026-09-03,2
simba-uw-tf-dev,1.78.5,HK,2026-09-03,2
simba-uw-tf-dev,1.78.6,HK,2026-09-03,2
simba-uw-tf-dev,1.78.7,HK,2026-09-03,2
simba-uw-tf-dev,1.78.8,HK,2026-09-03,2
simba-uw-tf-dev,1.78.9,HK,2026-09-03,2
simba-uw-tf-dev,1.79.1,HK,2026-09-03,2
simba-uw-tf-dev,1.79.2,HK,2026-09-03,2
simba-uw-tf-dev,1.79.3,HK,2026-09-03,2
simba-uw-tf-dev,1.79.4,HK,2026-09-03,2
simba-uw-tf-dev,1.79.5,HK,2026-09-03,2
simba-uw-tf-dev,1.79.6,HK,2026-09-03,2
simba-uw-tf-dev,1.79.7,HK,2026-09-03,2
simba-uw-tf-dev,1.79.8,HK,2026-09-03,2
simba-uw-tf-dev,1.79.9,HK,2026-09-03,2
simba-uw-tf-dev,1.80.1,HK,2026-09-03,2
simba-uw-tf-dev,1.80.2,HK,2026-09-03,2
simba-uw-tf-dev,1.80.3,HK,2026-09-03,2
simba-uw-tf-dev,1.80.4,HK,2026-09-03,2
simba-uw-tf-dev,1.80.5,HK,2026-09-03,2
simba-uw-tf-dev,1.80.6,HK,2026-09-03,2
simba-uw-tf-dev,1.80.7,HK,2026-09-03,2
simba-uw-tf-dev,1.80.8,HK,2026-09-03,2
simba-uw-tf-dev,1.80.9,HK,2026-09-03,2
simba-uw-tf-dev,1.81.1,HK,2026-09-03,2
simba-uw-tf-dev,1.81.2,HK,2026-09-03,2
simba-uw-tf-dev,1.81.3,HK,2026-09-03,2
simba-uw-tf-dev,1.81.4,HK,2026-09-03,2
simba-uw-tf-dev,1.81.5,HK,2026-09-03,2
simba-uw-tf-dev,1.81.6,HK,2026-09-03,2
simba-uw-tf-dev,1.81.7,HK,2026-09-03,2
simba-uw-tf-dev,1.81.8,HK,2026-09-03,2
simba-uw-tf-dev,1.81.9,HK,2026-09-03,2
simba-uw-tf-dev,1.82.1,HK,2026-09-03,2
simba-uw-tf-dev,1.82.3,HK,2026-09-03,2
simba-uw-tf-dev,1.83.1,HK,2026-09-03,2
simba-uw-tf-dev,1.83.2,HK,2026-09-03,2
simba-uw-tf-dev,1.83.3,HK,2026-09-03,2
simba-uw-tf-dev,1.83.4,HK,2026-09-03,2
simba-uw-tf-dev,1.83.5,HK,2026-09-03,2
simba-uw-tf-dev,1.83.6,HK,2026-09-03,2
simba-uw-tf-dev,1.83.7,HK,2026-09-03,2
simba-uw-tf-dev,1.87.5,US,2026-09-03,1
simba-uw-tf-dev,1.90.3,US,2026-09-03,1
simba-uw-tf-dev,2.2.1,US,2026-09-03,1
simba-uw-tf-dev,2.7.2,US,2026-09-03,1
simba-uw-tf-dev,2.7.7,US,2026-09-03,1
simba-uw-tf-dev,5.4.1,AT,2026-09-03,2
simba-uw-tf-dev,5.4.1,US,2026-09-03,1
simba-uw-tf-dev,5.4.3,GB,2026-09-03,1
simba-uw-tf-dev,5.4.6,US,2026-09-03,1
simba-uw-tf-dev,5.5.1,US,2026-09-03,1
simba-uw-tf-dev,5.5.2,DE,2026-09-03,2
simba-uw-tf-dev,5.5.2,NO,2026-09-03,2
simba-uw-tf-dev,5.5.2,US,2026-09-03,2
simba-uw-tf-dev,5.5.3,DE,2026-09-03,2
simba-uw-tf-dev,5.5.3,NO,2026-09-03,2
simba-uw-tf-dev,5.5.3,US,2026-09-03,8
simba-uw-tf-dev,5.5.4,DE,2026-09-03,2
simba-uw-tf-dev,5.5.4,GB,2026-09-03,2
simba-uw-tf-dev,5.5.4,NO,2026-09-03,2
simba-uw-tf-dev,5.5.4,TW,2026-09-03,1
simba-uw-tf-dev,5.5.4,US,2026-09-03,3
simba-uw-tf-dev,5.5.5,AU,2026-09-03,2
simba-uw-tf-dev,5.5.5,CH,2026-09-03,1
simba-uw-tf-dev,5.5.5,CN,2026-09-03,2
simba-uw-tf-dev,5.5.5,DE,2026-09-03,18
simba-uw-tf-dev,5.5.5,DK,2026-09-03,2
simba-uw-tf-dev,5.5.5,FR,2026-09-03,5
simba-uw-tf-dev,5.5.5,GB,2026-09-03,3
simba-uw-tf-dev,5.5.5,HK,2026-09-03,5
simba-uw-tf-dev,5.5.5,IN,2026-09-03,2
simba-uw-tf-dev,5.5.5,KR,2026-09-03,3
simba-uw-tf-dev,5.5.5,NL,2026-09-03,4
simba-uw-tf-dev,5.5.5,SE,2026-09-03,1
simba-uw-tf-dev,5.5.5,SG,2026-09-03,2
simba-uw-tf-dev,5.5.5,US,2026-09-03,27
simba-uw-tf-dev,5.5.6,AU,2026-09-03,1
simba-uw-tf-dev,5.5.6,CN,2026-09-03,10
simba-uw-tf-dev,5.5.6,DE,2026-09-03,32
simba-uw-tf-dev,5.5.6,EC,2026-09-03,1
simba-uw-tf-dev,5.5.6,ES,2026-09-03,1
simba-uw-tf-dev,5.5.6,FR,2026-09-03,3
simba-uw-tf-dev,5.5.6,GB,2026-09-03,6
simba-uw-tf-dev,5.5.6,HK,2026-09-03,12
simba-uw-tf-dev,5.5.6,IE,2026-09-03,3
simba-uw-tf-dev,5.5.6,JP,2026-09-03,6
simba-uw-tf-dev,5.5.6,KR,2026-09-03,4
simba-uw-tf-dev,5.5.6,LT,2026-09-03,2
simba-uw-tf-dev,5.5.6,LV,2026-09-03,2
simba-uw-tf-dev,5.5.6,NL,2026-09-03,1
simba-uw-tf-dev,5.5.6,NP,2026-09-03,1
simba-uw-tf-dev,5.5.6,RU,2026-09-03,6
simba-uw-tf-dev,5.5.6,SE,2026-09-03,1
simba-uw-tf-dev,5.5.6,SG,2026-09-03,10
simba-uw-tf-dev,5.5.6,SK,2026-09-03,1
simba-uw-tf-dev,5.5.6,US,2026-09-03,140
simba-uw-tf-dev,5.5.6,VN,2026-09-03,1
simba-uw-tf-dev,0.0.1,CN,2026-09-02,2
simba-uw-tf-dev,0.4,CN,2026-09-02,2
simba-uw-tf-dev,0.70,CN,2026-09-02,2
simba-uw-tf-dev,0.71,CN,2026-09-02,2
simba-uw-tf-dev,0.72,CN,2026-09-02,2
simba-uw-tf-dev,0.73,CN,2026-09-02,2
simba-uw-tf-dev,0.76.1,CN,2026-09-02,2
simba-uw-tf-dev,0.76.2,CN,2026-09-02,2
simba-uw-tf-dev,0.76.3,CN,2026-09-02,2
simba-uw-tf-dev,0.76.4,CN,2026-09-02,2
simba-uw-tf-dev,0.76.5,CN,2026-09-02,2
simba-uw-tf-dev,0.76.6,CN,2026-09-02,2
simba-uw-tf-dev,0.76.8,CN,2026-09-02,2
simba-uw-tf-dev,0.76.9,CN,2026-09-02,2
simba-uw-tf-dev,0.77,CN,2026-09-02,2
simba-uw-tf-dev,0.80.6,US,2026-09-02,1
simba-uw-tf-dev,0.81.8,US,2026-09-02,1
simba-uw-tf-dev,0.83.5,US,2026-09-02,1
simba-uw-tf-dev,0.87.2,US,2026-09-02,1
simba-uw-tf-dev,1.30.3,US,2026-09-02,1
simba-uw-tf-dev,1.32.6,US,2026-09-02,1
simba-uw-tf-dev,1.40.0,CN,2026-09-02,2
simba-uw-tf-dev,1.40.1,CN,2026-09-02,1
simba-uw-tf-dev,1.40.2,CN,2026-09-02,2
simba-uw-tf-dev,1.40.4,CN,2026-09-02,2
simba-uw-tf-dev,1.40.5,CN,2026-09-02,2
simba-uw-tf-dev,1.40.6,CN,2026-09-02,2
simba-uw-tf-dev,1.40.7,CN,2026-09-02,2
simba-uw-tf-dev,1.40.8,CN,2026-09-02,2
simba-uw-tf-dev,1.40.9,CN,2026-09-02,2
simba-uw-tf-dev,1.50.1,CN,2026-09-02,2
simba-uw-tf-dev,1.50.2,CN,2026-09-02,2
simba-uw-tf-dev,1.50.3,CN,2026-09-02,2
simba-uw-tf-dev,1.50.4,CN,2026-09-02,2
simba-uw-tf-dev,1.50.5,CN,2026-09-02,2
simba-uw-tf-dev,1.50.6,CN,2026-09-02,2
simba-uw-tf-dev,1.50.7,CN,2026-09-02,2
simba-uw-tf-dev,1.50.8,CN,2026-09-02,2
simba-uw-tf-dev,1.50.9,CN,2026-09-02,2
simba-uw-tf-dev,1.51.1,CN,2026-09-02,2
simba-uw-tf-dev,1.51.2,CN,2026-09-02,2
simba-uw-tf-dev,1.51.3,CN,2026-09-02,2
simba-uw-tf-dev,1.51.4,CN,2026-09-02,2
simba-uw-tf-dev,1.51.5,CN,2026-09-02,2
simba-uw-tf-dev,1.51.6,CN,2026-09-02,2
simba-uw-tf-dev,1.51.7,CN,2026-09-02,2
simba-uw-tf-dev,1.51.8,CN,2026-09-02,2
simba-uw-tf-dev,1.51.9,CN,2026-09-02,2
simba-uw-tf-dev,1.52.1,CN,2026-09-02,2
simba-uw-tf-dev,1.52.2,CN,2026-09-02,2
simba-uw-tf-dev,1.52.3,CN,2026-09-02,2
simba-uw-tf-dev,1.52.4,CN,2026-09-02,2
simba-uw-tf-dev,1.52.9,CN,2026-09-02,2
simba-uw-tf-dev,1.52.91,CN,2026-09-02,2
simba-uw-tf-dev,1.52.92,CN,2026-09-02,2
simba-uw-tf-dev,1.53.1,CN,2026-09-02,2
simba-uw-tf-dev,1.53.2,CN,2026-09-02,2
simba-uw-tf-dev,1.53.3,CN,2026-09-02,2
simba-uw-tf-dev,1.53.3,US,2026-09-02,1
simba-uw-tf-dev,1.53.4,CN,2026-09-02,2
simba-uw-tf-dev,1.53.5,CN,2026-09-02,2
simba-uw-tf-dev,1.53.6,CN,2026-09-02,2
simba-uw-tf-dev,1.53.7,CN,2026-09-02,2
simba-uw-tf-dev,1.53.8,CN,2026-09-02,2
simba-uw-tf-dev,1.53.9,CN,2026-09-02,2
simba-uw-tf-dev,1.54.1,CN,2026-09-02,2
simba-uw-tf-dev,1.54.2,CN,2026-09-02,2
simba-uw-tf-dev,1.54.3,CN,2026-09-02,2
simba-uw-tf-dev,1.54.4,CN,2026-09-02,2
simba-uw-tf-dev,1.54.5,CN,2026-09-02,2
simba-uw-tf-dev,1.54.6,CN,2026-09-02,2
simba-uw-tf-dev,1.54.7,CN,2026-09-02,2
simba-uw-tf-dev,1.54.8,CN,2026-09-02,2
simba-uw-tf-dev,1.54.9,CN,2026-09-02,2
simba-uw-tf-dev,1.55.1,CN,2026-09-02,2
simba-uw-tf-dev,1.55.2,CN,2026-09-02,2
simba-uw-tf-dev,1.55.3,CN,2026-09-02,2
simba-uw-tf-dev,1.55.4,CN,2026-09-02,2
simba-uw-tf-dev,1.55.5,CN,2026-09-02,2
simba-uw-tf-dev,1.55.6,CN,2026-09-02,2
simba-uw-tf-dev,1.55.7,CN,2026-09-02,2
simba-uw-tf-dev,1.55.8,CN,2026-09-02,2
simba-uw-tf-dev,1.55.9,CN,2026-09-02,2
simba-uw-tf-dev,1.56.1,CN,2026-09-02,2
simba-uw-tf-dev,1.56.2,CN,2026-09-02,2
simba-uw-tf-dev,1.56.3,CN,2026-09-02,2
simba-uw-tf-dev,1.56.4,CN,2026-09-02,2
simba-uw-tf-dev,1.56.5,CN,2026-09-02,2
simba-uw-tf-dev,1.56.7,CN,2026-09-02,2
simba-uw-tf-dev,1.56.8,CN,2026-09-02,2
simba-uw-tf-dev,1.56.9,CN,2026-09-02,2
simba-uw-tf-dev,1.57.2,CN,2026-09-02,2
simba-uw-tf-dev,1.57.3,CN,2026-09-02,2
simba-uw-tf-dev,1.57.3,US,2026-09-02,1
simba-uw-tf-dev,1.57.4,CN,2026-09-02,2
simba-uw-tf-dev,1.57.5,CN,2026-09-02,2
simba-uw-tf-dev,1.57.6,CN,2026-09-02,2
simba-uw-tf-dev,1.57.8,CN,2026-09-02,2
simba-uw-tf-dev,1.57.9,CN,2026-09-02,2
simba-uw-tf-dev,1.58.1,CN,2026-09-02,2
simba-uw-tf-dev,1.58.2,CN,2026-09-02,2
simba-uw-tf-dev,1.58.3,CN,2026-09-02,2
simba-uw-tf-dev,1.58.4,CN,2026-09-02,2
simba-uw-tf-dev,1.58.5,CN,2026-09-02,2
simba-uw-tf-dev,1.58.6,CN,2026-09-02,2
simba-uw-tf-dev,1.58.7,CN,2026-09-02,2
simba-uw-tf-dev,1.58.8,CN,2026-09-02,2
simba-uw-tf-dev,1.58.9,CN,2026-09-02,2
simba-uw-tf-dev,1.59.1,CN,2026-09-02,2
simba-uw-tf-dev,1.59.2,CN,2026-09-02,2
simba-uw-tf-dev,1.59.3,CN,2026-09-02,2
simba-uw-tf-dev,1.59.4,CN,2026-09-02,2
simba-uw-tf-dev,1.60.1,CN,2026-09-02,2
simba-uw-tf-dev,1.60.2,CN,2026-09-02,2
simba-uw-tf-dev,1.60.3,CN,2026-09-02,2
simba-uw-tf-dev,1.60.4,CN,2026-09-02,2
simba-uw-tf-dev,1.60.5,CN,2026-09-02,2
simba-uw-tf-dev,1.60.6,CN,2026-09-02,2
simba-uw-tf-dev,1.60.7,CN,2026-09-02,2
simba-uw-tf-dev,1.60.9,CN,2026-09-02,2
simba-uw-tf-dev,1.61.1,CN,2026-09-02,2
simba-uw-tf-dev,1.61.1,US,2026-09-02,1
simba-uw-tf-dev,1.61.2,CN,2026-09-02,2
simba-uw-tf-dev,1.61.3,CN,2026-09-02,2
simba-uw-tf-dev,1.61.4,CN,2026-09-02,2
simba-uw-tf-dev,1.61.5,CN,2026-09-02,2
simba-uw-tf-dev,1.61.6,CN,2026-09-02,2
simba-uw-tf-dev,1.61.7,CN,2026-09-02,2
simba-uw-tf-dev,1.61.8,CN,2026-09-02,2
simba-uw-tf-dev,1.61.9,CN,2026-09-02,2
simba-uw-tf-dev,1.62.1,CN,2026-09-02,2
simba-uw-tf-dev,1.62.2,CN,2026-09-02,2
simba-uw-tf-dev,1.62.3,CN,2026-09-02,2
simba-uw-tf-dev,1.62.4,CN,2026-09-02,2
simba-uw-tf-dev,1.62.5,CN,2026-09-02,2
simba-uw-tf-dev,1.62.6,CN,2026-09-02,2
simba-uw-tf-dev,1.62.7,CN,2026-09-02,2
simba-uw-tf-dev,1.62.8,CN,2026-09-02,2
simba-uw-tf-dev,1.62.9,CN,2026-09-02,2
simba-uw-tf-dev,1.63.1,CN,2026-09-02,2
simba-uw-tf-dev,1.63.2,CN,2026-09-02,2
simba-uw-tf-dev,1.63.3,CN,2026-09-02,2
simba-uw-tf-dev,1.63.4,CN,2026-09-02,2
simba-uw-tf-dev,1.63.5,CN,2026-09-02,2
simba-uw-tf-dev,1.63.6,CN,2026-09-02,2
simba-uw-tf-dev,1.63.7,CN,2026-09-02,2
simba-uw-tf-dev,1.63.8,CN,2026-09-02,2
simba-uw-tf-dev,1.63.9,CN,2026-09-02,2
simba-uw-tf-dev,1.64.1,CN,2026-09-02,2
simba-uw-tf-dev,1.64.2,CN,2026-09-02,2
simba-uw-tf-dev,1.64.3,CN,2026-09-02,2
simba-uw-tf-dev,1.64.4,CN,2026-09-02,2
simba-uw-tf-dev,1.64.5,CN,2026-09-02,2
simba-uw-tf-dev,1.64.6,CN,2026-09-02,2
simba-uw-tf-dev,1.64.7,CN,2026-09-02,2
simba-uw-tf-dev,1.64.8,CN,2026-09-02,2
simba-uw-tf-dev,1.64.8,HK,2026-09-02,1
simba-uw-tf-dev,1.64.9,CN,2026-09-02,2
simba-uw-tf-dev,1.65.1,CN,2026-09-02,2
simba-uw-tf-dev,1.65.2,CN,2026-09-02,2
simba-uw-tf-dev,1.65.3,CN,2026-09-02,2
simba-uw-tf-dev,1.65.4,CN,2026-09-02,2
simba-uw-tf-dev,1.65.5,CN,2026-09-02,2
simba-uw-tf-dev,1.65.6,CN,2026-09-02,2
simba-uw-tf-dev,1.65.7,CN,2026-09-02,2
simba-uw-tf-dev,1.65.8,CN,2026-09-02,2
simba-uw-tf-dev,1.65.9,CN,2026-09-02,2
simba-uw-tf-dev,1.70.1,CN,2026-09-02,2
simba-uw-tf-dev,1.70.2,CN,2026-09-02,2
simba-uw-tf-dev,1.70.3,CN,2026-09-02,2
simba-uw-tf-dev,1.70.4,CN,2026-09-02,2
simba-uw-tf-dev,1.70.5,CN,2026-09-02,2
simba-uw-tf-dev,1.70.6,CN,2026-09-02,2
simba-uw-tf-dev,1.70.7,CN,2026-09-02,2
simba-uw-tf-dev,1.70.8,CN,2026-09-02,2
simba-uw-tf-dev,1.70.9,CN,2026-09-02,2
simba-uw-tf-dev,1.71.1,CN,2026-09-02,2
simba-uw-tf-dev,1.71.2,CN,2026-09-02,2
simba-uw-tf-dev,1.71.3,CN,2026-09-02,2
simba-uw-tf-dev,1.71.4,CN,2026-09-02,2
simba-uw-tf-dev,1.71.5,CN,2026-09-02,2
simba-uw-tf-dev,1.71.6,CN,2026-09-02,2
simba-uw-tf-dev,1.71.7,CN,2026-09-02,2
simba-uw-tf-dev,1.71.8,CN,2026-09-02,2
simba-uw-tf-dev,1.71.9,CN,2026-09-02,2
simba-uw-tf-dev,1.72.1,CN,2026-09-02,2
simba-uw-tf-dev,1.72.1,US,2026-09-02,1
simba-uw-tf-dev,1.72.2,CN,2026-09-02,2
simba-uw-tf-dev,1.72.3,CN,2026-09-02,2
simba-uw-tf-dev,1.72.4,CN,2026-09-02,2
simba-uw-tf-dev,1.72.5,CN,2026-09-02,2
simba-uw-tf-dev,1.72.6,CN,2026-09-02,2
simba-uw-tf-dev,1.72.7,CN,2026-09-02,2
simba-uw-tf-dev,1.72.8,CN,2026-09-02,2
simba-uw-tf-dev,1.73.1,CN,2026-09-02,2
simba-uw-tf-dev,1.73.2,CN,2026-09-02,2
simba-uw-tf-dev,1.73.3,CN,2026-09-02,2
simba-uw-tf-dev,1.73.5,CN,2026-09-02,2
simba-uw-tf-dev,1.73.6,CN,2026-09-02,2
simba-uw-tf-dev,1.73.7,CN,2026-09-02,2
simba-uw-tf-dev,1.73.8,CN,2026-09-02,2
simba-uw-tf-dev,1.73.9,CN,2026-09-02,2
simba-uw-tf-dev,1.74.1,CN,2026-09-02,2
simba-uw-tf-dev,1.74.2,CN,2026-09-02,2
simba-uw-tf-dev,1.74.3,CN,2026-09-02,2
simba-uw-tf-dev,1.74.4,CN,2026-09-02,2
simba-uw-tf-dev,1.74.5,CN,2026-09-02,2
simba-uw-tf-dev,1.74.6,CN,2026-09-02,2
simba-uw-tf-dev,1.74.7,CN,2026-09-02,2
simba-uw-tf-dev,1.74.8,CN,2026-09-02,2
simba-uw-tf-dev,1.74.9,CN,2026-09-02,2
simba-uw-tf-dev,1.75.1,CN,2026-09-02,2
simba-uw-tf-dev,1.75.2,CN,2026-09-02,2
simba-uw-tf-dev,1.75.3,CN,2026-09-02,2
simba-uw-tf-dev,1.75.4,CN,2026-09-02,2
simba-uw-tf-dev,1.75.5,CN,2026-09-02,2
simba-uw-tf-dev,1.75.6,CN,2026-09-02,2
simba-uw-tf-dev,1.75.7,CN,2026-09-02,2
simba-uw-tf-dev,1.75.8,CN,2026-09-02,2
simba-uw-tf-dev,1.75.9,CN,2026-09-02,2
simba-uw-tf-dev,1.76.1,CN,2026-09-02,2
simba-uw-tf-dev,1.76.2,CN,2026-09-02,2
simba-uw-tf-dev,1.76.3,CN,2026-09-02,2
simba-uw-tf-dev,1.76.4,CN,2026-09-02,2
simba-uw-tf-dev,1.76.5,CN,2026-09-02,2
simba-uw-tf-dev,1.76.6,CN,2026-09-02,2
simba-uw-tf-dev,1.76.7,CN,2026-09-02,2
simba-uw-tf-dev,1.76.8,CN,2026-09-02,2
simba-uw-tf-dev,1.76.9,CN,2026-09-02,2
simba-uw-tf-dev,1.77.1,CN,2026-09-02,2
simba-uw-tf-dev,1.77.2,CN,2026-09-02,2
simba-uw-tf-dev,1.77.3,CN,2026-09-02,2
simba-uw-tf-dev,1.77.4,CN,2026-09-02,2
simba-uw-tf-dev,1.77.5,CN,2026-09-02,2
simba-uw-tf-dev,1.77.6,CN,2026-09-02,2
simba-uw-tf-dev,1.77.7,CN,2026-09-02,2
simba-uw-tf-dev,1.77.8,CN,2026-09-02,2
simba-uw-tf-dev,1.77.9,CN,2026-09-02,2
simba-uw-tf-dev,1.78.1,CN,2026-09-02,2
simba-uw-tf-dev,1.78.2,CN,2026-09-02,2
simba-uw-tf-dev,1.78.3,CN,2026-09-02,2
simba-uw-tf-dev,1.78.4,CN,2026-09-02,2
simba-uw-tf-dev,1.78.5,CN,2026-09-02,2
simba-uw-tf-dev,1.78.6,CN,2026-09-02,2
simba-uw-tf-dev,1.78.7,CN,2026-09-02,2
simba-uw-tf-dev,1.78.8,CN,2026-09-02,2
simba-uw-tf-dev,1.78.9,CN,2026-09-02,2
simba-uw-tf-dev,1.79.1,CN,2026-09-02,2
simba-uw-tf-dev,1.79.2,CN,2026-09-02,2
simba-uw-tf-dev,1.79.3,CN,2026-09-02,2
simba-uw-tf-dev,1.79.4,CN,2026-09-02,2
simba-uw-tf-dev,1.79.5,CN,2026-09-02,2
simba-uw-tf-dev,1.79.6,CN,2026-09-02,2
simba-uw-tf-dev,1.79.7,CN,2026-09-02,2
simba-uw-tf-dev,1.79.8,CN,2026-09-02,2
simba-uw-tf-dev,1.79.9,CN,2026-09-02,2
simba-uw-tf-dev,1.80.1,CN,2026-09-02,2
simba-uw-tf-dev,1.80.2,CN,2026-09-02,2
simba-uw-tf-dev,1.80.3,CN,2026-09-02,2
simba-uw-tf-dev,1.80.4,CN,2026-09-02,2
simba-uw-tf-dev,1.80.5,CN,2026-09-02,2
simba-uw-tf-dev,1.80.6,CN,2026-09-02,2
simba-uw-tf-dev,1.80.7,CN,2026-09-02,2
simba-uw-tf-dev,1.80.8,CN,2026-09-02,2
simba-uw-tf-dev,1.80.9,CN,2026-09-02,2
simba-uw-tf-dev,1.81.1,CN,2026-09-02,2
simba-uw-tf-dev,1.81.2,CN,2026-09-02,2
simba-uw-tf-dev,1.81.3,CN,2026-09-02,2
simba-uw-tf-dev,1.81.4,CN,2026-09-02,2
simba-uw-tf-dev,1.81.5,CN,2026-09-02,2
simba-uw-tf-dev,1.81.6,CN,2026-09-02,2
simba-uw-tf-dev,1.81.7,CN,2026-09-02,2
simba-uw-tf-dev,1.81.8,CN,2026-09-02,2
simba-uw-tf-dev,1.81.9,CN,2026-09-02,2
simba-uw-tf-dev,1.82.1,CN,2026-09-02,2
simba-uw-tf-dev,1.82.3,CN,2026-09-02,2
simba-uw-tf-dev,1.82.6,FR,2026-09-02,1
simba-uw-tf-dev,1.83.1,CN,2026-09-02,2
simba-uw-tf-dev,1.83.2,CN,2026-09-02,2
simba-uw-tf-dev,1.83.3,CN,2026-09-02,2
simba-uw-tf-dev,1.83.4,CN,2026-09-02,2
simba-uw-tf-dev,1.83.5,CN,2026-09-02,2
simba-uw-tf-dev,1.83.6,CN,2026-09-02,2
simba-uw-tf-dev,1.83.7,CN,2026-09-02,2
simba-uw-tf-dev,1.83.8,CN,2026-09-02,2
simba-uw-tf-dev,1.83.9,CN,2026-09-02,2
simba-uw-tf-dev,1.83.9,HK,2026-09-02,1
simba-uw-tf-dev,1.84.1,CN,2026-09-02,2
simba-uw-tf-dev,1.84.3,CN,2026-09-02,2
simba-uw-tf-dev,1.84.4,CN,2026-09-02,2
simba-uw-tf-dev,1.84.5,CN,2026-09-02,2
simba-uw-tf-dev,1.84.6,CN,2026-09-02,2
simba-uw-tf-dev,1.84.7,CN,2026-09-02,2
simba-uw-tf-dev,1.84.8,CN,2026-09-02,2
simba-uw-tf-dev,1.84.9,CN,2026-09-02,2
simba-uw-tf-dev,1.85.1,CN,2026-09-02,2
simba-uw-tf-dev,1.85.2,CN,2026-09-02,2
simba-uw-tf-dev,1.85.3,CN,2026-09-02,2
simba-uw-tf-dev,1.85.4,CN,2026-09-02,2
simba-uw-tf-dev,1.85.5,CN,2026-09-02,2
simba-uw-tf-dev,1.85.6,CN,2026-09-02,2
simba-uw-tf-dev,1.85.7,CN,2026-09-02,2
simba-uw-tf-dev,1.85.8,CN,2026-09-02,2
simba-uw-tf-dev,1.85.9,CN,2026-09-02,2
simba-uw-tf-dev,1.86.1,CN,2026-09-02,2
simba-uw-tf-dev,1.86.2,CN,2026-09-02,2
simba-uw-tf-dev,1.86.3,CN,2026-09-02,2
simba-uw-tf-dev,1.86.4,CN,2026-09-02,2
simba-uw-tf-dev,1.86.6,CN,2026-09-02,2
simba-uw-tf-dev,1.86.7,CN,2026-09-02,2
simba-uw-tf-dev,1.87.1,CN,2026-09-02,2
simba-uw-tf-dev,1.87.2,CN,2026-09-02,2
simba-uw-tf-dev,1.87.3,CN,2026-09-02,2
simba-uw-tf-dev,1.87.4,CN,2026-09-02,2
simba-uw-tf-dev,1.87.5,CN,2026-09-02,2
simba-uw-tf-dev,1.87.6,CN,2026-09-02,2
simba-uw-tf-dev,1.87.7,CN,2026-09-02,2
simba-uw-tf-dev,1.87.8,CN,2026-09-02,2
simba-uw-tf-dev,1.87.9,CN,2026-09-02,2
simba-uw-tf-dev,1.88.1,CN,2026-09-02,2
simba-uw-tf-dev,1.88.2,CN,2026-09-02,2
simba-uw-tf-dev,1.88.3,CN,2026-09-02,2
simba-uw-tf-dev,1.88.4,CN,2026-09-02,2
simba-uw-tf-dev,1.88.5,CN,2026-09-02,2
simba-uw-tf-dev,1.88.6,CN,2026-09-02,2
simba-uw-tf-dev,1.88.7,CN,2026-09-02,2
simba-uw-tf-dev,1.88.8,CN,2026-09-02,2
simba-uw-tf-dev,1.88.9,CN,2026-09-02,2
simba-uw-tf-dev,1.89.1,CN,2026-09-02,2
simba-uw-tf-dev,1.89.2,CN,2026-09-02,2
simba-uw-tf-dev,1.89.3,CN,2026-09-02,2
simba-uw-tf-dev,1.89.4,CN,2026-09-02,2
simba-uw-tf-dev,1.89.5,CN,2026-09-02,2
simba-uw-tf-dev,1.89.6,CN,2026-09-02,2
simba-uw-tf-dev,1.89.7,CN,2026-09-02,2
simba-uw-tf-dev,1.89.8,CN,2026-09-02,2
simba-uw-tf-dev,1.89.9,CN,2026-09-02,2
simba-uw-tf-dev,1.90.1,CN,2026-09-02,2
simba-uw-tf-dev,1.90.2,CN,2026-09-02,2
simba-uw-tf-dev,1.90.3,CN,2026-09-02,2
simba-uw-tf-dev,1.90.4,CN,2026-09-02,2
simba-uw-tf-dev,1.90.5,CN,2026-09-02,2
simba-uw-tf-dev,1.90.6,CN,2026-09-02,2
simba-uw-tf-dev,1.90.7,CN,2026-09-02,2
simba-uw-tf-dev,1.90.8,CN,2026-09-02,2
simba-uw-tf-dev,1.90.9,CN,2026-09-02,2
simba-uw-tf-dev,1.91.1,CN,2026-09-02,2
simba-uw-tf-dev,1.91.2,CN,2026-09-02,2
simba-uw-tf-dev,1.91.3,CN,2026-09-02,2
simba-uw-tf-dev,1.91.4,CN,2026-09-02,2
simba-uw-tf-dev,1.91.5,CN,2026-09-02,2
simba-uw-tf-dev,1.91.6,CN,2026-09-02,2
simba-uw-tf-dev,1.91.7,CN,2026-09-02,2
simba-uw-tf-dev,1.91.8,CN,2026-09-02,2
simba-uw-tf-dev,1.91.9,CN,2026-09-02,2
simba-uw-tf-dev,1.92.1,CN,2026-09-02,2
simba-uw-tf-dev,1.92.2,CN,2026-09-02,2
simba-uw-tf-dev,1.92.3,CN,2026-09-02,2
simba-uw-tf-dev,1.92.4,CN,2026-09-02,2
simba-uw-tf-dev,1.92.5,CN,2026-09-02,2
simba-uw-tf-dev,1.92.7,CN,2026-09-02,2
simba-uw-tf-dev,1.92.8,CN,2026-09-02,2
simba-uw-tf-dev,1.92.9,CN,2026-09-02,2
simba-uw-tf-dev,1.93.1,CN,2026-09-02,2
simba-uw-tf-dev,1.93.2,CN,2026-09-02,2
simba-uw-tf-dev,1.93.3,CN,2026-09-02,2
simba-uw-tf-dev,1.93.4,CN,2026-09-02,2
simba-uw-tf-dev,1.93.5,CN,2026-09-02,2
simba-uw-tf-dev,1.93.6,CN,2026-09-02,2
simba-uw-tf-dev,1.93.7,CN,2026-09-02,2
simba-uw-tf-dev,1.93.8,CN,2026-09-02,2
simba-uw-tf-dev,1.93.9,CN,2026-09-02,2
simba-uw-tf-dev,1.94.1,CN,2026-09-02,2
simba-uw-tf-dev,1.94.2,CN,2026-09-02,2
simba-uw-tf-dev,1.94.3,CN,2026-09-02,2
simba-uw-tf-dev,1.94.4,CN,2026-09-02,2
simba-uw-tf-dev,1.94.5,CN,2026-09-02,2
simba-uw-tf-dev,1.94.6,CN,2026-09-02,2
simba-uw-tf-dev,1.94.7,CN,2026-09-02,2
simba-uw-tf-dev,1.94.8,CN,2026-09-02,2
simba-uw-tf-dev,1.94.9,CN,2026-09-02,2
simba-uw-tf-dev,1.95.1,CN,2026-09-02,2
simba-uw-tf-dev,1.95.2,CN,2026-09-02,2
simba-uw-tf-dev,1.95.3,CN,2026-09-02,1
simba-uw-tf-dev,1.95.4,CN,2026-09-02,2
simba-uw-tf-dev,1.95.5,CN,2026-09-02,2
simba-uw-tf-dev,1.95.5,DE,2026-09-02,2
simba-uw-tf-dev,1.95.6,CN,2026-09-02,2
simba-uw-tf-dev,1.95.7,CN,2026-09-02,2
simba-uw-tf-dev,1.95.8,CN,2026-09-02,2
simba-uw-tf-dev,1.95.9,CN,2026-09-02,2
simba-uw-tf-dev,1.96.1,CN,2026-09-02,2
simba-uw-tf-dev,1.96.2,CN,2026-09-02,2
simba-uw-tf-dev,1.96.3,CN,2026-09-02,2
simba-uw-tf-dev,1.96.4,CN,2026-09-02,2
simba-uw-tf-dev,1.96.5,CN,2026-09-02,2
simba-uw-tf-dev,1.96.6,CN,2026-09-02,2
simba-uw-tf-dev,1.96.7,CN,2026-09-02,2
simba-uw-tf-dev,1.96.8,CN,2026-09-02,2
simba-uw-tf-dev,1.96.9,CN,2026-09-02,2
simba-uw-tf-dev,1.97.1,CN,2026-09-02,2
simba-uw-tf-dev,1.97.2,CN,2026-09-02,2
simba-uw-tf-dev,1.97.3,CN,2026-09-02,2
simba-uw-tf-dev,1.97.4,CN,2026-09-02,2
simba-uw-tf-dev,1.97.5,CN,2026-09-02,2
simba-uw-tf-dev,1.97.6,CN,2026-09-02,2
simba-uw-tf-dev,1.97.7,CN,2026-09-02,2
simba-uw-tf-dev,1.97.9,CN,2026-09-02,2
simba-uw-tf-dev,1.98.1,CN,2026-09-02,2
simba-uw-tf-dev,1.98.2,CN,2026-09-02,2
simba-uw-tf-dev,1.98.3,CN,2026-09-02,2
simba-uw-tf-dev,1.98.4,CN,2026-09-02,2
simba-uw-tf-dev,1.98.5,CN,2026-09-02,2
simba-uw-tf-dev,1.98.6,CN,2026-09-02,2
simba-uw-tf-dev,1.98.7,CN,2026-09-02,2
simba-uw-tf-dev,1.98.8,CN,2026-09-02,2
simba-uw-tf-dev,1.98.9,CN,2026-09-02,2
simba-uw-tf-dev,1.99.1,CN,2026-09-02,2
simba-uw-tf-dev,1.99.2,CN,2026-09-02,2
simba-uw-tf-dev,1.99.3,CN,2026-09-02,2
simba-uw-tf-dev,1.99.4,CN,2026-09-02,2
simba-uw-tf-dev,1.99.5,CN,2026-09-02,2
simba-uw-tf-dev,1.99.6,CN,2026-09-02,2
simba-uw-tf-dev,1.99.7,CN,2026-09-02,2
simba-uw-tf-dev,1.99.8,CN,2026-09-02,2
simba-uw-tf-dev,1.99.9,CN,2026-09-02,2
simba-uw-tf-dev,2.0.1,CN,2026-09-02,2
simba-uw-tf-dev,2.0.2,CN,2026-09-02,4
simba-uw-tf-dev,2.0.3,CN,2026-09-02,2
simba-uw-tf-dev,2.0.4,CN,2026-09-02,2
simba-uw-tf-dev,2.0.5,CN,2026-09-02,2
simba-uw-tf-dev,2.0.6,CN,2026-09-02,2
simba-uw-tf-dev,2.0.7,CN,2026-09-02,2
simba-uw-tf-dev,2.0.8,CN,2026-09-02,2
simba-uw-tf-dev,2.0.9,CN,2026-09-02,2
simba-uw-tf-dev,2.1.1,CN,2026-09-02,2
simba-uw-tf-dev,2.1.2,CN,2026-09-02,2
simba-uw-tf-dev,2.1.3,CN,2026-09-02,2
simba-uw-tf-dev,2.1.4,CN,2026-09-02,2
simba-uw-tf-dev,2.1.5,CN,2026-09-02,2
simba-uw-tf-dev,2.1.6,CN,2026-09-02,2
simba-uw-tf-dev,2.1.7,CN,2026-09-02,2
simba-uw-tf-dev,2.1.8,CN,2026-09-02,2
simba-uw-tf-dev,2.1.9,CN,2026-09-02,2
simba-uw-tf-dev,2.2.1,CN,2026-09-02,2
simba-uw-tf-dev,2.2.2,CN,2026-09-02,2
simba-uw-tf-dev,2.2.3,CN,2026-09-02,2
simba-uw-tf-dev,2.2.4,CN,2026-09-02,2
simba-uw-tf-dev,2.2.7,CN,2026-09-02,2
simba-uw-tf-dev,2.2.8,CN,2026-09-02,2
simba-uw-tf-dev,2.2.9,CN,2026-09-02,2
simba-uw-tf-dev,2.3.1,CN,2026-09-02,2
simba-uw-tf-dev,2.3.2,CN,2026-09-02,2
simba-uw-tf-dev,2.3.3,CN,2026-09-02,2
simba-uw-tf-dev,2.3.4,CN,2026-09-02,2
simba-uw-tf-dev,2.3.5,CN,2026-09-02,2
simba-uw-tf-dev,2.3.6,CN,2026-09-02,2
simba-uw-tf-dev,2.3.7,CN,2026-09-02,2
simba-uw-tf-dev,2.3.8,CN,2026-09-02,2
simba-uw-tf-dev,2.3.9,CN,2026-09-02,2
simba-uw-tf-dev,2.4.1,CN,2026-09-02,2
simba-uw-tf-dev,2.4.2,CN,2026-09-02,2
simba-uw-tf-dev,2.4.3,CN,2026-09-02,2
simba-uw-tf-dev,2.4.4,CN,2026-09-02,2
simba-uw-tf-dev,2.4.5,CN,2026-09-02,2
simba-uw-tf-dev,2.4.6,CN,2026-09-02,2
simba-uw-tf-dev,2.4.7,CN,2026-09-02,2
simba-uw-tf-dev,2.4.8,CN,2026-09-02,2
simba-uw-tf-dev,2.4.9,CN,2026-09-02,2
simba-uw-tf-dev,2.5.1,CN,2026-09-02,2
simba-uw-tf-dev,2.5.2,CN,2026-09-02,2
simba-uw-tf-dev,2.5.3,CN,2026-09-02,2
simba-uw-tf-dev,2.5.4,CN,2026-09-02,2
simba-uw-tf-dev,2.5.5,CN,2026-09-02,2
simba-uw-tf-dev,2.5.6,CN,2026-09-02,2
simba-uw-tf-dev,2.5.7,CN,2026-09-02,2
simba-uw-tf-dev,2.5.8,CN,2026-09-02,2
simba-uw-tf-dev,2.5.9,CN,2026-09-02,2
simba-uw-tf-dev,2.6.1,CN,2026-09-02,2
simba-uw-tf-dev,2.6.2,CN,2026-09-02,2
simba-uw-tf-dev,2.6.3,CN,2026-09-02,2
simba-uw-tf-dev,2.6.4,CN,2026-09-02,2
simba-uw-tf-dev,2.6.5,CN,2026-09-02,2
simba-uw-tf-dev,2.6.6,CN,2026-09-02,2
simba-uw-tf-dev,2.6.7,CN,2026-09-02,2
simba-uw-tf-dev,2.6.8,CN,2026-09-02,2
simba-uw-tf-dev,2.6.9,CN,2026-09-02,2
simba-uw-tf-dev,2.7.1,CN,2026-09-02,2
simba-uw-tf-dev,2.7.2,CN,2026-09-02,2
simba-uw-tf-dev,2.7.3,CN,2026-09-02,2
simba-uw-tf-dev,2.7.4,CN,2026-09-02,2
simba-uw-tf-dev,2.7.5,CN,2026-09-02,2
simba-uw-tf-dev,2.7.6,CN,2026-09-02,2
simba-uw-tf-dev,2.7.7,CN,2026-09-02,2
simba-uw-tf-dev,2.7.8,CN,2026-09-02,2
simba-uw-tf-dev,2.7.9,CN,2026-09-02,2
simba-uw-tf-dev,2.8.1,CN,2026-09-02,2
simba-uw-tf-dev,2.8.2,CN,2026-09-02,2
simba-uw-tf-dev,2.8.3,CN,2026-09-02,2
simba-uw-tf-dev,2.8.4,CN,2026-09-02,2
simba-uw-tf-dev,2.8.5,CN,2026-09-02,2
simba-uw-tf-dev,2.8.6,CN,2026-09-02,2
simba-uw-tf-dev,2.8.7,CN,2026-09-02,2
simba-uw-tf-dev,2.8.8,CN,2026-09-02,2
simba-uw-tf-dev,2.8.9,CN,2026-09-02,2
simba-uw-tf-dev,2.9.1,CN,2026-09-02,2
simba-uw-tf-dev,2.9.2,CN,2026-09-02,2
simba-uw-tf-dev,2.9.3,CN,2026-09-02,2
simba-uw-tf-dev,2.9.4,CN,2026-09-02,2
simba-uw-tf-dev,2.9.5,CN,2026-09-02,2
simba-uw-tf-dev,2.9.6,CN,2026-09-02,2
simba-uw-tf-dev,2.9.7,CN,2026-09-02,2
simba-uw-tf-dev,2.9.8,CN,2026-09-02,2
simba-uw-tf-dev,2.9.9,CN,2026-09-02,2
simba-uw-tf-dev,3.0.1,CN,2026-09-02,2
simba-uw-tf-dev,3.0.2,CN,2026-09-02,2
simba-uw-tf-dev,3.0.3,CN,2026-09-02,2
simba-uw-tf-dev,3.0.4,CN,2026-09-02,2
simba-uw-tf-dev,3.0.5,CN,2026-09-02,2
simba-uw-tf-dev,3.0.6,CN,2026-09-02,2
simba-uw-tf-dev,3.0.7,CN,2026-09-02,2
simba-uw-tf-dev,3.0.8,CN,2026-09-02,2
simba-uw-tf-dev,3.0.9,CN,2026-09-02,2
simba-uw-tf-dev,3.1.1,CN,2026-09-02,2
simba-uw-tf-dev,3.1.2,CN,2026-09-02,2
simba-uw-tf-dev,3.1.3,CN,2026-09-02,2
simba-uw-tf-dev,3.1.4,CN,2026-09-02,2
simba-uw-tf-dev,3.1.5,CN,2026-09-02,2
simba-uw-tf-dev,3.1.6,CN,2026-09-02,2
simba-uw-tf-dev,3.1.7,CN,2026-09-02,2
simba-uw-tf-dev,3.1.8,CN,2026-09-02,2
simba-uw-tf-dev,3.1.9,CN,2026-09-02,2
simba-uw-tf-dev,3.2.1,CN,2026-09-02,2
simba-uw-tf-dev,3.2.2,CN,2026-09-02,2
simba-uw-tf-dev,3.2.3,CN,2026-09-02,2
simba-uw-tf-dev,3.2.4,CN,2026-09-02,2
simba-uw-tf-dev,3.2.5,CN,2026-09-02,2
simba-uw-tf-dev,3.2.6,CN,2026-09-02,2
simba-uw-tf-dev,3.2.7,CN,2026-09-02,2
simba-uw-tf-dev,3.2.8,CN,2026-09-02,2
simba-uw-tf-dev,3.2.9,CN,2026-09-02,2
simba-uw-tf-dev,3.3.1,CN,2026-09-02,2
simba-uw-tf-dev,3.3.2,CN,2026-09-02,2
simba-uw-tf-dev,3.3.3,CN,2026-09-02,2
simba-uw-tf-dev,3.3.6,CN,2026-09-02,2
simba-uw-tf-dev,3.3.7,CN,2026-09-02,2
simba-uw-tf-dev,3.3.8,CN,2026-09-02,2
simba-uw-tf-dev,3.3.9,CN,2026-09-02,2
simba-uw-tf-dev,3.4.1,CN,2026-09-02,2
simba-uw-tf-dev,3.4.2,CN,2026-09-02,2
simba-uw-tf-dev,3.4.3,CN,2026-09-02,2
simba-uw-tf-dev,3.4.4,CN,2026-09-02,2
simba-uw-tf-dev,3.4.5,CN,2026-09-02,2
simba-uw-tf-dev,3.4.6,CN,2026-09-02,2
simba-uw-tf-dev,3.4.7,CN,2026-09-02,2
simba-uw-tf-dev,3.4.8,CN,2026-09-02,2
simba-uw-tf-dev,3.4.9,CN,2026-09-02,2
simba-uw-tf-dev,3.5.1,CN,2026-09-02,2
simba-uw-tf-dev,3.5.2,CN,2026-09-02,2
simba-uw-tf-dev,3.5.4,CN,2026-09-02,2
simba-uw-tf-dev,3.5.5,CN,2026-09-02,2
simba-uw-tf-dev,3.5.6,CN,2026-09-02,2
simba-uw-tf-dev,3.5.7,CN,2026-09-02,2
simba-uw-tf-dev,3.5.8,CN,2026-09-02,2
simba-uw-tf-dev,3.5.9,CN,2026-09-02,2
simba-uw-tf-dev,3.6.1,CN,2026-09-02,2
simba-uw-tf-dev,3.6.2,CN,2026-09-02,2
simba-uw-tf-dev,3.6.3,CN,2026-09-02,2
simba-uw-tf-dev,3.6.4,CN,2026-09-02,2
simba-uw-tf-dev,3.6.5,CN,2026-09-02,2
simba-uw-tf-dev,3.6.6,CN,2026-09-02,2
simba-uw-tf-dev,3.6.7,CN,2026-09-02,2
simba-uw-tf-dev,3.6.8,CN,2026-09-02,2
simba-uw-tf-dev,3.6.9,CN,2026-09-02,2
simba-uw-tf-dev,3.7.1,CN,2026-09-02,2
simba-uw-tf-dev,3.7.2,CN,2026-09-02,2
simba-uw-tf-dev,3.7.3,CN,2026-09-02,2
simba-uw-tf-dev,3.7.4,CN,2026-09-02,2
simba-uw-tf-dev,3.7.5,CN,2026-09-02,2
simba-uw-tf-dev,3.7.6,CN,2026-09-02,2
simba-uw-tf-dev,3.7.7,CN,2026-09-02,2
simba-uw-tf-dev,3.7.8,CN,2026-09-02,2
simba-uw-tf-dev,3.7.9,CN,2026-09-02,2
simba-uw-tf-dev,3.8.1,CN,2026-09-02,2
simba-uw-tf-dev,3.8.2,CN,2026-09-02,2
simba-uw-tf-dev,3.8.3,CN,2026-09-02,2
simba-uw-tf-dev,3.8.4,CN,2026-09-02,2
simba-uw-tf-dev,3.8.5,CN,2026-09-02,2
simba-uw-tf-dev,3.8.6,CN,2026-09-02,2
simba-uw-tf-dev,3.8.7,CN,2026-09-02,2
simba-uw-tf-dev,3.8.8,CN,2026-09-02,2
simba-uw-tf-dev,3.8.9,CN,2026-09-02,2
simba-uw-tf-dev,3.9.2,CN,2026-09-02,2
simba-uw-tf-dev,3.9.3,CN,2026-09-02,2
simba-uw-tf-dev,3.9.4,CN,2026-09-02,2
simba-uw-tf-dev,3.9.5,CN,2026-09-02,2
simba-uw-tf-dev,3.9.6,CN,2026-09-02,2
simba-uw-tf-dev,3.9.7,CN,2026-09-02,2
simba-uw-tf-dev,3.9.8,CN,2026-09-02,2
simba-uw-tf-dev,3.9.9,CN,2026-09-02,2
simba-uw-tf-dev,4.0.1,CN,2026-09-02,2
simba-uw-tf-dev,4.0.2,CN,2026-09-02,2
simba-uw-tf-dev,4.0.3,CN,2026-09-02,2
simba-uw-tf-dev,4.0.4,CN,2026-09-02,2
simba-uw-tf-dev,4.0.5,CN,2026-09-02,2
simba-uw-tf-dev,4.0.6,CN,2026-09-02,2
simba-uw-tf-dev,4.0.7,CN,2026-09-02,2
simba-uw-tf-dev,4.0.9,CN,2026-09-02,2
simba-uw-tf-dev,4.1.1,CN,2026-09-02,2
simba-uw-tf-dev,4.1.2,CN,2026-09-02,2
simba-uw-tf-dev,4.1.3,CN,2026-09-02,2
simba-uw-tf-dev,4.1.4,CN,2026-09-02,2
simba-uw-tf-dev,4.1.5,CN,2026-09-02,2
simba-uw-tf-dev,4.1.6,CN,2026-09-02,2
simba-uw-tf-dev,4.1.7,CN,2026-09-02,2
simba-uw-tf-dev,4.1.8,CN,2026-09-02,2
simba-uw-tf-dev,4.1.9,CN,2026-09-02,2
simba-uw-tf-dev,4.2.1,CN,2026-09-02,2
simba-uw-tf-dev,4.2.2,CN,2026-09-02,2
simba-uw-tf-dev,4.2.3,CN,2026-09-02,2
simba-uw-tf-dev,4.2.4,CN,2026-09-02,2
simba-uw-tf-dev,4.2.5,CN,2026-09-02,2
simba-uw-tf-dev,4.2.6,CN,2026-09-02,2
simba-uw-tf-dev,4.2.7,CN,2026-09-02,2
simba-uw-tf-dev,4.2.8,CN,2026-09-02,2
simba-uw-tf-dev,4.2.9,CN,2026-09-02,2
simba-uw-tf-dev,4.3.1,CN,2026-09-02,2
simba-uw-tf-dev,4.3.3,CN,2026-09-02,2
simba-uw-tf-dev,4.3.4,CN,2026-09-02,2
simba-uw-tf-dev,4.3.5,CN,2026-09-02,2
simba-uw-tf-dev,4.3.6,CN,2026-09-02,2
simba-uw-tf-dev,4.3.7,CN,2026-09-02,2
simba-uw-tf-dev,4.3.8,CN,2026-09-02,2
simba-uw-tf-dev,4.3.9,CN,2026-09-02,2
simba-uw-tf-dev,4.4.1,CN,2026-09-02,2
simba-uw-tf-dev,4.4.2,CN,2026-09-02,2
simba-uw-tf-dev,4.4.3,CN,2026-09-02,2
simba-uw-tf-dev,4.4.4,CN,2026-09-02,2
simba-uw-tf-dev,4.4.5,CN,2026-09-02,2
simba-uw-tf-dev,4.4.6,CN,2026-09-02,2
simba-uw-tf-dev,4.4.7,CN,2026-09-02,2
simba-uw-tf-dev,4.4.8,CN,2026-09-02,2
simba-uw-tf-dev,4.4.9,CN,2026-09-02,2
simba-uw-tf-dev,4.5.1,CN,2026-09-02,2
simba-uw-tf-dev,4.5.2,CN,2026-09-02,2
simba-uw-tf-dev,4.5.3,CN,2026-09-02,2
simba-uw-tf-dev,4.5.4,CN,2026-09-02,2
simba-uw-tf-dev,4.5.5,CN,2026-09-02,2
simba-uw-tf-dev,4.5.6,CN,2026-09-02,2
simba-uw-tf-dev,4.5.7,CN,2026-09-02,2
simba-uw-tf-dev,4.5.8,CN,2026-09-02,2
simba-uw-tf-dev,4.5.9,CN,2026-09-02,2
simba-uw-tf-dev,4.6.1,CN,2026-09-02,2
simba-uw-tf-dev,4.6.2,CN,2026-09-02,2
simba-uw-tf-dev,4.6.3,CN,2026-09-02,2
simba-uw-tf-dev,4.6.4,CN,2026-09-02,2
simba-uw-tf-dev,4.6.6,CN,2026-09-02,2
simba-uw-tf-dev,4.6.7,CN,2026-09-02,2
simba-uw-tf-dev,4.6.8,CN,2026-09-02,2
simba-uw-tf-dev,4.6.9,CN,2026-09-02,2
simba-uw-tf-dev,4.6.9,US,2026-09-02,1
simba-uw-tf-dev,4.7.1,CN,2026-09-02,2
simba-uw-tf-dev,4.7.2,CN,2026-09-02,2
simba-uw-tf-dev,4.7.3,CN,2026-09-02,2
simba-uw-tf-dev,4.7.4,CN,2026-09-02,2
simba-uw-tf-dev,4.7.5,CN,2026-09-02,2
simba-uw-tf-dev,4.7.6,CN,2026-09-02,2
simba-uw-tf-dev,4.7.7,CN,2026-09-02,2
simba-uw-tf-dev,4.7.8,CN,2026-09-02,2
simba-uw-tf-dev,4.7.9,CN,2026-09-02,2
simba-uw-tf-dev,4.8.1,CN,2026-09-02,2
simba-uw-tf-dev,4.8.2,CN,2026-09-02,2
simba-uw-tf-dev,4.8.3,CN,2026-09-02,2
simba-uw-tf-dev,4.8.4,CN,2026-09-02,2
simba-uw-tf-dev,4.8.5,CN,2026-09-02,2
simba-uw-tf-dev,4.8.6,CN,2026-09-02,2
simba-uw-tf-dev,4.8.7,CN,2026-09-02,2
simba-uw-tf-dev,4.8.8,CN,2026-09-02,2
simba-uw-tf-dev,4.8.9,CN,2026-09-02,2
simba-uw-tf-dev,4.9.1,CN,2026-09-02,2
simba-uw-tf-dev,4.9.2,CN,2026-09-02,2
simba-uw-tf-dev,4.9.3,CN,2026-09-02,2
simba-uw-tf-dev,4.9.4,CN,2026-09-02,2
simba-uw-tf-dev,4.9.5,CN,2026-09-02,2
simba-uw-tf-dev,4.9.6,CN,2026-09-02,2
simba-uw-tf-dev,4.9.7,CN,2026-09-02,2
simba-uw-tf-dev,4.9.8,CN,2026-09-02,2
simba-uw-tf-dev,4.9.9,CN,2026-09-02,2
simba-uw-tf-dev,5.1.1,CN,2026-09-02,2
simba-uw-tf-dev,5.1.2,CN,2026-09-02,2
simba-uw-tf-dev,5.1.3,CN,2026-09-02,2
simba-uw-tf-dev,5.1.4,CN,2026-09-02,2
simba-uw-tf-dev,5.1.5,CN,2026-09-02,2
simba-uw-tf-dev,5.1.6,CN,2026-09-02,2
simba-uw-tf-dev,5.1.7,CN,2026-09-02,2
simba-uw-tf-dev,5.1.8,CN,2026-09-02,2
simba-uw-tf-dev,5.1.9,CN,2026-09-02,2
simba-uw-tf-dev,5.2.1,CN,2026-09-02,2
simba-uw-tf-dev,5.2.2,CN,2026-09-02,2
simba-uw-tf-dev,5.2.3,CN,2026-09-02,2
simba-uw-tf-dev,5.2.4,CN,2026-09-02,2
simba-uw-tf-dev,5.2.5,CN,2026-09-02,2
simba-uw-tf-dev,5.2.6,CN,2026-09-02,2
simba-uw-tf-dev,5.2.7,CN,2026-09-02,2
simba-uw-tf-dev,5.2.8,CN,2026-09-02,2
simba-uw-tf-dev,5.2.9,CN,2026-09-02,2
simba-uw-tf-dev,5.3.1,CN,2026-09-02,2
simba-uw-tf-dev,5.3.2,CN,2026-09-02,2
simba-uw-tf-dev,5.3.3,CN,2026-09-02,1
simba-uw-tf-dev,5.3.4,CN,2026-09-02,2
simba-uw-tf-dev,5.3.5,CN,2026-09-02,2
simba-uw-tf-dev,5.3.6,CN,2026-09-02,2
simba-uw-tf-dev,5.3.7,CN,2026-09-02,2
simba-uw-tf-dev,5.3.8,CN,2026-09-02,2
simba-uw-tf-dev,5.3.9,CN,2026-09-02,2
simba-uw-tf-dev,5.4.1,CN,2026-09-02,2
simba-uw-tf-dev,5.4.2,CN,2026-09-02,2
simba-uw-tf-dev,5.4.3,CN,2026-09-02,2
simba-uw-tf-dev,5.4.4,CN,2026-09-02,2
simba-uw-tf-dev,5.4.5,CN,2026-09-02,2
simba-uw-tf-dev,5.4.6,CN,2026-09-02,2
simba-uw-tf-dev,5.4.7,CN,2026-09-02,2
simba-uw-tf-dev,5.4.8,CN,2026-09-02,2
simba-uw-tf-dev,5.4.9,CN,2026-09-02,2
simba-uw-tf-dev,5.5.1,CN,2026-09-02,2
simba-uw-tf-dev,5.5.2,AU,2026-09-02,2
simba-uw-tf-dev,5.5.2,CN,2026-09-02,2
simba-uw-tf-dev,5.5.2,NO,2026-09-02,2
simba-uw-tf-dev,5.5.2,SE,2026-09-02,2
simba-uw-tf-dev,5.5.2,US,2026-09-02,7
simba-uw-tf-dev,5.5.3,AU,2026-09-02,2
simba-uw-tf-dev,5.5.3,CN,2026-09-02,2
simba-uw-tf-dev,5.5.3,NO,2026-09-02,2
simba-uw-tf-dev,5.5.3,SE,2026-09-02,2
simba-uw-tf-dev,5.5.3,US,2026-09-02,5
simba-uw-tf-dev,5.5.4,AU,2026-09-02,2
simba-uw-tf-dev,5.5.4,CN,2026-09-02,2
simba-uw-tf-dev,5.5.4,GB,2026-09-02,1
simba-uw-tf-dev,5.5.4,HK,2026-09-02,2
simba-uw-tf-dev,5.5.4,NO,2026-09-02,2
simba-uw-tf-dev,5.5.4,SE,2026-09-02,2
simba-uw-tf-dev,5.5.4,US,2026-09-02,19
simba-uw-tf-dev,5.5.5,AU,2026-09-02,1
simba-uw-tf-dev,5.5.5,CN,2026-09-02,12
simba-uw-tf-dev,5.5.5,DE,2026-09-02,17
simba-uw-tf-dev,5.5.5,EC,2026-09-02,1
simba-uw-tf-dev,5.5.5,ES,2026-09-02,3
simba-uw-tf-dev,5.5.5,FR,2026-09-02,2
simba-uw-tf-dev,5.5.5,GB,2026-09-02,6
simba-uw-tf-dev,5.5.5,HK,2026-09-02,12
simba-uw-tf-dev,5.5.5,HU,2026-09-02,1
simba-uw-tf-dev,5.5.5,IE,2026-09-02,3
simba-uw-tf-dev,5.5.5,JP,2026-09-02,6
simba-uw-tf-dev,5.5.5,KR,2026-09-02,2
simba-uw-tf-dev,5.5.5,LT,2026-09-02,1
simba-uw-tf-dev,5.5.5,LV,2026-09-02,2
simba-uw-tf-dev,5.5.5,NP,2026-09-02,1
simba-uw-tf-dev,5.5.5,PT,2026-09-02,1
simba-uw-tf-dev,5.5.5,RU,2026-09-02,7
simba-uw-tf-dev,5.5.5,SE,2026-09-02,3
simba-uw-tf-dev,5.5.5,SG,2026-09-02,8
simba-uw-tf-dev,5.5.5,US,2026-09-02,124
simba-uw-tf-dev,5.5.5,VN,2026-09-02,2
simba-uw-tf-dev,1.33.7,US,2026-09-01,1
simba-uw-tf-dev,1.56.9,CA,2026-09-01,1
simba-uw-tf-dev,1.57.2,CA,2026-09-01,1
simba-uw-tf-dev,1.60.7,US,2026-09-01,1
simba-uw-tf-dev,1.60.9,US,2026-09-01,1
simba-uw-tf-dev,1.62.4,US,2026-09-01,1
simba-uw-tf-dev,1.77.3,CA,2026-09-01,1
simba-uw-tf-dev,1.77.4,CA,2026-09-01,1
simba-uw-tf-dev,1.80.5,CA,2026-09-01,1
simba-uw-tf-dev,1.80.6,CA,2026-09-01,1
simba-uw-tf-dev,1.82.9,CA,2026-09-01,1
simba-uw-tf-dev,1.83.1,CA,2026-09-01,1
simba-uw-tf-dev,1.84.4,FR,2026-09-01,1
simba-uw-tf-dev,1.87.5,CA,2026-09-01,1
simba-uw-tf-dev,1.87.6,CA,2026-09-01,1
simba-uw-tf-dev,1.93.1,CA,2026-09-01,1
simba-uw-tf-dev,1.94.5,CA,2026-09-01,1
simba-uw-tf-dev,3.4.7,US,2026-09-01,1
simba-uw-tf-dev,5.3.9,US,2026-09-01,1
simba-uw-tf-dev,5.5.1,IN,2026-09-01,1
simba-uw-tf-dev,5.5.2,DE,2026-09-01,1
simba-uw-tf-dev,5.5.2,JP,2026-09-01,2
simba-uw-tf-dev,5.5.2,NL,2026-09-01,2
simba-uw-tf-dev,5.5.2,US,2026-09-01,9
simba-uw-tf-dev,5.5.3,JP,2026-09-01,2
simba-uw-tf-dev,5.5.3,NL,2026-09-01,2
simba-uw-tf-dev,5.5.3,US,2026-09-01,4
simba-uw-tf-dev,5.5.4,AU,2026-09-01,1
simba-uw-tf-dev,5.5.4,CA,2026-09-01,2
simba-uw-tf-dev,5.5.4,DK,2026-09-01,2
simba-uw-tf-dev,5.5.4,HK,2026-09-01,2
simba-uw-tf-dev,5.5.4,IT,2026-09-01,1
simba-uw-tf-dev,5.5.4,JP,2026-09-01,2
simba-uw-tf-dev,5.5.4,NL,2026-09-01,3
simba-uw-tf-dev,5.5.4,NO,2026-09-01,2
simba-uw-tf-dev,5.5.4,RU,2026-09-01,2
simba-uw-tf-dev,5.5.4,SE,2026-09-01,2
simba-uw-tf-dev,5.5.4,US,2026-09-01,14
simba-uw-tf-dev,0.41,HK,2026-08-31,1
simba-uw-tf-dev,0.60,US,2026-08-31,1
simba-uw-tf-dev,0.77.5,US,2026-08-31,1
simba-uw-tf-dev,0.80.9,HK,2026-08-31,1
simba-uw-tf-dev,0.82.8,HK,2026-08-31,1
simba-uw-tf-dev,0.86.3,HK,2026-08-31,1
simba-uw-tf-dev,0.89.3,US,2026-08-31,1
simba-uw-tf-dev,0.90.2,US,2026-08-31,1
simba-uw-tf-dev,0.90.6,US,2026-08-31,1
simba-uw-tf-dev,0.96.2,US,2026-08-31,1
simba-uw-tf-dev,0.96.8,US,2026-08-31,1
simba-uw-tf-dev,0.98.9,US,2026-08-31,1
simba-uw-tf-dev,0.99.0,US,2026-08-31,1
simba-uw-tf-dev,0.99.1,US,2026-08-31,1
simba-uw-tf-dev,1.21.5,US,2026-08-31,1
simba-uw-tf-dev,1.31.0,US,2026-08-31,1
simba-uw-tf-dev,1.31.9,HK,2026-08-31,1
simba-uw-tf-dev,1.50.7,FR,2026-08-31,1
simba-uw-tf-dev,1.52.9,HK,2026-08-31,1
simba-uw-tf-dev,1.55.2,US,2026-08-31,1
simba-uw-tf-dev,1.55.9,HK,2026-08-31,1
simba-uw-tf-dev,1.56.8,US,2026-08-31,1
simba-uw-tf-dev,1.59.8,US,2026-08-31,1
simba-uw-tf-dev,1.59.9,FR,2026-08-31,1
simba-uw-tf-dev,1.65.2,US,2026-08-31,1
simba-uw-tf-dev,1.65.9,US,2026-08-31,1
simba-uw-tf-dev,1.77.5,US,2026-08-31,1
simba-uw-tf-dev,1.77.6,US,2026-08-31,1
simba-uw-tf-dev,1.81.1,US,2026-08-31,1
simba-uw-tf-dev,1.83.4,IE,2026-08-31,1
simba-uw-tf-dev,1.84.3,US,2026-08-31,1
simba-uw-tf-dev,1.87.5,US,2026-08-31,2
simba-uw-tf-dev,1.91.1,US,2026-08-31,1
simba-uw-tf-dev,1.92.2,US,2026-08-31,1
simba-uw-tf-dev,1.95.4,DE,2026-08-31,2
simba-uw-tf-dev,2.7.5,US,2026-08-31,1
simba-uw-tf-dev,3.1.7,US,2026-08-31,1
simba-uw-tf-dev,4.4.4,CN,2026-08-31,1
simba-uw-tf-dev,5.2.6,US,2026-08-31,3
simba-uw-tf-dev,5.3.9,SG,2026-08-31,1
simba-uw-tf-dev,5.3.9,US,2026-08-31,1
simba-uw-tf-dev,5.4.5,US,2026-08-31,1
simba-uw-tf-dev,5.4.8,SG,2026-08-31,6
simba-uw-tf-dev,5.4.9,SG,2026-08-31,6
simba-uw-tf-dev,5.5.1,SG,2026-08-31,6
simba-uw-tf-dev,5.5.2,FR,2026-08-31,2
simba-uw-tf-dev,5.5.2,SG,2026-08-31,6
simba-uw-tf-dev,5.5.2,US,2026-08-31,5
simba-uw-tf-dev,5.5.3,FR,2026-08-31,2
simba-uw-tf-dev,5.5.3,HK,2026-08-31,1
simba-uw-tf-dev,5.5.3,SG,2026-08-31,6
simba-uw-tf-dev,5.5.3,US,2026-08-31,4
simba-uw-tf-dev,5.5.4,DE,2026-08-31,2
simba-uw-tf-dev,5.5.4,FR,2026-08-31,6
simba-uw-tf-dev,5.5.4,IN,2026-08-31,2
simba-uw-tf-dev,5.5.4,IT,2026-08-31,1
simba-uw-tf-dev,5.5.4,JP,2026-08-31,1
simba-uw-tf-dev,5.5.4,SG,2026-08-31,6
simba-uw-tf-dev,5.5.4,US,2026-08-31,21
simba-uw-tf-dev,0.85.1,US,2026-08-30,1
simba-uw-tf-dev,0.86.7,JP,2026-08-30,1
simba-uw-tf-dev,1.60.7,US,2026-08-30,1
simba-uw-tf-dev,1.99.2,US,2026-08-30,1
simba-uw-tf-dev,2.4.4,US,2026-08-30,1
simba-uw-tf-dev,5.3.8,SG,2026-08-30,2
simba-uw-tf-dev,5.4.1,FR,2026-08-30,2
simba-uw-tf-dev,5.4.2,AT,2026-08-30,2
simba-uw-tf-dev,5.4.2,FR,2026-08-30,2
simba-uw-tf-dev,5.4.3,FR,2026-08-30,2
simba-uw-tf-dev,5.4.4,FR,2026-08-30,2
simba-uw-tf-dev,5.4.5,FR,2026-08-30,2
simba-uw-tf-dev,5.4.6,FR,2026-08-30,2
simba-uw-tf-dev,5.4.7,FR,2026-08-30,2
simba-uw-tf-dev,5.4.8,FR,2026-08-30,2
simba-uw-tf-dev,5.4.9,FR,2026-08-30,2
simba-uw-tf-dev,5.5.1,FR,2026-08-30,2
simba-uw-tf-dev,5.5.1,KR,2026-08-30,1
simba-uw-tf-dev,5.5.2,FR,2026-08-30,2
simba-uw-tf-dev,5.5.2,NL,2026-08-30,2
simba-uw-tf-dev,5.5.2,US,2026-08-30,4
simba-uw-tf-dev,5.5.3,FR,2026-08-30,2
simba-uw-tf-dev,5.5.3,NL,2026-08-30,2
simba-uw-tf-dev,5.5.3,US,2026-08-30,4
simba-uw-tf-dev,5.5.4,CN,2026-08-30,2
simba-uw-tf-dev,5.5.4,DE,2026-08-30,3
simba-uw-tf-dev,5.5.4,DK,2026-08-30,2
simba-uw-tf-dev,5.5.4,FR,2026-08-30,5
simba-uw-tf-dev,5.5.4,IE,2026-08-30,1
simba-uw-tf-dev,5.5.4,JP,2026-08-30,2
simba-uw-tf-dev,5.5.4,KR,2026-08-30,4
simba-uw-tf-dev,5.5.4,NL,2026-08-30,2
simba-uw-tf-dev,5.5.4,SG,2026-08-30,2
simba-uw-tf-dev,5.5.4,US,2026-08-30,23
simba-uw-tf-dev,0.99.9,US,2026-08-29,1
simba-uw-tf-dev,1.89.3,US,2026-08-29,1
simba-uw-tf-dev,3.4.1,US,2026-08-29,1
simba-uw-tf-dev,3.5.4,US,2026-08-29,1
simba-uw-tf-dev,3.8.3,US,2026-08-29,1
simba-uw-tf-dev,5.4.3,AT,2026-08-29,2
simba-uw-tf-dev,5.5.2,CN,2026-08-29,2
simba-uw-tf-dev,5.5.2,DK,2026-08-29,2
simba-uw-tf-dev,5.5.2,FR,2026-08-29,4
simba-uw-tf-dev,5.5.2,IN,2026-08-29,1
simba-uw-tf-dev,5.5.2,NO,2026-08-29,4
simba-uw-tf-dev,5.5.2,SG,2026-08-29,2
simba-uw-tf-dev,5.5.2,US,2026-08-29,13
simba-uw-tf-dev,5.5.3,CN,2026-08-29,3
simba-uw-tf-dev,5.5.3,DE,2026-08-29,17
simba-uw-tf-dev,5.5.3,DK,2026-08-29,2
simba-uw-tf-dev,5.5.3,FR,2026-08-29,3
simba-uw-tf-dev,5.5.3,GB,2026-08-29,1
simba-uw-tf-dev,5.5.3,HK,2026-08-29,2
simba-uw-tf-dev,5.5.3,IN,2026-08-29,1
simba-uw-tf-dev,5.5.3,NL,2026-08-29,2
simba-uw-tf-dev,5.5.3,NO,2026-08-29,4
simba-uw-tf-dev,5.5.3,RU,2026-08-29,2
simba-uw-tf-dev,5.5.3,SG,2026-08-29,2
simba-uw-tf-dev,5.5.3,US,2026-08-29,22
simba-uw-tf-dev,5.5.4,AU,2026-08-29,3
simba-uw-tf-dev,5.5.4,CH,2026-08-29,1
simba-uw-tf-dev,5.5.4,CN,2026-08-29,15
simba-uw-tf-dev,5.5.4,DE,2026-08-29,29
simba-uw-tf-dev,5.5.4,ES,2026-08-29,1
simba-uw-tf-dev,5.5.4,FR,2026-08-29,5
simba-uw-tf-dev,5.5.4,GB,2026-08-29,7
simba-uw-tf-dev,5.5.4,HK,2026-08-29,17
simba-uw-tf-dev,5.5.4,HU,2026-08-29,1
simba-uw-tf-dev,5.5.4,IE,2026-08-29,3
simba-uw-tf-dev,5.5.4,JP,2026-08-29,11
simba-uw-tf-dev,5.5.4,KR,2026-08-29,3
simba-uw-tf-dev,5.5.4,LT,2026-08-29,1
simba-uw-tf-dev,5.5.4,LV,2026-08-29,2
simba-uw-tf-dev,5.5.4,NL,2026-08-29,5
simba-uw-tf-dev,5.5.4,NP,2026-08-29,1
simba-uw-tf-dev,5.5.4,RU,2026-08-29,5
simba-uw-tf-dev,5.5.4,SE,2026-08-29,1
simba-uw-tf-dev,5.5.4,SG,2026-08-29,2
simba-uw-tf-dev,5.5.4,US,2026-08-29,157
simba-uw-tf-dev,5.5.4,VN,2026-08-29,2
simba-uw-tf-dev,0.0.1,US,2026-08-28,1
simba-uw-tf-dev,0.1,HK,2026-08-28,1
simba-uw-tf-dev,0.4,US,2026-08-28,1
simba-uw-tf-dev,0.50,HU,2026-08-28,1
simba-uw-tf-dev,0.70,US,2026-08-28,1
simba-uw-tf-dev,0.71,US,2026-08-28,1
simba-uw-tf-dev,0.72,US,2026-08-28,1
simba-uw-tf-dev,0.76.1,US,2026-08-28,1
simba-uw-tf-dev,0.76.2,US,2026-08-28,2
simba-uw-tf-dev,0.76.3,US,2026-08-28,2
simba-uw-tf-dev,0.76.5,US,2026-08-28,2
simba-uw-tf-dev,0.76.8,US,2026-08-28,1
simba-uw-tf-dev,0.77,US,2026-08-28,2
simba-uw-tf-dev,0.78,DE,2026-08-28,1
simba-uw-tf-dev,0.79.1,US,2026-08-28,1
simba-uw-tf-dev,0.88.7,US,2026-08-28,1
simba-uw-tf-dev,0.91.0,US,2026-08-28,1
simba-uw-tf-dev,0.97.1,US,2026-08-28,1
simba-uw-tf-dev,0.97.2,HK,2026-08-28,1
simba-uw-tf-dev,1.32.9,US,2026-08-28,1
simba-uw-tf-dev,1.33.5,US,2026-08-28,1
simba-uw-tf-dev,1.40.0,US,2026-08-28,1
simba-uw-tf-dev,1.40.1,US,2026-08-28,2
simba-uw-tf-dev,1.40.2,US,2026-08-28,1
simba-uw-tf-dev,1.40.4,US,2026-08-28,2
simba-uw-tf-dev,1.40.5,US,2026-08-28,1
simba-uw-tf-dev,1.40.6,US,2026-08-28,1
simba-uw-tf-dev,1.40.8,US,2026-08-28,1
simba-uw-tf-dev,1.40.9,US,2026-08-28,1
simba-uw-tf-dev,1.50.1,US,2026-08-28,1
simba-uw-tf-dev,1.50.2,US,2026-08-28,2
simba-uw-tf-dev,1.50.3,US,2026-08-28,2
simba-uw-tf-dev,1.50.4,US,2026-08-28,1
simba-uw-tf-dev,1.50.5,US,2026-08-28,2
simba-uw-tf-dev,1.50.6,US,2026-08-28,2
simba-uw-tf-dev,1.50.7,US,2026-08-28,2
simba-uw-tf-dev,1.50.9,US,2026-08-28,2
simba-uw-tf-dev,1.51.1,US,2026-08-28,1
simba-uw-tf-dev,1.51.2,US,2026-08-28,2
simba-uw-tf-dev,1.51.3,US,2026-08-28,1
simba-uw-tf-dev,1.51.4,US,2026-08-28,2
simba-uw-tf-dev,1.51.5,US,2026-08-28,1
simba-uw-tf-dev,1.51.6,US,2026-08-28,1
simba-uw-tf-dev,1.51.7,HK,2026-08-28,1
simba-uw-tf-dev,1.51.7,US,2026-08-28,1
simba-uw-tf-dev,1.51.8,US,2026-08-28,1
simba-uw-tf-dev,1.51.9,US,2026-08-28,2
simba-uw-tf-dev,1.52.1,US,2026-08-28,1
simba-uw-tf-dev,1.52.2,US,2026-08-28,2
simba-uw-tf-dev,1.52.3,US,2026-08-28,2
simba-uw-tf-dev,1.52.4,US,2026-08-28,2
simba-uw-tf-dev,1.52.9,US,2026-08-28,1
simba-uw-tf-dev,1.52.91,US,2026-08-28,2
simba-uw-tf-dev,1.52.92,US,2026-08-28,2
simba-uw-tf-dev,1.53.1,US,2026-08-28,1
simba-uw-tf-dev,1.53.2,US,2026-08-28,2
simba-uw-tf-dev,1.53.3,US,2026-08-28,1
simba-uw-tf-dev,1.53.4,US,2026-08-28,2
simba-uw-tf-dev,1.53.5,US,2026-08-28,2
simba-uw-tf-dev,1.53.6,US,2026-08-28,2
simba-uw-tf-dev,1.53.7,US,2026-08-28,2
simba-uw-tf-dev,1.53.8,US,2026-08-28,2
simba-uw-tf-dev,1.53.9,US,2026-08-28,1
simba-uw-tf-dev,1.54.1,US,2026-08-28,1
simba-uw-tf-dev,1.54.2,US,2026-08-28,1
simba-uw-tf-dev,1.54.4,US,2026-08-28,1
simba-uw-tf-dev,1.54.5,US,2026-08-28,1
simba-uw-tf-dev,1.54.6,US,2026-08-28,2
simba-uw-tf-dev,1.54.7,US,2026-08-28,2
simba-uw-tf-dev,1.54.8,US,2026-08-28,2
simba-uw-tf-dev,1.54.9,US,2026-08-28,1
simba-uw-tf-dev,1.55.3,US,2026-08-28,2
simba-uw-tf-dev,1.55.4,US,2026-08-28,2
simba-uw-tf-dev,1.55.5,US,2026-08-28,1
simba-uw-tf-dev,1.55.6,US,2026-08-28,2
simba-uw-tf-dev,1.55.7,US,2026-08-28,1
simba-uw-tf-dev,1.55.8,US,2026-08-28,1
simba-uw-tf-dev,1.55.9,US,2026-08-28,2
simba-uw-tf-dev,1.56.1,US,2026-08-28,2
simba-uw-tf-dev,1.56.2,US,2026-08-28,2
simba-uw-tf-dev,1.56.3,US,2026-08-28,1
simba-uw-tf-dev,1.56.4,US,2026-08-28,2
simba-uw-tf-dev,1.56.7,US,2026-08-28,2
simba-uw-tf-dev,1.56.8,US,2026-08-28,1
simba-uw-tf-dev,1.56.9,US,2026-08-28,2
simba-uw-tf-dev,1.57.2,US,2026-08-28,2
simba-uw-tf-dev,1.57.4,US,2026-08-28,2
simba-uw-tf-dev,1.57.5,US,2026-08-28,2
simba-uw-tf-dev,1.57.6,US,2026-08-28,1
simba-uw-tf-dev,1.57.8,US,2026-08-28,2
simba-uw-tf-dev,1.57.9,US,2026-08-28,1
simba-uw-tf-dev,1.58.1,US,2026-08-28,2
simba-uw-tf-dev,1.58.2,US,2026-08-28,2
simba-uw-tf-dev,1.58.3,US,2026-08-28,2
simba-uw-tf-dev,1.58.4,US,2026-08-28,2
simba-uw-tf-dev,1.58.6,US,2026-08-28,2
simba-uw-tf-dev,1.58.7,US,2026-08-28,1
simba-uw-tf-dev,1.58.9,US,2026-08-28,2
simba-uw-tf-dev,1.59.1,US,2026-08-28,2
simba-uw-tf-dev,1.59.2,US,2026-08-28,2
simba-uw-tf-dev,1.59.3,US,2026-08-28,2
simba-uw-tf-dev,1.59.4,US,2026-08-28,2
simba-uw-tf-dev,1.60.1,US,2026-08-28,2
simba-uw-tf-dev,1.60.2,US,2026-08-28,2
simba-uw-tf-dev,1.60.3,US,2026-08-28,1
simba-uw-tf-dev,1.60.4,US,2026-08-28,1
simba-uw-tf-dev,1.60.5,US,2026-08-28,2
simba-uw-tf-dev,1.60.6,US,2026-08-28,2
simba-uw-tf-dev,1.60.7,US,2026-08-28,3
simba-uw-tf-dev,1.60.9,US,2026-08-28,1
simba-uw-tf-dev,1.61.1,US,2026-08-28,1
simba-uw-tf-dev,1.61.2,US,2026-08-28,1
simba-uw-tf-dev,1.61.3,US,2026-08-28,1
simba-uw-tf-dev,1.61.4,US,2026-08-28,1
simba-uw-tf-dev,1.61.5,US,2026-08-28,1
simba-uw-tf-dev,1.61.6,US,2026-08-28,2
simba-uw-tf-dev,1.61.7,US,2026-08-28,1
simba-uw-tf-dev,1.61.8,US,2026-08-28,1
simba-uw-tf-dev,1.61.9,US,2026-08-28,1
simba-uw-tf-dev,1.62.2,US,2026-08-28,1
simba-uw-tf-dev,1.62.3,US,2026-08-28,2
simba-uw-tf-dev,1.62.4,US,2026-08-28,1
simba-uw-tf-dev,1.62.5,US,2026-08-28,1
simba-uw-tf-dev,1.62.7,US,2026-08-28,2
simba-uw-tf-dev,1.62.8,US,2026-08-28,2
simba-uw-tf-dev,1.62.9,US,2026-08-28,2
simba-uw-tf-dev,1.63.1,US,2026-08-28,1
simba-uw-tf-dev,1.63.2,US,2026-08-28,2
simba-uw-tf-dev,1.63.3,US,2026-08-28,1
simba-uw-tf-dev,1.63.4,US,2026-08-28,1
simba-uw-tf-dev,1.63.5,US,2026-08-28,1
simba-uw-tf-dev,1.63.6,US,2026-08-28,1
simba-uw-tf-dev,1.63.7,US,2026-08-28,2
simba-uw-tf-dev,1.63.8,US,2026-08-28,1
simba-uw-tf-dev,1.63.9,US,2026-08-28,1
simba-uw-tf-dev,1.64.1,US,2026-08-28,2
simba-uw-tf-dev,1.64.3,US,2026-08-28,2
simba-uw-tf-dev,1.64.4,US,2026-08-28,1
simba-uw-tf-dev,1.64.5,US,2026-08-28,1
simba-uw-tf-dev,1.64.6,US,2026-08-28,2
simba-uw-tf-dev,1.64.7,US,2026-08-28,2
simba-uw-tf-dev,1.64.8,US,2026-08-28,1
simba-uw-tf-dev,1.64.9,US,2026-08-28,2
simba-uw-tf-dev,1.65.1,US,2026-08-28,1
simba-uw-tf-dev,1.65.2,US,2026-08-28,2
simba-uw-tf-dev,1.65.3,US,2026-08-28,2
simba-uw-tf-dev,1.65.4,US,2026-08-28,1
simba-uw-tf-dev,1.65.5,US,2026-08-28,3
simba-uw-tf-dev,1.65.6,US,2026-08-28,2
simba-uw-tf-dev,1.65.8,US,2026-08-28,1
simba-uw-tf-dev,1.65.9,US,2026-08-28,1
simba-uw-tf-dev,1.70.1,US,2026-08-28,2
simba-uw-tf-dev,1.70.2,US,2026-08-28,2
simba-uw-tf-dev,1.70.3,US,2026-08-28,2
simba-uw-tf-dev,1.70.4,US,2026-08-28,2
simba-uw-tf-dev,1.70.5,US,2026-08-28,2
simba-uw-tf-dev,1.70.8,US,2026-08-28,1
simba-uw-tf-dev,1.70.9,US,2026-08-28,2
simba-uw-tf-dev,1.71.1,US,2026-08-28,1
simba-uw-tf-dev,1.71.2,US,2026-08-28,1
simba-uw-tf-dev,1.71.3,US,2026-08-28,1
simba-uw-tf-dev,1.71.4,US,2026-08-28,1
simba-uw-tf-dev,1.71.5,US,2026-08-28,2
simba-uw-tf-dev,1.71.6,US,2026-08-28,2
simba-uw-tf-dev,1.71.8,US,2026-08-28,2
simba-uw-tf-dev,1.71.9,US,2026-08-28,2
simba-uw-tf-dev,1.72.1,US,2026-08-28,1
simba-uw-tf-dev,1.72.2,US,2026-08-28,1
simba-uw-tf-dev,1.72.3,US,2026-08-28,2
simba-uw-tf-dev,1.72.4,US,2026-08-28,4
simba-uw-tf-dev,1.72.5,US,2026-08-28,1
simba-uw-tf-dev,1.72.7,US,2026-08-28,1
simba-uw-tf-dev,1.72.8,US,2026-08-28,1
simba-uw-tf-dev,1.73.2,US,2026-08-28,1
simba-uw-tf-dev,1.73.3,US,2026-08-28,2
simba-uw-tf-dev,1.73.5,US,2026-08-28,2
simba-uw-tf-dev,1.73.6,US,2026-08-28,1
simba-uw-tf-dev,1.73.8,US,2026-08-28,2
simba-uw-tf-dev,1.73.9,US,2026-08-28,2
simba-uw-tf-dev,1.74.1,US,2026-08-28,1
simba-uw-tf-dev,1.74.3,US,2026-08-28,1
simba-uw-tf-dev,1.74.4,US,2026-08-28,2
simba-uw-tf-dev,1.74.5,US,2026-08-28,2
simba-uw-tf-dev,1.74.6,US,2026-08-28,1
simba-uw-tf-dev,1.74.7,US,2026-08-28,1
simba-uw-tf-dev,1.74.8,US,2026-08-28,2
simba-uw-tf-dev,1.74.9,US,2026-08-28,2
simba-uw-tf-dev,1.75.1,US,2026-08-28,1
simba-uw-tf-dev,1.75.2,US,2026-08-28,1
simba-uw-tf-dev,1.75.3,US,2026-08-28,2
simba-uw-tf-dev,1.75.5,US,2026-08-28,1
simba-uw-tf-dev,1.75.6,US,2026-08-28,1
simba-uw-tf-dev,1.75.8,US,2026-08-28,2
simba-uw-tf-dev,1.75.9,US,2026-08-28,1
simba-uw-tf-dev,1.76.1,US,2026-08-28,1
simba-uw-tf-dev,1.76.2,US,2026-08-28,2
simba-uw-tf-dev,1.76.3,US,2026-08-28,1
simba-uw-tf-dev,1.76.4,US,2026-08-28,2
simba-uw-tf-dev,1.76.5,US,2026-08-28,2
simba-uw-tf-dev,1.76.6,US,2026-08-28,2
simba-uw-tf-dev,1.76.7,US,2026-08-28,1
simba-uw-tf-dev,1.76.8,US,2026-08-28,1
simba-uw-tf-dev,1.76.9,US,2026-08-28,1
simba-uw-tf-dev,1.77.1,US,2026-08-28,2
simba-uw-tf-dev,1.77.2,US,2026-08-28,1
simba-uw-tf-dev,1.77.3,US,2026-08-28,1
simba-uw-tf-dev,1.77.4,US,2026-08-28,1
simba-uw-tf-dev,1.77.5,US,2026-08-28,2
simba-uw-tf-dev,1.77.6,US,2026-08-28,1
simba-uw-tf-dev,1.77.7,US,2026-08-28,2
simba-uw-tf-dev,1.77.8,US,2026-08-28,2
simba-uw-tf-dev,1.78.1,US,2026-08-28,1
simba-uw-tf-dev,1.78.2,US,2026-08-28,2
simba-uw-tf-dev,1.78.3,US,2026-08-28,2
simba-uw-tf-dev,1.78.4,US,2026-08-28,2
simba-uw-tf-dev,1.78.5,US,2026-08-28,2
simba-uw-tf-dev,1.78.6,US,2026-08-28,2
simba-uw-tf-dev,1.78.7,US,2026-08-28,2
simba-uw-tf-dev,1.78.8,US,2026-08-28,2
simba-uw-tf-dev,1.78.9,US,2026-08-28,2
simba-uw-tf-dev,1.79.1,US,2026-08-28,2
simba-uw-tf-dev,1.79.2,US,2026-08-28,1
simba-uw-tf-dev,1.79.3,US,2026-08-28,1
simba-uw-tf-dev,1.79.4,US,2026-08-28,2
simba-uw-tf-dev,1.79.5,US,2026-08-28,2
simba-uw-tf-dev,1.79.7,US,2026-08-28,2
simba-uw-tf-dev,1.79.8,US,2026-08-28,1
simba-uw-tf-dev,1.79.9,US,2026-08-28,1
simba-uw-tf-dev,1.80.1,US,2026-08-28,1
simba-uw-tf-dev,1.80.2,US,2026-08-28,1
simba-uw-tf-dev,1.80.3,US,2026-08-28,1
simba-uw-tf-dev,1.80.4,US,2026-08-28,1
simba-uw-tf-dev,1.80.5,US,2026-08-28,1
simba-uw-tf-dev,1.80.6,US,2026-08-28,2
simba-uw-tf-dev,1.80.7,US,2026-08-28,1
simba-uw-tf-dev,1.80.8,US,2026-08-28,1
simba-uw-tf-dev,1.80.9,US,2026-08-28,2
simba-uw-tf-dev,1.81.1,US,2026-08-28,1
simba-uw-tf-dev,1.81.3,US,2026-08-28,1
simba-uw-tf-dev,1.81.4,US,2026-08-28,2
simba-uw-tf-dev,1.81.5,US,2026-08-28,2
simba-uw-tf-dev,1.81.6,US,2026-08-28,2
simba-uw-tf-dev,1.81.7,US,2026-08-28,2
simba-uw-tf-dev,1.81.8,US,2026-08-28,1
simba-uw-tf-dev,1.81.9,US,2026-08-28,2
simba-uw-tf-dev,1.82.1,US,2026-08-28,2
simba-uw-tf-dev,1.83.1,US,2026-08-28,2
simba-uw-tf-dev,1.83.2,US,2026-08-28,2
simba-uw-tf-dev,1.83.3,US,2026-08-28,2
simba-uw-tf-dev,1.83.4,US,2026-08-28,2
simba-uw-tf-dev,1.83.5,US,2026-08-28,2
simba-uw-tf-dev,1.83.6,US,2026-08-28,1
simba-uw-tf-dev,1.83.7,US,2026-08-28,2
simba-uw-tf-dev,1.83.8,US,2026-08-28,2
simba-uw-tf-dev,1.83.9,US,2026-08-28,2
simba-uw-tf-dev,1.84.1,US,2026-08-28,2
simba-uw-tf-dev,1.84.3,US,2026-08-28,1
simba-uw-tf-dev,1.84.4,US,2026-08-28,1
simba-uw-tf-dev,1.84.5,US,2026-08-28,2
simba-uw-tf-dev,1.84.6,US,2026-08-28,2
simba-uw-tf-dev,1.84.7,US,2026-08-28,1
simba-uw-tf-dev,1.84.8,US,2026-08-28,1
simba-uw-tf-dev,1.84.9,US,2026-08-28,1
simba-uw-tf-dev,1.85.1,US,2026-08-28,2
simba-uw-tf-dev,1.85.2,US,2026-08-28,1
simba-uw-tf-dev,1.85.3,US,2026-08-28,1
simba-uw-tf-dev,1.85.4,US,2026-08-28,2
simba-uw-tf-dev,1.85.5,US,2026-08-28,2
simba-uw-tf-dev,1.85.6,US,2026-08-28,2
simba-uw-tf-dev,1.85.7,US,2026-08-28,2
simba-uw-tf-dev,1.85.8,US,2026-08-28,1
simba-uw-tf-dev,1.85.9,US,2026-08-28,2
simba-uw-tf-dev,1.86.1,US,2026-08-28,2
simba-uw-tf-dev,1.86.3,US,2026-08-28,2
simba-uw-tf-dev,1.86.4,US,2026-08-28,2
simba-uw-tf-dev,1.86.6,US,2026-08-28,2
simba-uw-tf-dev,1.86.7,US,2026-08-28,2
simba-uw-tf-dev,1.87.1,US,2026-08-28,1
simba-uw-tf-dev,1.87.2,US,2026-08-28,1
simba-uw-tf-dev,1.87.3,US,2026-08-28,1
simba-uw-tf-dev,1.87.4,US,2026-08-28,2
simba-uw-tf-dev,1.87.5,US,2026-08-28,2
simba-uw-tf-dev,1.87.6,US,2026-08-28,1
simba-uw-tf-dev,1.87.7,US,2026-08-28,1
simba-uw-tf-dev,1.87.8,US,2026-08-28,3
simba-uw-tf-dev,1.87.9,US,2026-08-28,2
simba-uw-tf-dev,1.88.1,US,2026-08-28,1
simba-uw-tf-dev,1.88.2,US,2026-08-28,1
simba-uw-tf-dev,1.88.3,US,2026-08-28,1
simba-uw-tf-dev,1.88.4,US,2026-08-28,1
simba-uw-tf-dev,1.88.5,US,2026-08-28,1
simba-uw-tf-dev,1.88.6,US,2026-08-28,1
simba-uw-tf-dev,1.88.7,US,2026-08-28,2
simba-uw-tf-dev,1.88.8,US,2026-08-28,1
simba-uw-tf-dev,1.88.9,US,2026-08-28,1
simba-uw-tf-dev,1.89.1,US,2026-08-28,2
simba-uw-tf-dev,1.89.2,US,2026-08-28,2
simba-uw-tf-dev,1.89.4,US,2026-08-28,2
simba-uw-tf-dev,1.89.5,US,2026-08-28,2
simba-uw-tf-dev,1.89.6,US,2026-08-28,2
simba-uw-tf-dev,1.89.7,US,2026-08-28,1
simba-uw-tf-dev,1.89.8,US,2026-08-28,2
simba-uw-tf-dev,1.89.9,US,2026-08-28,1
simba-uw-tf-dev,1.90.1,US,2026-08-28,1
simba-uw-tf-dev,1.90.2,US,2026-08-28,2
simba-uw-tf-dev,1.90.3,US,2026-08-28,2
simba-uw-tf-dev,1.90.4,US,2026-08-28,1
simba-uw-tf-dev,1.90.5,US,2026-08-28,2
simba-uw-tf-dev,1.90.6,US,2026-08-28,1
simba-uw-tf-dev,1.90.7,US,2026-08-28,1
simba-uw-tf-dev,1.90.8,US,2026-08-28,2
simba-uw-tf-dev,1.90.9,US,2026-08-28,2
simba-uw-tf-dev,1.91.1,US,2026-08-28,2
simba-uw-tf-dev,1.91.2,US,2026-08-28,1
simba-uw-tf-dev,1.91.3,US,2026-08-28,1
simba-uw-tf-dev,1.91.4,US,2026-08-28,1
simba-uw-tf-dev,1.91.5,US,2026-08-28,2
simba-uw-tf-dev,1.91.6,US,2026-08-28,2
simba-uw-tf-dev,1.91.7,US,2026-08-28,1
simba-uw-tf-dev,1.91.8,US,2026-08-28,2
simba-uw-tf-dev,1.91.9,US,2026-08-28,1
simba-uw-tf-dev,1.92.1,US,2026-08-28,2
simba-uw-tf-dev,1.92.2,US,2026-08-28,1
simba-uw-tf-dev,1.92.3,US,2026-08-28,1
simba-uw-tf-dev,1.92.4,US,2026-08-28,2
simba-uw-tf-dev,1.92.5,US,2026-08-28,1
simba-uw-tf-dev,1.92.7,US,2026-08-28,2
simba-uw-tf-dev,1.92.8,US,2026-08-28,1
simba-uw-tf-dev,1.92.9,US,2026-08-28,2
simba-uw-tf-dev,1.93.1,US,2026-08-28,2
simba-uw-tf-dev,1.93.2,US,2026-08-28,2
simba-uw-tf-dev,1.93.3,US,2026-08-28,1
simba-uw-tf-dev,1.93.4,US,2026-08-28,2
simba-uw-tf-dev,1.93.6,US,2026-08-28,2
simba-uw-tf-dev,1.93.7,US,2026-08-28,2
simba-uw-tf-dev,1.93.8,US,2026-08-28,1
simba-uw-tf-dev,1.93.9,US,2026-08-28,2
simba-uw-tf-dev,1.94.1,US,2026-08-28,1
simba-uw-tf-dev,1.94.2,US,2026-08-28,1
simba-uw-tf-dev,1.94.3,US,2026-08-28,1
simba-uw-tf-dev,1.94.4,US,2026-08-28,1
simba-uw-tf-dev,1.94.5,US,2026-08-28,2
simba-uw-tf-dev,1.94.6,US,2026-08-28,3
simba-uw-tf-dev,1.94.7,US,2026-08-28,1
simba-uw-tf-dev,1.94.8,US,2026-08-28,1
simba-uw-tf-dev,1.94.9,US,2026-08-28,2
simba-uw-tf-dev,1.95.1,US,2026-08-28,2
simba-uw-tf-dev,1.95.2,DE,2026-08-28,2
simba-uw-tf-dev,1.95.2,US,2026-08-28,1
simba-uw-tf-dev,1.95.3,DE,2026-08-28,1
simba-uw-tf-dev,1.95.4,US,2026-08-28,1
simba-uw-tf-dev,1.95.5,US,2026-08-28,1
simba-uw-tf-dev,1.95.6,US,2026-08-28,1
simba-uw-tf-dev,1.95.7,US,2026-08-28,2
simba-uw-tf-dev,1.95.8,US,2026-08-28,1
simba-uw-tf-dev,1.95.9,US,2026-08-28,2
simba-uw-tf-dev,1.96.1,US,2026-08-28,2
simba-uw-tf-dev,1.96.2,US,2026-08-28,2
simba-uw-tf-dev,1.96.3,US,2026-08-28,2
simba-uw-tf-dev,1.96.4,US,2026-08-28,2
simba-uw-tf-dev,1.96.5,US,2026-08-28,1
simba-uw-tf-dev,1.96.6,US,2026-08-28,2
simba-uw-tf-dev,1.96.7,US,2026-08-28,2
simba-uw-tf-dev,1.96.8,US,2026-08-28,2
simba-uw-tf-dev,1.96.9,US,2026-08-28,2
simba-uw-tf-dev,1.97.1,US,2026-08-28,1
simba-uw-tf-dev,1.97.2,US,2026-08-28,2
simba-uw-tf-dev,1.97.3,US,2026-08-28,2
simba-uw-tf-dev,1.97.4,US,2026-08-28,1
simba-uw-tf-dev,1.97.5,US,2026-08-28,2
simba-uw-tf-dev,1.97.6,US,2026-08-28,2
simba-uw-tf-dev,1.97.7,US,2026-08-28,2
simba-uw-tf-dev,1.98.1,US,2026-08-28,1
simba-uw-tf-dev,1.98.2,US,2026-08-28,2
simba-uw-tf-dev,1.98.3,US,2026-08-28,1
simba-uw-tf-dev,1.98.4,US,2026-08-28,2
simba-uw-tf-dev,1.98.5,US,2026-08-28,2
simba-uw-tf-dev,1.98.6,US,2026-08-28,1
simba-uw-tf-dev,1.98.7,US,2026-08-28,1
simba-uw-tf-dev,1.98.8,US,2026-08-28,2
simba-uw-tf-dev,1.98.9,US,2026-08-28,1
simba-uw-tf-dev,1.99.1,US,2026-08-28,2
simba-uw-tf-dev,1.99.2,US,2026-08-28,2
simba-uw-tf-dev,1.99.3,US,2026-08-28,2
simba-uw-tf-dev,1.99.4,US,2026-08-28,1
simba-uw-tf-dev,1.99.5,US,2026-08-28,1
simba-uw-tf-dev,1.99.6,US,2026-08-28,2
simba-uw-tf-dev,1.99.7,US,2026-08-28,2
simba-uw-tf-dev,1.99.8,US,2026-08-28,2
simba-uw-tf-dev,1.99.9,US,2026-08-28,1
simba-uw-tf-dev,2.0.1,US,2026-08-28,2
simba-uw-tf-dev,2.0.2,US,2026-08-28,1
simba-uw-tf-dev,2.0.3,US,2026-08-28,1
simba-uw-tf-dev,2.0.5,US,2026-08-28,2
simba-uw-tf-dev,2.0.6,US,2026-08-28,2
simba-uw-tf-dev,2.0.7,US,2026-08-28,2
simba-uw-tf-dev,2.0.8,US,2026-08-28,2
simba-uw-tf-dev,2.0.9,US,2026-08-28,2
simba-uw-tf-dev,2.1.3,US,2026-08-28,1
simba-uw-tf-dev,2.1.4,US,2026-08-28,2
simba-uw-tf-dev,2.1.5,US,2026-08-28,2
simba-uw-tf-dev,2.1.6,US,2026-08-28,1
simba-uw-tf-dev,2.1.7,US,2026-08-28,1
simba-uw-tf-dev,2.1.8,US,2026-08-28,2
simba-uw-tf-dev,2.1.9,US,2026-08-28,1
simba-uw-tf-dev,2.2.1,US,2026-08-28,2
simba-uw-tf-dev,2.2.2,US,2026-08-28,2
simba-uw-tf-dev,2.2.3,US,2026-08-28,2
simba-uw-tf-dev,2.2.4,US,2026-08-28,2
simba-uw-tf-dev,2.2.7,US,2026-08-28,1
simba-uw-tf-dev,2.2.8,US,2026-08-28,2
simba-uw-tf-dev,2.2.9,US,2026-08-28,1
simba-uw-tf-dev,2.3.1,US,2026-08-28,1
simba-uw-tf-dev,2.3.2,US,2026-08-28,1
simba-uw-tf-dev,2.3.3,US,2026-08-28,2
simba-uw-tf-dev,2.3.4,US,2026-08-28,2
simba-uw-tf-dev,2.3.5,US,2026-08-28,1
simba-uw-tf-dev,2.3.6,US,2026-08-28,1
simba-uw-tf-dev,2.3.7,US,2026-08-28,2
simba-uw-tf-dev,2.3.9,US,2026-08-28,1
simba-uw-tf-dev,2.4.1,US,2026-08-28,1
simba-uw-tf-dev,2.4.3,US,2026-08-28,2
simba-uw-tf-dev,2.4.4,US,2026-08-28,2
simba-uw-tf-dev,2.4.5,US,2026-08-28,2
simba-uw-tf-dev,2.4.6,US,2026-08-28,1
simba-uw-tf-dev,2.4.7,US,2026-08-28,2
simba-uw-tf-dev,2.4.8,US,2026-08-28,1
simba-uw-tf-dev,2.4.9,US,2026-08-28,2
simba-uw-tf-dev,2.5.1,US,2026-08-28,2
simba-uw-tf-dev,2.5.2,US,2026-08-28,2
simba-uw-tf-dev,2.5.3,US,2026-08-28,2
simba-uw-tf-dev,2.5.4,US,2026-08-28,2
simba-uw-tf-dev,2.5.5,US,2026-08-28,1
simba-uw-tf-dev,2.5.6,US,2026-08-28,1
simba-uw-tf-dev,2.5.7,US,2026-08-28,1
simba-uw-tf-dev,2.5.8,US,2026-08-28,1
simba-uw-tf-dev,2.5.9,US,2026-08-28,2
simba-uw-tf-dev,2.6.1,US,2026-08-28,2
simba-uw-tf-dev,2.6.2,US,2026-08-28,2
simba-uw-tf-dev,2.6.3,US,2026-08-28,2
simba-uw-tf-dev,2.6.4,US,2026-08-28,2
simba-uw-tf-dev,2.6.5,US,2026-08-28,2
simba-uw-tf-dev,2.6.6,US,2026-08-28,2
simba-uw-tf-dev,2.6.7,US,2026-08-28,2
simba-uw-tf-dev,2.6.8,US,2026-08-28,2
simba-uw-tf-dev,2.7.1,US,2026-08-28,2
simba-uw-tf-dev,2.7.3,US,2026-08-28,2
simba-uw-tf-dev,2.7.4,US,2026-08-28,2
simba-uw-tf-dev,2.7.5,US,2026-08-28,1
simba-uw-tf-dev,2.7.6,US,2026-08-28,1
simba-uw-tf-dev,2.7.7,US,2026-08-28,2
simba-uw-tf-dev,2.7.8,US,2026-08-28,2
simba-uw-tf-dev,2.7.9,US,2026-08-28,1
simba-uw-tf-dev,2.8.1,US,2026-08-28,1
simba-uw-tf-dev,2.8.2,US,2026-08-28,1
simba-uw-tf-dev,2.8.3,US,2026-08-28,2
simba-uw-tf-dev,2.8.4,US,2026-08-28,2
simba-uw-tf-dev,2.8.5,US,2026-08-28,1
simba-uw-tf-dev,2.8.6,US,2026-08-28,2
simba-uw-tf-dev,2.8.7,US,2026-08-28,2
simba-uw-tf-dev,2.8.8,US,2026-08-28,1
simba-uw-tf-dev,2.8.9,US,2026-08-28,2
simba-uw-tf-dev,2.9.1,US,2026-08-28,2
simba-uw-tf-dev,2.9.2,US,2026-08-28,1
simba-uw-tf-dev,2.9.3,US,2026-08-28,2
simba-uw-tf-dev,2.9.4,US,2026-08-28,1
simba-uw-tf-dev,2.9.5,US,2026-08-28,2
simba-uw-tf-dev,2.9.6,US,2026-08-28,2
simba-uw-tf-dev,2.9.7,US,2026-08-28,2
simba-uw-tf-dev,2.9.8,US,2026-08-28,1
simba-uw-tf-dev,2.9.9,US,2026-08-28,2
simba-uw-tf-dev,3.0.1,US,2026-08-28,2
simba-uw-tf-dev,3.0.2,US,2026-08-28,2
simba-uw-tf-dev,3.0.3,US,2026-08-28,2
simba-uw-tf-dev,3.0.4,US,2026-08-28,1
simba-uw-tf-dev,3.0.5,US,2026-08-28,1
simba-uw-tf-dev,3.0.6,US,2026-08-28,1
simba-uw-tf-dev,3.0.7,US,2026-08-28,2
simba-uw-tf-dev,3.0.8,US,2026-08-28,2
simba-uw-tf-dev,3.0.9,US,2026-08-28,2
simba-uw-tf-dev,3.1.1,US,2026-08-28,2
simba-uw-tf-dev,3.1.4,US,2026-08-28,2
simba-uw-tf-dev,3.1.5,US,2026-08-28,2
simba-uw-tf-dev,3.1.6,US,2026-08-28,1
simba-uw-tf-dev,3.1.7,US,2026-08-28,2
simba-uw-tf-dev,3.1.9,US,2026-08-28,2
simba-uw-tf-dev,3.2.1,US,2026-08-28,1
simba-uw-tf-dev,3.2.2,US,2026-08-28,1
simba-uw-tf-dev,3.2.3,US,2026-08-28,1
simba-uw-tf-dev,3.2.4,US,2026-08-28,1
simba-uw-tf-dev,3.2.6,US,2026-08-28,1
simba-uw-tf-dev,3.2.8,US,2026-08-28,1
simba-uw-tf-dev,3.2.9,US,2026-08-28,2
simba-uw-tf-dev,3.3.1,US,2026-08-28,2
simba-uw-tf-dev,3.3.2,US,2026-08-28,2
simba-uw-tf-dev,3.3.3,US,2026-08-28,2
simba-uw-tf-dev,3.3.8,US,2026-08-28,2
simba-uw-tf-dev,3.3.9,US,2026-08-28,2
simba-uw-tf-dev,3.4.1,US,2026-08-28,1
simba-uw-tf-dev,3.4.2,US,2026-08-28,1
simba-uw-tf-dev,3.4.3,US,2026-08-28,2
simba-uw-tf-dev,3.4.4,US,2026-08-28,1
simba-uw-tf-dev,3.4.5,US,2026-08-28,1
simba-uw-tf-dev,3.4.6,US,2026-08-28,2
simba-uw-tf-dev,3.4.7,US,2026-08-28,1
simba-uw-tf-dev,3.4.8,US,2026-08-28,1
simba-uw-tf-dev,3.4.9,US,2026-08-28,1
simba-uw-tf-dev,3.5.1,US,2026-08-28,2
simba-uw-tf-dev,3.5.2,US,2026-08-28,2
simba-uw-tf-dev,3.5.4,US,2026-08-28,1
simba-uw-tf-dev,3.5.5,US,2026-08-28,2
simba-uw-tf-dev,3.5.6,US,2026-08-28,2
simba-uw-tf-dev,3.5.8,US,2026-08-28,2
simba-uw-tf-dev,3.6.1,US,2026-08-28,2
simba-uw-tf-dev,3.6.3,US,2026-08-28,2
simba-uw-tf-dev,3.6.4,US,2026-08-28,2
simba-uw-tf-dev,3.6.5,US,2026-08-28,2
simba-uw-tf-dev,3.6.6,US,2026-08-28,2
simba-uw-tf-dev,3.6.7,US,2026-08-28,1
simba-uw-tf-dev,3.6.8,US,2026-08-28,2
simba-uw-tf-dev,3.6.9,US,2026-08-28,1
simba-uw-tf-dev,3.7.1,US,2026-08-28,1
simba-uw-tf-dev,3.7.2,US,2026-08-28,2
simba-uw-tf-dev,3.7.3,US,2026-08-28,2
simba-uw-tf-dev,3.7.4,US,2026-08-28,1
simba-uw-tf-dev,3.7.5,US,2026-08-28,2
simba-uw-tf-dev,3.7.6,US,2026-08-28,1
simba-uw-tf-dev,3.7.7,US,2026-08-28,2
simba-uw-tf-dev,3.7.8,US,2026-08-28,2
simba-uw-tf-dev,3.7.9,US,2026-08-28,2
simba-uw-tf-dev,3.8.1,US,2026-08-28,2
simba-uw-tf-dev,3.8.3,US,2026-08-28,2
simba-uw-tf-dev,3.8.4,US,2026-08-28,2
simba-uw-tf-dev,3.8.6,US,2026-08-28,1
simba-uw-tf-dev,3.8.8,US,2026-08-28,1
simba-uw-tf-dev,3.8.9,US,2026-08-28,2
simba-uw-tf-dev,3.9.2,US,2026-08-28,2
simba-uw-tf-dev,3.9.3,US,2026-08-28,2
simba-uw-tf-dev,3.9.4,US,2026-08-28,2
simba-uw-tf-dev,3.9.5,US,2026-08-28,2
simba-uw-tf-dev,3.9.7,US,2026-08-28,2
simba-uw-tf-dev,3.9.8,US,2026-08-28,1
simba-uw-tf-dev,3.9.9,US,2026-08-28,1
simba-uw-tf-dev,4.0.1,US,2026-08-28,1
simba-uw-tf-dev,4.0.2,US,2026-08-28,2
simba-uw-tf-dev,4.0.3,US,2026-08-28,1
simba-uw-tf-dev,4.0.4,US,2026-08-28,2
simba-uw-tf-dev,4.0.5,US,2026-08-28,1
simba-uw-tf-dev,4.0.6,US,2026-08-28,1
simba-uw-tf-dev,4.0.7,US,2026-08-28,2
simba-uw-tf-dev,4.0.9,US,2026-08-28,1
simba-uw-tf-dev,4.1.1,US,2026-08-28,1
simba-uw-tf-dev,4.1.2,US,2026-08-28,2
simba-uw-tf-dev,4.1.3,US,2026-08-28,1
simba-uw-tf-dev,4.1.4,US,2026-08-28,1
simba-uw-tf-dev,4.1.5,US,2026-08-28,2
simba-uw-tf-dev,4.1.6,US,2026-08-28,2
simba-uw-tf-dev,4.1.7,US,2026-08-28,1
simba-uw-tf-dev,4.1.8,US,2026-08-28,2
simba-uw-tf-dev,4.1.9,US,2026-08-28,2
simba-uw-tf-dev,4.2.1,US,2026-08-28,2
simba-uw-tf-dev,4.2.3,US,2026-08-28,1
simba-uw-tf-dev,4.2.4,US,2026-08-28,1
simba-uw-tf-dev,4.2.5,US,2026-08-28,1
simba-uw-tf-dev,4.2.6,US,2026-08-28,2
simba-uw-tf-dev,4.2.7,US,2026-08-28,1
simba-uw-tf-dev,4.2.8,US,2026-08-28,2
simba-uw-tf-dev,4.2.9,US,2026-08-28,2
simba-uw-tf-dev,4.3.1,US,2026-08-28,2
simba-uw-tf-dev,4.3.3,US,2026-08-28,1
simba-uw-tf-dev,4.3.4,US,2026-08-28,2
simba-uw-tf-dev,4.3.5,US,2026-08-28,2
simba-uw-tf-dev,4.3.6,US,2026-08-28,2
simba-uw-tf-dev,4.3.7,US,2026-08-28,1
simba-uw-tf-dev,4.3.8,US,2026-08-28,1
simba-uw-tf-dev,4.3.9,US,2026-08-28,2
simba-uw-tf-dev,4.4.1,US,2026-08-28,2
simba-uw-tf-dev,4.4.2,US,2026-08-28,2
simba-uw-tf-dev,4.4.3,US,2026-08-28,1
simba-uw-tf-dev,4.4.4,US,2026-08-28,1
simba-uw-tf-dev,4.4.5,US,2026-08-28,1
simba-uw-tf-dev,4.4.7,US,2026-08-28,2
simba-uw-tf-dev,4.4.8,US,2026-08-28,1
simba-uw-tf-dev,4.4.9,US,2026-08-28,2
simba-uw-tf-dev,4.5.1,US,2026-08-28,2
simba-uw-tf-dev,4.5.2,US,2026-08-28,2
simba-uw-tf-dev,4.5.3,US,2026-08-28,2
simba-uw-tf-dev,4.5.4,US,2026-08-28,1
simba-uw-tf-dev,4.5.5,US,2026-08-28,1
simba-uw-tf-dev,4.5.6,US,2026-08-28,2
simba-uw-tf-dev,4.5.7,US,2026-08-28,1
simba-uw-tf-dev,4.5.8,US,2026-08-28,1
simba-uw-tf-dev,4.5.9,US,2026-08-28,1
simba-uw-tf-dev,4.6.1,US,2026-08-28,1
simba-uw-tf-dev,4.6.2,US,2026-08-28,1
simba-uw-tf-dev,4.6.3,US,2026-08-28,1
simba-uw-tf-dev,4.6.4,US,2026-08-28,2
simba-uw-tf-dev,4.6.6,US,2026-08-28,2
simba-uw-tf-dev,4.6.7,US,2026-08-28,1
simba-uw-tf-dev,4.6.8,US,2026-08-28,2
simba-uw-tf-dev,4.6.9,US,2026-08-28,2
simba-uw-tf-dev,4.7.1,US,2026-08-28,1
simba-uw-tf-dev,4.7.2,US,2026-08-28,1
simba-uw-tf-dev,4.7.3,US,2026-08-28,1
simba-uw-tf-dev,4.7.4,US,2026-08-28,2
simba-uw-tf-dev,4.7.5,US,2026-08-28,1
simba-uw-tf-dev,4.7.6,US,2026-08-28,2
simba-uw-tf-dev,4.7.7,US,2026-08-28,1
simba-uw-tf-dev,4.7.8,US,2026-08-28,2
simba-uw-tf-dev,4.7.9,US,2026-08-28,2
simba-uw-tf-dev,4.8.1,US,2026-08-28,2
simba-uw-tf-dev,4.8.2,US,2026-08-28,1
simba-uw-tf-dev,4.8.3,US,2026-08-28,1
simba-uw-tf-dev,4.8.4,US,2026-08-28,1
simba-uw-tf-dev,4.8.5,US,2026-08-28,2
simba-uw-tf-dev,4.8.6,US,2026-08-28,2
simba-uw-tf-dev,4.8.7,US,2026-08-28,2
simba-uw-tf-dev,4.8.8,US,2026-08-28,1
simba-uw-tf-dev,4.8.9,US,2026-08-28,2
simba-uw-tf-dev,4.9.1,US,2026-08-28,1
simba-uw-tf-dev,4.9.2,US,2026-08-28,2
simba-uw-tf-dev,4.9.3,US,2026-08-28,1
simba-uw-tf-dev,4.9.4,US,2026-08-28,2
simba-uw-tf-dev,4.9.5,US,2026-08-28,1
simba-uw-tf-dev,4.9.6,US,2026-08-28,2
simba-uw-tf-dev,4.9.7,US,2026-08-28,1
simba-uw-tf-dev,4.9.8,US,2026-08-28,1
simba-uw-tf-dev,4.9.9,US,2026-08-28,1
simba-uw-tf-dev,5.1.2,SE,2026-08-28,1
simba-uw-tf-dev,5.1.2,US,2026-08-28,1
simba-uw-tf-dev,5.1.3,US,2026-08-28,1
simba-uw-tf-dev,5.1.4,US,2026-08-28,1
simba-uw-tf-dev,5.1.5,US,2026-08-28,2
simba-uw-tf-dev,5.1.6,US,2026-08-28,2
simba-uw-tf-dev,5.1.7,US,2026-08-28,1
simba-uw-tf-dev,5.1.8,US,2026-08-28,1
simba-uw-tf-dev,5.1.9,US,2026-08-28,1
simba-uw-tf-dev,5.2.1,US,2026-08-28,1
simba-uw-tf-dev,5.2.2,US,2026-08-28,1
simba-uw-tf-dev,5.2.3,US,2026-08-28,2
simba-uw-tf-dev,5.2.4,US,2026-08-28,2
simba-uw-tf-dev,5.2.5,US,2026-08-28,2
simba-uw-tf-dev,5.2.6,US,2026-08-28,1
simba-uw-tf-dev,5.2.8,US,2026-08-28,1
simba-uw-tf-dev,5.2.9,US,2026-08-28,2
simba-uw-tf-dev,5.3.1,US,2026-08-28,2
simba-uw-tf-dev,5.3.2,US,2026-08-28,2
simba-uw-tf-dev,5.3.3,US,2026-08-28,1
simba-uw-tf-dev,5.3.4,US,2026-08-28,1
simba-uw-tf-dev,5.3.5,US,2026-08-28,2
simba-uw-tf-dev,5.3.7,US,2026-08-28,2
simba-uw-tf-dev,5.3.8,US,2026-08-28,1
simba-uw-tf-dev,5.3.9,US,2026-08-28,1
simba-uw-tf-dev,5.4.1,US,2026-08-28,2
simba-uw-tf-dev,5.4.2,US,2026-08-28,2
simba-uw-tf-dev,5.4.3,US,2026-08-28,2
simba-uw-tf-dev,5.4.4,US,2026-08-28,1
simba-uw-tf-dev,5.4.5,SE,2026-08-28,1
simba-uw-tf-dev,5.4.5,US,2026-08-28,6
simba-uw-tf-dev,5.4.6,US,2026-08-28,6
simba-uw-tf-dev,5.4.7,US,2026-08-28,7
simba-uw-tf-dev,5.4.8,GB,2026-08-28,2
simba-uw-tf-dev,5.4.8,US,2026-08-28,6
simba-uw-tf-dev,5.4.9,GB,2026-08-28,2
simba-uw-tf-dev,5.4.9,US,2026-08-28,6
simba-uw-tf-dev,5.5.1,GB,2026-08-28,2
simba-uw-tf-dev,5.5.1,US,2026-08-28,8
simba-uw-tf-dev,5.5.2,CA,2026-08-28,2
simba-uw-tf-dev,5.5.2,CN,2026-08-28,1
simba-uw-tf-dev,5.5.2,DK,2026-08-28,2
simba-uw-tf-dev,5.5.2,FR,2026-08-28,3
simba-uw-tf-dev,5.5.2,GB,2026-08-28,2
simba-uw-tf-dev,5.5.2,HK,2026-08-28,2
simba-uw-tf-dev,5.5.2,IE,2026-08-28,1
simba-uw-tf-dev,5.5.2,JP,2026-08-28,2
simba-uw-tf-dev,5.5.2,SE,2026-08-28,2
simba-uw-tf-dev,5.5.2,SG,2026-08-28,2
simba-uw-tf-dev,5.5.2,US,2026-08-28,21
simba-uw-tf-dev,5.5.3,DK,2026-08-28,2
simba-uw-tf-dev,5.5.3,FR,2026-08-28,6
simba-uw-tf-dev,5.5.3,GB,2026-08-28,3
simba-uw-tf-dev,5.5.3,GR,2026-08-28,1
simba-uw-tf-dev,5.5.3,HK,2026-08-28,3
simba-uw-tf-dev,5.5.3,IE,2026-08-28,2
simba-uw-tf-dev,5.5.3,IT,2026-08-28,2
simba-uw-tf-dev,5.5.3,JP,2026-08-28,3
simba-uw-tf-dev,5.5.3,KR,2026-08-28,2
simba-uw-tf-dev,5.5.3,RO,2026-08-28,3
simba-uw-tf-dev,5.5.3,SE,2026-08-28,3
simba-uw-tf-dev,5.5.3,SG,2026-08-28,2
simba-uw-tf-dev,5.5.3,US,2026-08-28,28
simba-uw-tf-dev,0.0.1,US,2026-08-27,2
simba-uw-tf-dev,0.4,US,2026-08-27,2
simba-uw-tf-dev,0.49,US,2026-08-27,1
simba-uw-tf-dev,0.70,US,2026-08-27,2
simba-uw-tf-dev,0.71,US,2026-08-27,3
simba-uw-tf-dev,0.72,US,2026-08-27,2
simba-uw-tf-dev,0.73,US,2026-08-27,2
simba-uw-tf-dev,0.76.1,US,2026-08-27,2
simba-uw-tf-dev,0.76.2,US,2026-08-27,2
simba-uw-tf-dev,0.76.3,US,2026-08-27,2
simba-uw-tf-dev,0.76.4,US,2026-08-27,2
simba-uw-tf-dev,0.76.5,US,2026-08-27,2
simba-uw-tf-dev,0.76.6,US,2026-08-27,2
simba-uw-tf-dev,0.76.8,US,2026-08-27,2
simba-uw-tf-dev,0.76.9,US,2026-08-27,2
simba-uw-tf-dev,0.77,RU,2026-08-27,2
simba-uw-tf-dev,0.77,US,2026-08-27,2
simba-uw-tf-dev,0.94.5,JP,2026-08-27,1
simba-uw-tf-dev,1.40.0,US,2026-08-27,2
simba-uw-tf-dev,1.40.1,US,2026-08-27,2
simba-uw-tf-dev,1.40.2,US,2026-08-27,2
simba-uw-tf-dev,1.40.4,US,2026-08-27,2
simba-uw-tf-dev,1.40.5,US,2026-08-27,2
simba-uw-tf-dev,1.40.6,US,2026-08-27,2
simba-uw-tf-dev,1.40.7,US,2026-08-27,2
simba-uw-tf-dev,1.40.8,US,2026-08-27,2
simba-uw-tf-dev,1.40.9,US,2026-08-27,2
simba-uw-tf-dev,1.50.1,US,2026-08-27,2
simba-uw-tf-dev,1.50.2,US,2026-08-27,2
simba-uw-tf-dev,1.50.3,US,2026-08-27,2
simba-uw-tf-dev,1.50.4,US,2026-08-27,2
simba-uw-tf-dev,1.50.5,US,2026-08-27,2
simba-uw-tf-dev,1.50.6,US,2026-08-27,2
simba-uw-tf-dev,1.50.7,US,2026-08-27,2
simba-uw-tf-dev,1.50.8,US,2026-08-27,2
simba-uw-tf-dev,1.50.9,US,2026-08-27,2
simba-uw-tf-dev,1.51.1,US,2026-08-27,3
simba-uw-tf-dev,1.51.2,US,2026-08-27,2
simba-uw-tf-dev,1.51.3,US,2026-08-27,2
simba-uw-tf-dev,1.51.4,US,2026-08-27,2
simba-uw-tf-dev,1.51.5,US,2026-08-27,2
simba-uw-tf-dev,1.51.6,US,2026-08-27,2
simba-uw-tf-dev,1.51.7,US,2026-08-27,2
simba-uw-tf-dev,1.51.8,US,2026-08-27,2
simba-uw-tf-dev,1.51.9,US,2026-08-27,2
simba-uw-tf-dev,1.52.1,US,2026-08-27,2
simba-uw-tf-dev,1.52.2,US,2026-08-27,2
simba-uw-tf-dev,1.52.3,US,2026-08-27,2
simba-uw-tf-dev,1.52.4,US,2026-08-27,2
simba-uw-tf-dev,1.52.9,US,2026-08-27,2
simba-uw-tf-dev,1.52.91,US,2026-08-27,2
simba-uw-tf-dev,1.52.92,US,2026-08-27,2
simba-uw-tf-dev,1.53.1,US,2026-08-27,2
simba-uw-tf-dev,1.53.2,US,2026-08-27,2
simba-uw-tf-dev,1.53.3,US,2026-08-27,2
simba-uw-tf-dev,1.53.4,US,2026-08-27,2
simba-uw-tf-dev,1.53.5,US,2026-08-27,2
simba-uw-tf-dev,1.53.6,US,2026-08-27,2
simba-uw-tf-dev,1.53.7,US,2026-08-27,2
simba-uw-tf-dev,1.53.8,US,2026-08-27,2
simba-uw-tf-dev,1.53.9,US,2026-08-27,2
simba-uw-tf-dev,1.54.1,US,2026-08-27,2
simba-uw-tf-dev,1.54.2,US,2026-08-27,2
simba-uw-tf-dev,1.54.3,US,2026-08-27,2
simba-uw-tf-dev,1.54.4,US,2026-08-27,2
simba-uw-tf-dev,1.54.5,US,2026-08-27,2
simba-uw-tf-dev,1.54.6,US,2026-08-27,2
simba-uw-tf-dev,1.54.7,US,2026-08-27,2
simba-uw-tf-dev,1.54.8,US,2026-08-27,2
simba-uw-tf-dev,1.54.9,US,2026-08-27,2
simba-uw-tf-dev,1.55.1,US,2026-08-27,2
simba-uw-tf-dev,1.55.2,US,2026-08-27,2
simba-uw-tf-dev,1.55.3,US,2026-08-27,2
simba-uw-tf-dev,1.55.4,US,2026-08-27,2
simba-uw-tf-dev,1.55.5,US,2026-08-27,2
simba-uw-tf-dev,1.55.6,US,2026-08-27,2
simba-uw-tf-dev,1.55.7,US,2026-08-27,2
simba-uw-tf-dev,1.55.8,US,2026-08-27,2
simba-uw-tf-dev,1.55.9,US,2026-08-27,2
simba-uw-tf-dev,1.56.1,US,2026-08-27,2
simba-uw-tf-dev,1.56.2,US,2026-08-27,2
simba-uw-tf-dev,1.56.3,US,2026-08-27,2
simba-uw-tf-dev,1.56.4,US,2026-08-27,2
simba-uw-tf-dev,1.56.5,US,2026-08-27,2
simba-uw-tf-dev,1.56.7,US,2026-08-27,2
simba-uw-tf-dev,1.56.8,US,2026-08-27,2
simba-uw-tf-dev,1.56.9,US,2026-08-27,2
simba-uw-tf-dev,1.57.2,US,2026-08-27,2
simba-uw-tf-dev,1.57.3,US,2026-08-27,2
simba-uw-tf-dev,1.57.4,US,2026-08-27,2
simba-uw-tf-dev,1.57.5,US,2026-08-27,2
simba-uw-tf-dev,1.57.6,US,2026-08-27,2
simba-uw-tf-dev,1.57.8,US,2026-08-27,2
simba-uw-tf-dev,1.57.9,US,2026-08-27,2
simba-uw-tf-dev,1.58.1,US,2026-08-27,2
simba-uw-tf-dev,1.58.2,US,2026-08-27,2
simba-uw-tf-dev,1.58.3,US,2026-08-27,2
simba-uw-tf-dev,1.58.4,US,2026-08-27,2
simba-uw-tf-dev,1.58.5,US,2026-08-27,2
simba-uw-tf-dev,1.58.6,US,2026-08-27,2
simba-uw-tf-dev,1.58.7,US,2026-08-27,2
simba-uw-tf-dev,1.58.8,US,2026-08-27,2
simba-uw-tf-dev,1.58.9,US,2026-08-27,2
simba-uw-tf-dev,1.59.1,US,2026-08-27,2
simba-uw-tf-dev,1.59.2,US,2026-08-27,2
simba-uw-tf-dev,1.59.3,US,2026-08-27,2
simba-uw-tf-dev,1.59.4,US,2026-08-27,2
simba-uw-tf-dev,1.60.1,US,2026-08-27,2
simba-uw-tf-dev,1.60.2,US,2026-08-27,2
simba-uw-tf-dev,1.60.3,US,2026-08-27,2
simba-uw-tf-dev,1.60.4,US,2026-08-27,2
simba-uw-tf-dev,1.60.5,US,2026-08-27,2
simba-uw-tf-dev,1.60.6,US,2026-08-27,2
simba-uw-tf-dev,1.60.7,US,2026-08-27,2
simba-uw-tf-dev,1.60.9,US,2026-08-27,2
simba-uw-tf-dev,1.61.1,US,2026-08-27,2
simba-uw-tf-dev,1.61.2,US,2026-08-27,2
simba-uw-tf-dev,1.61.3,US,2026-08-27,2
simba-uw-tf-dev,1.61.4,US,2026-08-27,2
simba-uw-tf-dev,1.61.5,US,2026-08-27,2
simba-uw-tf-dev,1.61.6,US,2026-08-27,2
simba-uw-tf-dev,1.61.7,US,2026-08-27,2
simba-uw-tf-dev,1.61.8,US,2026-08-27,2
simba-uw-tf-dev,1.61.9,US,2026-08-27,2
simba-uw-tf-dev,1.62.1,US,2026-08-27,2
simba-uw-tf-dev,1.62.2,US,2026-08-27,2
simba-uw-tf-dev,1.62.3,US,2026-08-27,2
simba-uw-tf-dev,1.62.4,US,2026-08-27,2
simba-uw-tf-dev,1.62.5,US,2026-08-27,2
simba-uw-tf-dev,1.62.6,US,2026-08-27,2
simba-uw-tf-dev,1.62.7,US,2026-08-27,2
simba-uw-tf-dev,1.62.8,US,2026-08-27,2
simba-uw-tf-dev,1.62.9,US,2026-08-27,2
simba-uw-tf-dev,1.63.1,US,2026-08-27,2
simba-uw-tf-dev,1.63.2,US,2026-08-27,2
simba-uw-tf-dev,1.63.3,US,2026-08-27,2
simba-uw-tf-dev,1.63.4,US,2026-08-27,2
simba-uw-tf-dev,1.63.5,US,2026-08-27,2
simba-uw-tf-dev,1.63.6,US,2026-08-27,2
simba-uw-tf-dev,1.63.7,US,2026-08-27,2
simba-uw-tf-dev,1.63.8,US,2026-08-27,2
simba-uw-tf-dev,1.63.9,US,2026-08-27,2
simba-uw-tf-dev,1.64.1,US,2026-08-27,2
simba-uw-tf-dev,1.64.2,US,2026-08-27,2
simba-uw-tf-dev,1.64.3,US,2026-08-27,2
simba-uw-tf-dev,1.64.4,US,2026-08-27,2
simba-uw-tf-dev,1.64.5,US,2026-08-27,2
simba-uw-tf-dev,1.64.6,US,2026-08-27,2
simba-uw-tf-dev,1.64.7,US,2026-08-27,2
simba-uw-tf-dev,1.64.8,US,2026-08-27,2
simba-uw-tf-dev,1.64.9,US,2026-08-27,2
simba-uw-tf-dev,1.65.1,US,2026-08-27,2
simba-uw-tf-dev,1.65.2,US,2026-08-27,2
simba-uw-tf-dev,1.65.3,US,2026-08-27,2
simba-uw-tf-dev,1.65.4,US,2026-08-27,2
simba-uw-tf-dev,1.65.5,US,2026-08-27,2
simba-uw-tf-dev,1.65.6,US,2026-08-27,2
simba-uw-tf-dev,1.65.7,US,2026-08-27,2
simba-uw-tf-dev,1.65.8,US,2026-08-27,2
simba-uw-tf-dev,1.65.9,US,2026-08-27,2
simba-uw-tf-dev,1.70.1,US,2026-08-27,2
simba-uw-tf-dev,1.70.2,US,2026-08-27,2
simba-uw-tf-dev,1.70.3,US,2026-08-27,2
simba-uw-tf-dev,1.70.4,US,2026-08-27,2
simba-uw-tf-dev,1.70.5,US,2026-08-27,2
simba-uw-tf-dev,1.70.6,US,2026-08-27,2
simba-uw-tf-dev,1.70.7,US,2026-08-27,2
simba-uw-tf-dev,1.70.8,US,2026-08-27,2
simba-uw-tf-dev,1.70.9,US,2026-08-27,2
simba-uw-tf-dev,1.71.1,US,2026-08-27,2
simba-uw-tf-dev,1.71.2,US,2026-08-27,2
simba-uw-tf-dev,1.71.3,US,2026-08-27,2
simba-uw-tf-dev,1.71.4,US,2026-08-27,2
simba-uw-tf-dev,1.71.5,US,2026-08-27,2
simba-uw-tf-dev,1.71.6,US,2026-08-27,2
simba-uw-tf-dev,1.71.7,US,2026-08-27,2
simba-uw-tf-dev,1.71.8,US,2026-08-27,2
simba-uw-tf-dev,1.71.9,US,2026-08-27,2
simba-uw-tf-dev,1.72.1,US,2026-08-27,2
simba-uw-tf-dev,1.72.2,US,2026-08-27,2
simba-uw-tf-dev,1.72.3,US,2026-08-27,2
simba-uw-tf-dev,1.72.4,US,2026-08-27,2
simba-uw-tf-dev,1.72.5,US,2026-08-27,2
simba-uw-tf-dev,1.72.6,US,2026-08-27,2
simba-uw-tf-dev,1.72.7,US,2026-08-27,2
simba-uw-tf-dev,1.72.8,US,2026-08-27,2
simba-uw-tf-dev,1.73.1,US,2026-08-27,2
simba-uw-tf-dev,1.73.2,US,2026-08-27,2
simba-uw-tf-dev,1.73.3,US,2026-08-27,2
simba-uw-tf-dev,1.73.5,US,2026-08-27,2
simba-uw-tf-dev,1.73.6,US,2026-08-27,2
simba-uw-tf-dev,1.73.7,US,2026-08-27,2
simba-uw-tf-dev,1.73.8,US,2026-08-27,2
simba-uw-tf-dev,1.73.9,US,2026-08-27,2
simba-uw-tf-dev,1.74.1,US,2026-08-27,2
simba-uw-tf-dev,1.74.2,US,2026-08-27,2
simba-uw-tf-dev,1.74.3,US,2026-08-27,2
simba-uw-tf-dev,1.74.4,US,2026-08-27,2
simba-uw-tf-dev,1.74.5,US,2026-08-27,2
simba-uw-tf-dev,1.74.6,US,2026-08-27,2
simba-uw-tf-dev,1.74.7,US,2026-08-27,2
simba-uw-tf-dev,1.74.8,US,2026-08-27,2
simba-uw-tf-dev,1.74.9,US,2026-08-27,2
simba-uw-tf-dev,1.75.1,US,2026-08-27,2
simba-uw-tf-dev,1.75.2,US,2026-08-27,2
simba-uw-tf-dev,1.75.3,US,2026-08-27,2
simba-uw-tf-dev,1.75.4,US,2026-08-27,2
simba-uw-tf-dev,1.75.5,US,2026-08-27,2
simba-uw-tf-dev,1.75.6,US,2026-08-27,2
simba-uw-tf-dev,1.75.7,US,2026-08-27,2
simba-uw-tf-dev,1.75.8,US,2026-08-27,2
simba-uw-tf-dev,1.75.9,US,2026-08-27,2
simba-uw-tf-dev,1.76.1,US,2026-08-27,2
simba-uw-tf-dev,1.76.2,US,2026-08-27,2
simba-uw-tf-dev,1.76.3,US,2026-08-27,2
simba-uw-tf-dev,1.76.4,US,2026-08-27,2
simba-uw-tf-dev,1.76.5,US,2026-08-27,2
simba-uw-tf-dev,1.76.6,US,2026-08-27,2
simba-uw-tf-dev,1.76.7,US,2026-08-27,2
simba-uw-tf-dev,1.76.8,US,2026-08-27,2
simba-uw-tf-dev,1.76.9,US,2026-08-27,2
simba-uw-tf-dev,1.77.1,US,2026-08-27,2
simba-uw-tf-dev,1.77.2,US,2026-08-27,3
simba-uw-tf-dev,1.77.3,US,2026-08-27,2
simba-uw-tf-dev,1.77.4,US,2026-08-27,2
simba-uw-tf-dev,1.77.5,US,2026-08-27,2
simba-uw-tf-dev,1.77.6,US,2026-08-27,2
simba-uw-tf-dev,1.77.7,US,2026-08-27,2
simba-uw-tf-dev,1.77.8,US,2026-08-27,2
simba-uw-tf-dev,1.77.9,US,2026-08-27,2
simba-uw-tf-dev,1.78.1,US,2026-08-27,2
simba-uw-tf-dev,1.78.2,US,2026-08-27,2
simba-uw-tf-dev,1.78.3,US,2026-08-27,2
simba-uw-tf-dev,1.78.4,US,2026-08-27,2
simba-uw-tf-dev,1.78.5,US,2026-08-27,2
simba-uw-tf-dev,1.78.6,US,2026-08-27,2
simba-uw-tf-dev,1.78.7,US,2026-08-27,2
simba-uw-tf-dev,1.78.8,US,2026-08-27,2
simba-uw-tf-dev,1.78.9,US,2026-08-27,2
simba-uw-tf-dev,1.79.1,US,2026-08-27,2
simba-uw-tf-dev,1.79.2,US,2026-08-27,2
simba-uw-tf-dev,1.79.3,US,2026-08-27,2
simba-uw-tf-dev,1.79.4,US,2026-08-27,2
simba-uw-tf-dev,1.79.5,US,2026-08-27,2
simba-uw-tf-dev,1.79.6,US,2026-08-27,2
simba-uw-tf-dev,1.79.7,US,2026-08-27,2
simba-uw-tf-dev,1.79.8,US,2026-08-27,2
simba-uw-tf-dev,1.79.9,US,2026-08-27,2
simba-uw-tf-dev,1.80.1,US,2026-08-27,2
simba-uw-tf-dev,1.80.2,US,2026-08-27,2
simba-uw-tf-dev,1.80.3,US,2026-08-27,2
simba-uw-tf-dev,1.80.4,US,2026-08-27,2
simba-uw-tf-dev,1.80.5,US,2026-08-27,2
simba-uw-tf-dev,1.80.6,US,2026-08-27,2
simba-uw-tf-dev,1.80.7,US,2026-08-27,2
simba-uw-tf-dev,1.80.8,US,2026-08-27,2
simba-uw-tf-dev,1.80.9,US,2026-08-27,2
simba-uw-tf-dev,1.81.1,US,2026-08-27,2
simba-uw-tf-dev,1.81.2,US,2026-08-27,2
simba-uw-tf-dev,1.81.3,US,2026-08-27,2
simba-uw-tf-dev,1.81.4,US,2026-08-27,2
simba-uw-tf-dev,1.81.5,US,2026-08-27,2
simba-uw-tf-dev,1.81.6,US,2026-08-27,2
simba-uw-tf-dev,1.81.7,US,2026-08-27,2
simba-uw-tf-dev,1.81.8,US,2026-08-27,2
simba-uw-tf-dev,1.81.9,US,2026-08-27,2
simba-uw-tf-dev,1.82.1,US,2026-08-27,2
simba-uw-tf-dev,1.82.3,US,2026-08-27,2
simba-uw-tf-dev,1.83.1,US,2026-08-27,2
simba-uw-tf-dev,1.83.2,US,2026-08-27,2
simba-uw-tf-dev,1.83.3,US,2026-08-27,2
simba-uw-tf-dev,1.83.4,US,2026-08-27,2
simba-uw-tf-dev,1.83.5,US,2026-08-27,2
simba-uw-tf-dev,1.83.6,US,2026-08-27,2
simba-uw-tf-dev,1.83.7,US,2026-08-27,2
simba-uw-tf-dev,1.83.8,US,2026-08-27,2
simba-uw-tf-dev,1.83.9,US,2026-08-27,2
simba-uw-tf-dev,1.84.1,US,2026-08-27,2
simba-uw-tf-dev,1.84.3,US,2026-08-27,2
simba-uw-tf-dev,1.84.4,US,2026-08-27,2
simba-uw-tf-dev,1.84.5,US,2026-08-27,3
simba-uw-tf-dev,1.84.6,US,2026-08-27,2
simba-uw-tf-dev,1.84.7,US,2026-08-27,2
simba-uw-tf-dev,1.84.8,US,2026-08-27,2
simba-uw-tf-dev,1.84.9,US,2026-08-27,2
simba-uw-tf-dev,1.85.1,US,2026-08-27,2
simba-uw-tf-dev,1.85.2,US,2026-08-27,3
simba-uw-tf-dev,1.85.3,US,2026-08-27,2
simba-uw-tf-dev,1.85.4,US,2026-08-27,2
simba-uw-tf-dev,1.85.5,US,2026-08-27,2
simba-uw-tf-dev,1.85.6,US,2026-08-27,2
simba-uw-tf-dev,1.85.7,US,2026-08-27,2
simba-uw-tf-dev,1.85.8,US,2026-08-27,2
simba-uw-tf-dev,1.85.9,US,2026-08-27,2
simba-uw-tf-dev,1.86.1,US,2026-08-27,2
simba-uw-tf-dev,1.86.2,US,2026-08-27,2
simba-uw-tf-dev,1.86.3,US,2026-08-27,2
simba-uw-tf-dev,1.86.4,US,2026-08-27,2
simba-uw-tf-dev,1.86.6,US,2026-08-27,2
simba-uw-tf-dev,1.86.7,US,2026-08-27,2
simba-uw-tf-dev,1.87.1,US,2026-08-27,2
simba-uw-tf-dev,1.87.2,US,2026-08-27,2
simba-uw-tf-dev,1.87.3,US,2026-08-27,2
simba-uw-tf-dev,1.87.4,US,2026-08-27,2
simba-uw-tf-dev,1.87.5,US,2026-08-27,2
simba-uw-tf-dev,1.87.6,US,2026-08-27,2
simba-uw-tf-dev,1.87.7,US,2026-08-27,2
simba-uw-tf-dev,1.87.8,US,2026-08-27,2
simba-uw-tf-dev,1.87.9,US,2026-08-27,2
simba-uw-tf-dev,1.88.1,US,2026-08-27,2
simba-uw-tf-dev,1.88.2,US,2026-08-27,2
simba-uw-tf-dev,1.88.3,US,2026-08-27,2
simba-uw-tf-dev,1.88.4,US,2026-08-27,2
simba-uw-tf-dev,1.88.5,US,2026-08-27,2
simba-uw-tf-dev,1.88.6,US,2026-08-27,2
simba-uw-tf-dev,1.88.7,US,2026-08-27,2
simba-uw-tf-dev,1.88.8,US,2026-08-27,2
simba-uw-tf-dev,1.88.9,US,2026-08-27,2
simba-uw-tf-dev,1.89.1,US,2026-08-27,2
simba-uw-tf-dev,1.89.2,US,2026-08-27,2
simba-uw-tf-dev,1.89.3,US,2026-08-27,2
simba-uw-tf-dev,1.89.4,US,2026-08-27,2
simba-uw-tf-dev,1.89.5,US,2026-08-27,2
simba-uw-tf-dev,1.89.6,US,2026-08-27,2
simba-uw-tf-dev,1.89.7,US,2026-08-27,2
simba-uw-tf-dev,1.89.8,US,2026-08-27,2
simba-uw-tf-dev,1.89.9,US,2026-08-27,2
simba-uw-tf-dev,1.90.1,US,2026-08-27,2
simba-uw-tf-dev,1.90.2,US,2026-08-27,2
simba-uw-tf-dev,1.90.3,US,2026-08-27,2
simba-uw-tf-dev,1.90.4,US,2026-08-27,2
simba-uw-tf-dev,1.90.5,US,2026-08-27,2
simba-uw-tf-dev,1.90.6,US,2026-08-27,2
simba-uw-tf-dev,1.90.7,US,2026-08-27,2
simba-uw-tf-dev,1.90.8,US,2026-08-27,2
simba-uw-tf-dev,1.90.9,US,2026-08-27,2
simba-uw-tf-dev,1.91.1,US,2026-08-27,2
simba-uw-tf-dev,1.91.2,US,2026-08-27,2
simba-uw-tf-dev,1.91.3,US,2026-08-27,2
simba-uw-tf-dev,1.91.4,US,2026-08-27,2
simba-uw-tf-dev,1.91.5,US,2026-08-27,2
simba-uw-tf-dev,1.91.6,US,2026-08-27,2
simba-uw-tf-dev,1.91.7,US,2026-08-27,2
simba-uw-tf-dev,1.91.8,US,2026-08-27,2
simba-uw-tf-dev,1.91.9,US,2026-08-27,2
simba-uw-tf-dev,1.92.1,US,2026-08-27,2
simba-uw-tf-dev,1.92.2,US,2026-08-27,2
simba-uw-tf-dev,1.92.3,US,2026-08-27,2
simba-uw-tf-dev,1.92.4,US,2026-08-27,2
simba-uw-tf-dev,1.92.5,US,2026-08-27,2
simba-uw-tf-dev,1.92.7,US,2026-08-27,2
simba-uw-tf-dev,1.92.8,US,2026-08-27,2
simba-uw-tf-dev,1.92.9,US,2026-08-27,2
simba-uw-tf-dev,1.93.1,US,2026-08-27,2
simba-uw-tf-dev,1.93.2,US,2026-08-27,2
simba-uw-tf-dev,1.93.3,US,2026-08-27,2
simba-uw-tf-dev,1.93.4,US,2026-08-27,2
simba-uw-tf-dev,1.93.5,US,2026-08-27,2
simba-uw-tf-dev,1.93.6,US,2026-08-27,2
simba-uw-tf-dev,1.93.7,US,2026-08-27,2
simba-uw-tf-dev,1.93.8,US,2026-08-27,2
simba-uw-tf-dev,1.93.9,US,2026-08-27,2
simba-uw-tf-dev,1.94.1,US,2026-08-27,2
simba-uw-tf-dev,1.94.2,US,2026-08-27,2
simba-uw-tf-dev,1.94.3,US,2026-08-27,2
simba-uw-tf-dev,1.94.4,US,2026-08-27,2
simba-uw-tf-dev,1.94.5,US,2026-08-27,2
simba-uw-tf-dev,1.94.6,US,2026-08-27,2
simba-uw-tf-dev,1.94.7,US,2026-08-27,2
simba-uw-tf-dev,1.94.8,US,2026-08-27,2
simba-uw-tf-dev,1.94.9,US,2026-08-27,2
simba-uw-tf-dev,1.95.1,US,2026-08-27,2
simba-uw-tf-dev,1.95.2,US,2026-08-27,2
simba-uw-tf-dev,1.95.3,US,2026-08-27,1
simba-uw-tf-dev,1.95.4,US,2026-08-27,2
simba-uw-tf-dev,1.95.5,US,2026-08-27,2
simba-uw-tf-dev,1.95.6,US,2026-08-27,2
simba-uw-tf-dev,1.95.7,US,2026-08-27,2
simba-uw-tf-dev,1.95.8,US,2026-08-27,2
simba-uw-tf-dev,1.95.9,US,2026-08-27,2
simba-uw-tf-dev,1.96.1,US,2026-08-27,2
simba-uw-tf-dev,1.96.2,US,2026-08-27,2
simba-uw-tf-dev,1.96.3,US,2026-08-27,2
simba-uw-tf-dev,1.96.4,US,2026-08-27,2
simba-uw-tf-dev,1.96.5,US,2026-08-27,2
simba-uw-tf-dev,1.96.6,US,2026-08-27,2
simba-uw-tf-dev,1.96.7,US,2026-08-27,2
simba-uw-tf-dev,1.96.8,US,2026-08-27,2
simba-uw-tf-dev,1.96.9,US,2026-08-27,2
simba-uw-tf-dev,1.97.1,US,2026-08-27,2
simba-uw-tf-dev,1.97.2,US,2026-08-27,2
simba-uw-tf-dev,1.97.3,US,2026-08-27,2
simba-uw-tf-dev,1.97.4,US,2026-08-27,2
simba-uw-tf-dev,1.97.5,US,2026-08-27,2
simba-uw-tf-dev,1.97.6,US,2026-08-27,2
simba-uw-tf-dev,1.97.7,US,2026-08-27,2
simba-uw-tf-dev,1.97.9,US,2026-08-27,2
simba-uw-tf-dev,1.98.1,US,2026-08-27,2
simba-uw-tf-dev,1.98.2,US,2026-08-27,2
simba-uw-tf-dev,1.98.3,US,2026-08-27,2
simba-uw-tf-dev,1.98.4,US,2026-08-27,2
simba-uw-tf-dev,1.98.5,US,2026-08-27,2
simba-uw-tf-dev,1.98.6,US,2026-08-27,2
simba-uw-tf-dev,1.98.7,US,2026-08-27,2
simba-uw-tf-dev,1.98.8,US,2026-08-27,2
simba-uw-tf-dev,1.98.9,US,2026-08-27,2
simba-uw-tf-dev,1.99.1,US,2026-08-27,2
simba-uw-tf-dev,1.99.2,US,2026-08-27,2
simba-uw-tf-dev,1.99.3,US,2026-08-27,2
simba-uw-tf-dev,1.99.4,US,2026-08-27,2
simba-uw-tf-dev,1.99.5,US,2026-08-27,2
simba-uw-tf-dev,1.99.6,US,2026-08-27,2
simba-uw-tf-dev,1.99.7,US,2026-08-27,2
simba-uw-tf-dev,1.99.8,US,2026-08-27,2
simba-uw-tf-dev,1.99.9,US,2026-08-27,2
simba-uw-tf-dev,2.0.1,US,2026-08-27,2
simba-uw-tf-dev,2.0.2,US,2026-08-27,2
simba-uw-tf-dev,2.0.3,US,2026-08-27,2
simba-uw-tf-dev,2.0.4,US,2026-08-27,2
simba-uw-tf-dev,2.0.5,US,2026-08-27,2
simba-uw-tf-dev,2.0.6,US,2026-08-27,2
simba-uw-tf-dev,2.0.7,US,2026-08-27,2
simba-uw-tf-dev,2.0.8,US,2026-08-27,2
simba-uw-tf-dev,2.0.9,US,2026-08-27,2
simba-uw-tf-dev,2.1.1,US,2026-08-27,2
simba-uw-tf-dev,2.1.2,US,2026-08-27,2
simba-uw-tf-dev,2.1.3,US,2026-08-27,2
simba-uw-tf-dev,2.1.4,US,2026-08-27,2
simba-uw-tf-dev,2.1.5,US,2026-08-27,2
simba-uw-tf-dev,2.1.6,US,2026-08-27,2
simba-uw-tf-dev,2.1.7,US,2026-08-27,2
simba-uw-tf-dev,2.1.8,US,2026-08-27,2
simba-uw-tf-dev,2.1.9,US,2026-08-27,2
simba-uw-tf-dev,2.2.1,US,2026-08-27,2
simba-uw-tf-dev,2.2.2,US,2026-08-27,2
simba-uw-tf-dev,2.2.3,US,2026-08-27,2
simba-uw-tf-dev,2.2.4,US,2026-08-27,2
simba-uw-tf-dev,2.2.7,US,2026-08-27,2
simba-uw-tf-dev,2.2.8,US,2026-08-27,2
simba-uw-tf-dev,2.2.9,US,2026-08-27,2
simba-uw-tf-dev,2.3.1,US,2026-08-27,2
simba-uw-tf-dev,2.3.2,US,2026-08-27,2
simba-uw-tf-dev,2.3.3,US,2026-08-27,2
simba-uw-tf-dev,2.3.4,US,2026-08-27,2
simba-uw-tf-dev,2.3.5,US,2026-08-27,2
simba-uw-tf-dev,2.3.6,US,2026-08-27,2
simba-uw-tf-dev,2.3.7,US,2026-08-27,2
simba-uw-tf-dev,2.3.8,US,2026-08-27,2
simba-uw-tf-dev,2.3.9,US,2026-08-27,2
simba-uw-tf-dev,2.4.1,US,2026-08-27,2
simba-uw-tf-dev,2.4.2,US,2026-08-27,2
simba-uw-tf-dev,2.4.3,US,2026-08-27,2
simba-uw-tf-dev,2.4.4,US,2026-08-27,2
simba-uw-tf-dev,2.4.5,US,2026-08-27,2
simba-uw-tf-dev,2.4.6,US,2026-08-27,2
simba-uw-tf-dev,2.4.7,US,2026-08-27,2
simba-uw-tf-dev,2.4.8,US,2026-08-27,2
simba-uw-tf-dev,2.4.9,US,2026-08-27,2
simba-uw-tf-dev,2.5.1,US,2026-08-27,2
simba-uw-tf-dev,2.5.2,US,2026-08-27,2
simba-uw-tf-dev,2.5.3,US,2026-08-27,2
simba-uw-tf-dev,2.5.4,US,2026-08-27,2
simba-uw-tf-dev,2.5.5,US,2026-08-27,2
simba-uw-tf-dev,2.5.6,US,2026-08-27,2
simba-uw-tf-dev,2.5.7,US,2026-08-27,2
simba-uw-tf-dev,2.5.8,US,2026-08-27,2
simba-uw-tf-dev,2.5.9,US,2026-08-27,2
simba-uw-tf-dev,2.6.1,US,2026-08-27,2
simba-uw-tf-dev,2.6.2,US,2026-08-27,2
simba-uw-tf-dev,2.6.3,US,2026-08-27,2
simba-uw-tf-dev,2.6.4,US,2026-08-27,2
simba-uw-tf-dev,2.6.5,US,2026-08-27,2
simba-uw-tf-dev,2.6.6,US,2026-08-27,2
simba-uw-tf-dev,2.6.7,US,2026-08-27,2
simba-uw-tf-dev,2.6.8,US,2026-08-27,2
simba-uw-tf-dev,2.6.9,US,2026-08-27,2
simba-uw-tf-dev,2.7.1,US,2026-08-27,2
simba-uw-tf-dev,2.7.2,US,2026-08-27,2
simba-uw-tf-dev,2.7.3,US,2026-08-27,2
simba-uw-tf-dev,2.7.4,US,2026-08-27,2
simba-uw-tf-dev,2.7.5,US,2026-08-27,2
simba-uw-tf-dev,2.7.6,US,2026-08-27,2
simba-uw-tf-dev,2.7.7,US,2026-08-27,2
simba-uw-tf-dev,2.7.8,US,2026-08-27,2
simba-uw-tf-dev,2.7.9,US,2026-08-27,2
simba-uw-tf-dev,2.8.1,US,2026-08-27,2
simba-uw-tf-dev,2.8.2,US,2026-08-27,2
simba-uw-tf-dev,2.8.3,US,2026-08-27,2
simba-uw-tf-dev,2.8.4,US,2026-08-27,2
simba-uw-tf-dev,2.8.5,US,2026-08-27,2
simba-uw-tf-dev,2.8.6,US,2026-08-27,2
simba-uw-tf-dev,2.8.7,US,2026-08-27,2
simba-uw-tf-dev,2.8.8,US,2026-08-27,2
simba-uw-tf-dev,2.8.9,US,2026-08-27,2
simba-uw-tf-dev,2.9.1,US,2026-08-27,2
simba-uw-tf-dev,2.9.2,US,2026-08-27,2
simba-uw-tf-dev,2.9.3,US,2026-08-27,2
simba-uw-tf-dev,2.9.4,US,2026-08-27,2
simba-uw-tf-dev,2.9.5,US,2026-08-27,2
simba-uw-tf-dev,2.9.6,US,2026-08-27,2
simba-uw-tf-dev,2.9.7,US,2026-08-27,2
simba-uw-tf-dev,2.9.8,US,2026-08-27,2
simba-uw-tf-dev,2.9.9,US,2026-08-27,2
simba-uw-tf-dev,3.0.1,US,2026-08-27,2
simba-uw-tf-dev,3.0.2,US,2026-08-27,2
simba-uw-tf-dev,3.0.3,US,2026-08-27,2
simba-uw-tf-dev,3.0.4,US,2026-08-27,2
simba-uw-tf-dev,3.0.5,US,2026-08-27,2
simba-uw-tf-dev,3.0.6,US,2026-08-27,2
simba-uw-tf-dev,3.0.7,US,2026-08-27,3
simba-uw-tf-dev,3.0.8,US,2026-08-27,2
simba-uw-tf-dev,3.0.9,US,2026-08-27,2
simba-uw-tf-dev,3.1.1,US,2026-08-27,2
simba-uw-tf-dev,3.1.2,US,2026-08-27,2
simba-uw-tf-dev,3.1.3,US,2026-08-27,2
simba-uw-tf-dev,3.1.4,US,2026-08-27,2
simba-uw-tf-dev,3.1.5,US,2026-08-27,2
simba-uw-tf-dev,3.1.6,US,2026-08-27,2
simba-uw-tf-dev,3.1.7,US,2026-08-27,2
simba-uw-tf-dev,3.1.8,US,2026-08-27,2
simba-uw-tf-dev,3.1.9,US,2026-08-27,2
simba-uw-tf-dev,3.2.1,US,2026-08-27,2
simba-uw-tf-dev,3.2.2,US,2026-08-27,2
simba-uw-tf-dev,3.2.3,US,2026-08-27,2
simba-uw-tf-dev,3.2.4,US,2026-08-27,2
simba-uw-tf-dev,3.2.5,US,2026-08-27,2
simba-uw-tf-dev,3.2.6,US,2026-08-27,2
simba-uw-tf-dev,3.2.7,US,2026-08-27,2
simba-uw-tf-dev,3.2.8,US,2026-08-27,2
simba-uw-tf-dev,3.2.9,US,2026-08-27,2
simba-uw-tf-dev,3.3.1,US,2026-08-27,2
simba-uw-tf-dev,3.3.2,US,2026-08-27,2
simba-uw-tf-dev,3.3.3,US,2026-08-27,2
simba-uw-tf-dev,3.3.6,US,2026-08-27,2
simba-uw-tf-dev,3.3.7,US,2026-08-27,2
simba-uw-tf-dev,3.3.8,US,2026-08-27,2
simba-uw-tf-dev,3.3.9,US,2026-08-27,2
simba-uw-tf-dev,3.4.1,US,2026-08-27,2
simba-uw-tf-dev,3.4.2,US,2026-08-27,2
simba-uw-tf-dev,3.4.3,US,2026-08-27,2
simba-uw-tf-dev,3.4.4,US,2026-08-27,2
simba-uw-tf-dev,3.4.5,US,2026-08-27,2
simba-uw-tf-dev,3.4.6,US,2026-08-27,2
simba-uw-tf-dev,3.4.7,US,2026-08-27,2
simba-uw-tf-dev,3.4.8,US,2026-08-27,2
simba-uw-tf-dev,3.4.9,US,2026-08-27,2
simba-uw-tf-dev,3.5.1,US,2026-08-27,2
simba-uw-tf-dev,3.5.2,US,2026-08-27,2
simba-uw-tf-dev,3.5.4,US,2026-08-27,3
simba-uw-tf-dev,3.5.5,US,2026-08-27,2
simba-uw-tf-dev,3.5.6,US,2026-08-27,2
simba-uw-tf-dev,3.5.7,US,2026-08-27,2
simba-uw-tf-dev,3.5.8,US,2026-08-27,2
simba-uw-tf-dev,3.5.9,US,2026-08-27,2
simba-uw-tf-dev,3.6.1,US,2026-08-27,2
simba-uw-tf-dev,3.6.2,US,2026-08-27,2
simba-uw-tf-dev,3.6.3,US,2026-08-27,2
simba-uw-tf-dev,3.6.4,US,2026-08-27,2
simba-uw-tf-dev,3.6.5,US,2026-08-27,2
simba-uw-tf-dev,3.6.6,US,2026-08-27,2
simba-uw-tf-dev,3.6.7,US,2026-08-27,2
simba-uw-tf-dev,3.6.8,US,2026-08-27,2
simba-uw-tf-dev,3.6.9,US,2026-08-27,2
simba-uw-tf-dev,3.7.1,US,2026-08-27,2
simba-uw-tf-dev,3.7.2,US,2026-08-27,2
simba-uw-tf-dev,3.7.3,US,2026-08-27,2
simba-uw-tf-dev,3.7.4,US,2026-08-27,2
simba-uw-tf-dev,3.7.5,US,2026-08-27,2
simba-uw-tf-dev,3.7.6,US,2026-08-27,2
simba-uw-tf-dev,3.7.7,US,2026-08-27,2
simba-uw-tf-dev,3.7.8,US,2026-08-27,2
simba-uw-tf-dev,3.7.9,US,2026-08-27,2
simba-uw-tf-dev,3.8.1,US,2026-08-27,2
simba-uw-tf-dev,3.8.2,US,2026-08-27,2
simba-uw-tf-dev,3.8.3,US,2026-08-27,2
simba-uw-tf-dev,3.8.4,US,2026-08-27,2
simba-uw-tf-dev,3.8.5,US,2026-08-27,2
simba-uw-tf-dev,3.8.6,US,2026-08-27,2
simba-uw-tf-dev,3.8.7,US,2026-08-27,2
simba-uw-tf-dev,3.8.8,US,2026-08-27,2
simba-uw-tf-dev,3.8.9,US,2026-08-27,2
simba-uw-tf-dev,3.9.2,US,2026-08-27,2
simba-uw-tf-dev,3.9.3,US,2026-08-27,2
simba-uw-tf-dev,3.9.4,US,2026-08-27,2
simba-uw-tf-dev,3.9.5,US,2026-08-27,2
simba-uw-tf-dev,3.9.6,US,2026-08-27,2
simba-uw-tf-dev,3.9.7,US,2026-08-27,2
simba-uw-tf-dev,3.9.8,US,2026-08-27,2
simba-uw-tf-dev,3.9.9,US,2026-08-27,2
simba-uw-tf-dev,4.0.1,US,2026-08-27,2
simba-uw-tf-dev,4.0.2,US,2026-08-27,2
simba-uw-tf-dev,4.0.3,US,2026-08-27,2
simba-uw-tf-dev,4.0.4,US,2026-08-27,2
simba-uw-tf-dev,4.0.5,US,2026-08-27,2
simba-uw-tf-dev,4.0.6,US,2026-08-27,2
simba-uw-tf-dev,4.0.7,US,2026-08-27,2
simba-uw-tf-dev,4.0.9,US,2026-08-27,2
simba-uw-tf-dev,4.1.1,US,2026-08-27,2
simba-uw-tf-dev,4.1.2,US,2026-08-27,2
simba-uw-tf-dev,4.1.3,US,2026-08-27,2
simba-uw-tf-dev,4.1.4,US,2026-08-27,2
simba-uw-tf-dev,4.1.5,US,2026-08-27,2
simba-uw-tf-dev,4.1.6,US,2026-08-27,2
simba-uw-tf-dev,4.1.7,US,2026-08-27,2
simba-uw-tf-dev,4.1.8,US,2026-08-27,2
simba-uw-tf-dev,4.1.9,US,2026-08-27,2
simba-uw-tf-dev,4.2.1,US,2026-08-27,2
simba-uw-tf-dev,4.2.2,US,2026-08-27,2
simba-uw-tf-dev,4.2.3,US,2026-08-27,2
simba-uw-tf-dev,4.2.4,US,2026-08-27,2
simba-uw-tf-dev,4.2.5,US,2026-08-27,2
simba-uw-tf-dev,4.2.6,US,2026-08-27,2
simba-uw-tf-dev,4.2.7,US,2026-08-27,2
simba-uw-tf-dev,4.2.8,US,2026-08-27,2
simba-uw-tf-dev,4.2.9,US,2026-08-27,2
simba-uw-tf-dev,4.3.1,US,2026-08-27,2
simba-uw-tf-dev,4.3.3,US,2026-08-27,2
simba-uw-tf-dev,4.3.4,US,2026-08-27,2
simba-uw-tf-dev,4.3.5,US,2026-08-27,2
simba-uw-tf-dev,4.3.6,US,2026-08-27,2
simba-uw-tf-dev,4.3.7,US,2026-08-27,2
simba-uw-tf-dev,4.3.8,US,2026-08-27,2
simba-uw-tf-dev,4.3.9,US,2026-08-27,2
simba-uw-tf-dev,4.4.1,US,2026-08-27,2
simba-uw-tf-dev,4.4.2,US,2026-08-27,2
simba-uw-tf-dev,4.4.3,US,2026-08-27,2
simba-uw-tf-dev,4.4.4,US,2026-08-27,2
simba-uw-tf-dev,4.4.5,US,2026-08-27,2
simba-uw-tf-dev,4.4.6,US,2026-08-27,2
simba-uw-tf-dev,4.4.7,US,2026-08-27,2
simba-uw-tf-dev,4.4.8,US,2026-08-27,2
simba-uw-tf-dev,4.4.9,US,2026-08-27,2
simba-uw-tf-dev,4.5.1,US,2026-08-27,2
simba-uw-tf-dev,4.5.2,US,2026-08-27,2
simba-uw-tf-dev,4.5.3,US,2026-08-27,2
simba-uw-tf-dev,4.5.4,US,2026-08-27,2
simba-uw-tf-dev,4.5.5,US,2026-08-27,2
simba-uw-tf-dev,4.5.6,US,2026-08-27,2
simba-uw-tf-dev,4.5.7,US,2026-08-27,2
simba-uw-tf-dev,4.5.8,US,2026-08-27,2
simba-uw-tf-dev,4.5.9,US,2026-08-27,2
simba-uw-tf-dev,4.6.1,US,2026-08-27,2
simba-uw-tf-dev,4.6.2,US,2026-08-27,2
simba-uw-tf-dev,4.6.3,US,2026-08-27,2
simba-uw-tf-dev,4.6.4,US,2026-08-27,2
simba-uw-tf-dev,4.6.6,US,2026-08-27,2
simba-uw-tf-dev,4.6.7,US,2026-08-27,2
simba-uw-tf-dev,4.6.8,US,2026-08-27,2
simba-uw-tf-dev,4.6.9,US,2026-08-27,2
simba-uw-tf-dev,4.7.1,US,2026-08-27,2
simba-uw-tf-dev,4.7.2,US,2026-08-27,2
simba-uw-tf-dev,4.7.3,US,2026-08-27,2
simba-uw-tf-dev,4.7.4,US,2026-08-27,2
simba-uw-tf-dev,4.7.5,US,2026-08-27,2
simba-uw-tf-dev,4.7.6,US,2026-08-27,2
simba-uw-tf-dev,4.7.7,US,2026-08-27,2
simba-uw-tf-dev,4.7.8,US,2026-08-27,2
simba-uw-tf-dev,4.7.9,US,2026-08-27,2
simba-uw-tf-dev,4.8.1,US,2026-08-27,2
simba-uw-tf-dev,4.8.2,US,2026-08-27,2
simba-uw-tf-dev,4.8.3,US,2026-08-27,2
simba-uw-tf-dev,4.8.4,US,2026-08-27,2
simba-uw-tf-dev,4.8.5,US,2026-08-27,2
simba-uw-tf-dev,4.8.6,US,2026-08-27,2
simba-uw-tf-dev,4.8.7,US,2026-08-27,2
simba-uw-tf-dev,4.8.8,US,2026-08-27,2
simba-uw-tf-dev,4.8.9,US,2026-08-27,2
simba-uw-tf-dev,4.9.1,US,2026-08-27,2
simba-uw-tf-dev,4.9.2,US,2026-08-27,2
simba-uw-tf-dev,4.9.3,US,2026-08-27,2
simba-uw-tf-dev,4.9.4,US,2026-08-27,2
simba-uw-tf-dev,4.9.5,US,2026-08-27,2
simba-uw-tf-dev,4.9.6,US,2026-08-27,2
simba-uw-tf-dev,4.9.7,US,2026-08-27,2
simba-uw-tf-dev,4.9.8,US,2026-08-27,2
simba-uw-tf-dev,4.9.9,US,2026-08-27,2
simba-uw-tf-dev,5.1.1,US,2026-08-27,2
simba-uw-tf-dev,5.1.2,US,2026-08-27,2
simba-uw-tf-dev,5.1.3,US,2026-08-27,2
simba-uw-tf-dev,5.1.4,US,2026-08-27,2
simba-uw-tf-dev,5.1.5,US,2026-08-27,2
simba-uw-tf-dev,5.1.6,US,2026-08-27,2
simba-uw-tf-dev,5.1.7,US,2026-08-27,2
simba-uw-tf-dev,5.1.8,US,2026-08-27,2
simba-uw-tf-dev,5.1.9,US,2026-08-27,2
simba-uw-tf-dev,5.2.1,US,2026-08-27,2
simba-uw-tf-dev,5.2.2,US,2026-08-27,2
simba-uw-tf-dev,5.2.3,US,2026-08-27,2
simba-uw-tf-dev,5.2.4,US,2026-08-27,2
simba-uw-tf-dev,5.2.5,US,2026-08-27,2
simba-uw-tf-dev,5.2.6,US,2026-08-27,2
simba-uw-tf-dev,5.2.7,US,2026-08-27,2
simba-uw-tf-dev,5.2.8,US,2026-08-27,2
simba-uw-tf-dev,5.2.9,US,2026-08-27,2
simba-uw-tf-dev,5.3.1,US,2026-08-27,2
simba-uw-tf-dev,5.3.2,US,2026-08-27,2
simba-uw-tf-dev,5.3.3,US,2026-08-27,1
simba-uw-tf-dev,5.3.4,US,2026-08-27,2
simba-uw-tf-dev,5.3.5,US,2026-08-27,2
simba-uw-tf-dev,5.3.6,US,2026-08-27,2
simba-uw-tf-dev,5.3.7,US,2026-08-27,2
simba-uw-tf-dev,5.3.8,US,2026-08-27,2
simba-uw-tf-dev,5.3.9,US,2026-08-27,2
simba-uw-tf-dev,5.4.1,US,2026-08-27,2
simba-uw-tf-dev,5.4.2,US,2026-08-27,2
simba-uw-tf-dev,5.4.3,US,2026-08-27,2
simba-uw-tf-dev,5.4.4,US,2026-08-27,2
simba-uw-tf-dev,5.4.5,US,2026-08-27,2
simba-uw-tf-dev,5.4.6,US,2026-08-27,3
simba-uw-tf-dev,5.4.7,US,2026-08-27,2
simba-uw-tf-dev,5.4.8,KR,2026-08-27,1
simba-uw-tf-dev,5.4.8,US,2026-08-27,2
simba-uw-tf-dev,5.4.9,KR,2026-08-27,1
simba-uw-tf-dev,5.4.9,US,2026-08-27,2
simba-uw-tf-dev,5.5.1,RU,2026-08-27,2
simba-uw-tf-dev,5.5.1,US,2026-08-27,3
simba-uw-tf-dev,5.5.2,AU,2026-08-27,2
simba-uw-tf-dev,5.5.2,CN,2026-08-27,4
simba-uw-tf-dev,5.5.2,DE,2026-08-27,5
simba-uw-tf-dev,5.5.2,FR,2026-08-27,3
simba-uw-tf-dev,5.5.2,JP,2026-08-27,4
simba-uw-tf-dev,5.5.2,NL,2026-08-27,2
simba-uw-tf-dev,5.5.2,RU,2026-08-27,4
simba-uw-tf-dev,5.5.2,US,2026-08-27,12
simba-uw-tf-dev,5.5.3,AU,2026-08-27,2
simba-uw-tf-dev,5.5.3,CN,2026-08-27,4
simba-uw-tf-dev,5.5.3,DE,2026-08-27,7
simba-uw-tf-dev,5.5.3,FR,2026-08-27,4
simba-uw-tf-dev,5.5.3,GB,2026-08-27,3
simba-uw-tf-dev,5.5.3,HK,2026-08-27,3
simba-uw-tf-dev,5.5.3,IE,2026-08-27,1
simba-uw-tf-dev,5.5.3,JP,2026-08-27,4
simba-uw-tf-dev,5.5.3,NL,2026-08-27,2
simba-uw-tf-dev,5.5.3,PH,2026-08-27,1
simba-uw-tf-dev,5.5.3,RO,2026-08-27,1
simba-uw-tf-dev,5.5.3,RU,2026-08-27,2
simba-uw-tf-dev,5.5.3,SG,2026-08-27,2
simba-uw-tf-dev,5.5.3,US,2026-08-27,18
