FRAMES (MILLIONS),NUMBA TIME (S),NUMBA TIME (STEV),NUMPY TIME (S),NUMPY TIME (STEV)
1,,,10.138,0.4589
2,,,16.894,0.264
4,,,33.813,0.3712255
8,,,73.43435,0.526412
16,,,134.0284325,0.858443488
32,,,270.4346202,1.3789
64,,,540.896359,1.781485522
7 BODY-PARTS PER FRAME,,,,
3 ITERATIONS,,,,
