FRAMES (MILLIONS),TIME (S),TIME (STEV)
1,5.901792,0.03747
5,29.46298,0.1477
10,58.5448,0.4426
20,115.383,1.782
3 ITERATIONS,,
