FRAMES (k),GPU (s),STDEV (s)
1,0.16022,0.125786
2,0.14428,0.003726
3,0.19769,0.005645
4,0.2571,0.006002
5,0.33574,0.017868
6,0.39921,0.026858
7,0.45734,0.0333
8,0.53216,0.015075
9,0.50257,0.023186
10,0.54235,0.090055
11,0.69896,0.00999
12,0.57932,0.0010399
13,0.63791,0.017
14,0.99677,0.1073426
15,1.56103,0.5308574
16,1.08143,0.082
17,1.39189,0.3308389
18,1.23648,0.1386822
19,1.39554,0.161
20,1.962,0.576
NVIDIA GeForce RTX 4070,,
REPEATS= 3,,
