FRAMES (THOUSANDS),GPU (s)
0.5,0.3419
1,0.52333
1.5,0.81614
2,1.0632
2.5,1.32399
3,1.61488
3.5,1.87857
4,2.30137
4.5,2.54736
5,2.90824
5.5,3.09271
