FRAMES (MILLION),**NUMPY** (S),**NUMPY** (STDEV),**NUMBA** (S),**NUMBA** (STDEV)
1,0.02587,0.003,0.36039,0.00569
10,0.19996,0.00484,3.31322,0.01281
20,0.38827,0.000451,6.61436,0.028066
40,0.78,0.026,13.37,0.234
80,1.5313,0.024014,27.597,0.106101
160,3.2029,0.1515,55.829,0.1563
ITERATIONS:3,,,,
Intel(R) Core(TM) i9-14900KF,,,,
