READ FRAME COUNT,TIME (S),STDEV (S)
1000,7.149766667,1.001209181
2000,8.874533333,0.258467219
REPEATS = 3,,
RESOLUTION: 670 x 530,,
CORES: 24,,
