CSV DISK SIZE (MB),TIME (S),STDEV TIME (S)
257,0.682866667,0.063618891
643,1.551066667,0.048732057
6435,22.01703333,0.612539014
7722,39.37053333,8.153716055
