FRAMES (MILLIONS),GPU (s),GPU (STDEV)
2,0.04253,0.002
4,0.06979,0
8,0.14922,0.015
16,0.34029,0.062
32,0.48812,0.012
64,1.0269,0.059
128,2.16228,0.156
256,4.15671,0.027
512,11.4188,2.501
1000,28.76021,2.59123
NVIDIA GeForce RTX 4070,,
BATCH_SIZE: 3e+7,,
REPEATS 5,,
