FRAMES (MILLIONS),GPU (s),GPU (STDEV)
2,0.02531,0.00328
4,0.04003,0.00533
8,0.07184,0.01016
16,0.12379,0.01608
32,0.2542,0.03084
64,0.52848,0.05978
128,1.05474,0.16997
256,1.93246,0.07944
512,4.45524,0.07773
1000,8.46498,0.33432
NVIDIA GeForce RTX 4070,,
BATCH_SIZE: 3e+7,,
REPEATS 5,,
