FRAMES (MILLIONS),GPU (s),GPU (STDEV)
1,0.0755,0.07201
2,0.03908,0.00131
4,0.0726,0.00205
8,0.13196,0.00872
16,0.26056,0.01587
32,0.60962,0.07974
64,1.01012,0.02032
128,2.05793,0.15376
256,4.08802,0.14152
512,14.67234,3.66222
1000,27.43026,3.35774
