FRAMES (MILLIONS),GPU (s),GPU (STDEV)
2,0.055,0.199
4,0.115,0.005
8,0.239,0.003
16,0.398,0.023
32,0.768,0.012
64,1.596,0.04
128,3.118,0.131
256,6.84703,0.73121
512,12.36,0.122
1024,25.17,0.075
NVIDIA GeForce RTX 4070,,
BATCH_SIZE: 3e+7,,
REPEATS 5,,
