FRAMES (MILLIONS),GPU TIME (S),GPU TIME (STEV)
2,0.5252,0.00063
4,1.0396,0.00099
8,2.0821,0.00231
16,4.2678,0.070249
32,8.4416,0.121225
64,16.941,0.097708
128,34.092,0.03986
256,68.052,0.27862
512,138.78118,3.755006
NVIDIA GeForce RTX 4070,,
time window = 2.5s @ 30 FPS,,
3 ITERATIONS,,
