OBSERVATIONS (MILLIONS),TIME (S),STDEV (S)
3600,31.95222333,1.035132203
7200,45.07845,1.315006481
18000,139.1806667,2.15158503
18 cors,,
REPEATS = 3,,
